concentration_ppb,E_-0.8999,E_-0.8897,E_-0.8795,E_-0.8693,E_-0.8590,E_-0.8488,E_-0.8386,E_-0.8284,E_-0.8182,E_-0.8080,E_-0.7978,E_-0.7876,E_-0.7774,E_-0.7672,E_-0.7570,E_-0.7468,E_-0.7366,E_-0.7263,E_-0.7161,E_-0.7059,E_-0.6957,E_-0.6855,E_-0.6753,E_-0.6651,E_-0.6549,E_-0.6447,E_-0.6345,E_-0.6243,E_-0.6141,E_-0.6039,E_-0.5937,E_-0.5834,E_-0.5732,E_-0.5630,E_-0.5528,E_-0.5426,E_-0.5324,E_-0.5222,E_-0.5120,E_-0.5018,E_-0.4916,E_-0.4814,E_-0.4712,E_-0.4610,E_-0.4507,E_-0.4405,E_-0.4303,E_-0.4201,E_-0.4099,E_-0.3997,E_-0.3895,E_-0.3793,E_-0.3691,E_-0.3589,E_-0.3487,E_-0.3385,E_-0.3283,E_-0.3180,E_-0.3078,E_-0.2976,E_-0.2874,E_-0.2772,E_-0.2670,E_-0.2568,E_-0.2466,E_-0.2364,E_-0.2262,E_-0.2160,E_-0.2058,E_-0.1956,E_-0.1853,E_-0.1751,E_-0.1649,E_-0.1547,E_-0.1445,E_-0.1343,E_-0.1241,E_-0.1139,E_-0.1037,E_-0.0935,E_-0.0833,E_-0.0731,E_-0.0629,E_-0.0526,E_-0.0424,E_-0.0322,E_-0.0220,E_-0.0118,E_-0.0016
0,-6.776,-7.378,-7.427,-7.427,-6.972,-2.324,1.785,5.11,7.97,10.52,12.58,9.46,7.04,5.18,3.49,2.555,1.526,1.008,0.385,0.448,0.623,0.364,0.623,1.253,1.379,1.55,1.911,1.767,1.701,1.552,1.368,1.372,1.134,1.295,0.679,0.64,0.41,0.206,0.115,0.266,0.199,-0.207,0,0.22,0,0.227,0.367,0.56,0.728,1.109,1.4,1.648,1.932,2.152,2.131,2.243,2.051,1.648,1.75,1.536,1.743,1.249,1.253,1.19,1.225,1.449,1.701,1.68,1.732,1.386,1.778,1.54,1.687,1.757,1.582,1.855,2.093,2.327,2.25,3.01,3.11,3.44,3.42,3.91,3.82,4.23,4.07,4.45,4.64
0,-6.422,-6.702,-6.527,-0.906,4.602,9.212,13.182,16.502,18.922,15.142,11.642,8.742,6.762,4.692,3.294,2.202,1.418,0.592,0.368,0.41,0.186,0.333,0.781,0.816,1.194,1.407,1.768,1.362,1.47,1.446,1.187,0.812,0.98,0.76,0.399,0.347,0.161,-0.077,-0.038,0,-0.175,-0.125,-0.164,-0.161,0,0.063,0.259,0.543,0.721,1.323,1.764,1.754,2.093,2.576,2.237,2.209,2.125,1.988,1.673,1.586,1.467,1.341,1.267,1.6,1.537,1.306,1.459,1.523,1.47,1.799,1.673,1.449,1.449,1.715,1.348,1.722,1.96,2.121,2.212,2.387,2.841,2.933,2.902,3.103,3.569,3.355,3.7,3.832,4.142
0,-5.355,-6.146,-6.741,-7.098,-1.337,2.772,6.436,9.426,11.776,13.946,10.846,8.186,6.136,4.506,3.087,2.177,1.386,0.861,0.595,0.546,0.567,0.637,1.092,1.232,1.33,1.487,1.841,1.683,1.568,1.627,1.424,1.071,1.225,0.91,0.773,0.409,0.78,0.343,0.133,0.266,0.14,0.105,0.059,0.147,0,-0.077,0.171,0.36,0.402,0.822,1.393,1.186,1.494,1.631,1.683,1.494,1.904,1.365,1.039,1.183,1.102,0.885,0.724,1.018,0.756,0.805,0.926,1.085,1.057,1.053,1.155,0.854,1.281,1.071,1.312,1.393,1.722,1.697,1.795,2.327,2.866,2.562,2.583,3.276,3.472,3.034,3.57,3.856,3.686
0,-6.433,-6.202,-3.157,3.647,9.459,14.509,18.979,23.979,20.419,16.249,12.739,9.859,7.509,5.399,3.819,2.723,1.82,1.057,0.665,0.651,0.469,0.728,0.98,1.603,1.081,1.928,1.68,1.96,1.641,1.851,1.396,1.256,1.088,1.011,0.836,0.511,0.745,0.213,0.157,0.038,-0.011,0.046,0.014,0.021,0,0.115,0.511,0.416,0.696,1.214,1.624,1.414,2.023,2.117,1.981,1.599,2.17,1.757,1.414,1.554,1.158,1.33,1.109,1.596,1.284,1.242,1.38,1.508,1.484,1.844,2.019,1.669,1.379,2.229,1.599,2.117,2.261,2.919,2.436,3.125,3.423,3.709,3.729,4.069,4.319,4.419,4.529,5.209,4.899
0,-5.82,-6.716,-2.747,1.726,5.606,8.846,11.816,14.286,12.606,10.116,8.086,6.316,5.236,4.286,3.63,3.504,3.791,3.956,4.746,5.916,6.776,7.356,8.116,8.336,7.796,7.356,6.786,5.866,4.926,4.496,3.784,3.066,2.702,2.251,1.687,1.309,1.152,0.672,0.336,0.333,0.203,0.025,-0.014,0.084,0,0.07,0.389,0.434,0.557,0.9,1.068,0.98,1.145,1.218,0.987,0.798,0.84,0.627,0.333,0.385,0.357,0.189,0.228,0.266,0.336,0.312,0.585,0.588,0.604,0.637,0.604,0.464,0.564,0.865,0.881,0.952,1.36,1.577,1.658,1.99,2.317,2.268,2.41,2.739,2.781,2.786,3.234,3.555,3.691
0,-6.398,-6.468,-5.831,-5.942999,-1.484,2.359,5.624,8.474,11.004,13.024,10.334,8.164,6.524,5.244,4.046,3.556,3.409,3.248,3.668,4.644,5.534,6.384,7.584,8.244,8.194,8.104,7.854,6.884,5.984,5.414,4.554,3.731,3.283,2.751,2.121,1.743,1.47,1.043,0.644,0.616,0.399,0.147,0.14,0.168,0,0.056,0.315,0.322,0.336,0.728,0.889,0.896,1.106,1.246,1.05,0.924,1.029,0.819,0.56,0.581,0.553,0.35,0.399,0.386,0.399,0.395,0.696,0.752,0.693,0.868,0.973,0.815,0.882,1.048,1.071,1.101,1.493,1.741,1.797,2.193,2.548,2.551,2.749,3.096,3.141,3.118,3.496,3.719,3.724
0,-5.537,-6.685,-6.587,-6.23,-2.471,2.128,6.005,9.195,11.945,14.725,12.505,9.845,7.925,6.395,4.925,4.325,4.005,3.731,3.945,4.835,5.665,6.415,7.545,8.215,8.095,7.975,7.735,6.815,5.955,5.415,4.715,3.815,3.36,2.968,2.205,1.806,1.568,1.106,0.672,0.574,0.392,0.098,0.126,0.182,0,0.119,0.336,0.406,0.469,0.826,1.085,1.099,1.351,1.568,1.358,1.225,1.344,1.085,0.819,0.84,0.805,0.574,0.623,0.598,0.602,0.758,0.896,0.934,0.812,0.952,1.032,0.861,0.924,0.977,1.043,1.08,1.458,1.68,1.731,2.105,2.467,2.48,2.644,3.015,3.047,3.029,3.402,3.659,3.677
0,-6.72,-6.769,-6.643,-6.167,-1.008,3.15,6.591,9.731,12.421,13.921,11.011,8.631,6.961,5.511,4.461,3.811,3.682,3.605,4.021,5.091,5.941,6.721,7.871,8.351,8.141,8.021,7.591,6.571,5.671,5.181,4.401,3.552,3.146,2.677,2.03,1.645,1.351,0.934,0.511,0.5,0.297,0.035,0.045,0.024,0,0.017,0.301,0.381,0.427,0.794,1.008,1.036,1.218,1.372,1.193,1.015,1.109,0.927,0.647,0.703,0.686,0.483,0.542,0.571,0.63,0.63,0.764,0.945,0.85,1.015,1.12,0.92,0.98,1.057,1.134,1.193,1.631,1.871,1.965,2.348,2.728,2.723,2.907,3.272,3.292,3.286,3.721,4.021,4.071
0,-5.39,-5.894,-6.146,-5.929,-2.506,2.247,6.247,9.817,12.517,15.487,14.457,11.687,9.717,7.997,6.217,5.387,4.747,3.64,3.402,3.241,3.269,3.143,3.493,3.853,3.818,4.487,4.477,4.245,4.249,4.028,3.685,3.122,3.017,2.548,1.788,1.494,1.449,0.962,0.619,0.56,0.339,0.248,0.255,0.241,0,0.052,0.325,0.336,0.203,0.668,0.5,0.619,0.689,0.767,0.92,0.84,0.99,1.057,0.752,0.759,0.681,0.591,0.619,0.64,0.672,0.675,0.952,0.717,0.94,1.015,0.959,0.877,0.882,0.863,0.829,0.797,0.98,1.245,1.301,1.7,2.023,2.03,2.602,2.688,2.712,2.926,3.103,3.257,3.496
0,-6.132,-1.631,4.123,9.171,13.361,17.181,20.401,18.881,15.691,12.981,10.531,8.481,6.781,5.561,4.251,3.374,2.905,2.317,1.883,2.086,1.792,2.03,2.31,2.422,2.636,2.912,2.901,2.688,2.411,2.443,2.054,1.603,1.508,1.295,0.906,0.742,0.605,0.357,0.112,0.185,0.115,-0.049,-0.014,-0.013,0,0.01,0.5,0.287,0.49,0.826,0.969,1.316,1.305,1.464,1.662,1.571,1.59,1.613,1.512,1.473,1.673,1.193,1.361,1.515,1.302,1.487,1.624,1.666,1.659,1.683,1.699,1.563,1.839,1.648,1.574,1.841,1.858,1.974,2.215,2.334,2.665,2.677,2.877,3.071,3.089,3.294,3.509,3.509,3.465
0,-5.402,-4.569,-5.458,-4.702,-3.19,0.968,4.566,7.466,10.016,12.366,12.386,9.896,8.096,6.506,5.166,4.132,3.67,2.795,2.242,2.396,2.06,1.969,2.088,2.326,2.214,2.62,2.651,2.427,2.371,2.632,2.095,1.799,1.86,1.531,1.12,0.793,0.905,0.46,0.271,0.168,0.089,0.054,0.026,0.018,0,0.075,0.169,0.22,0.373,0.492,0.634,0.748,0.886,1.062,1.151,1.183,1.23,1.149,1.097,1.087,1.127,1.015,0.941,1.08,1.186,1.154,1.415,1.512,1.535,1.545,1.694,1.666,1.676,1.661,1.684,1.538,1.762,1.908,1.991,2.182,2.448,2.725,2.807,3.024,3.008,3.138,3.481,3.507,3.467
0,-5.467,-5.313,-4.648,-5.229,-4.41,-2.275,2.317,6.255,9.585,12.805,15.275,14.345,11.745,9.605,7.595,6.265,5.505,4.039,3.43,3.017,2.73,1.974,2.268,1.739,1.743,1.463,1.767,1.533,1.696,1.839,1.538,1.402,1.414,1.272,0.742,0.775,0.6,0.238,0.115,0.238,0.077,0.18,0.203,0.203,0,0.08,0.188,0.334,0.338,0.446,0.894,0.812,0.917,1.102,1.129,1.055,1.244,1.113,1.034,1.155,1.006,0.803,0.85,0.88,1.092,0.854,1.172,1.169,1.22,1.26,1.279,1.153,1.202,1.025,1.167,1.065,1.346,1.473,1.526,1.829,2.198,2.436,2.49,2.865,2.945,2.826,3.659,3.393,3.836
0,-6.275,-6.345,-6.079,-4.854,0.13,4.409,8.189,11.229,14.079,15.499,12.449,9.899,8.139,6.569,5.209,4.389,3.777,3.028,2.699,2.839,2.524,2.576,2.965,3.105,3.056,3.367,3.567,3.308,3.073,3.059,2.639,2.156,1.929,1.649,1.159,0.896,0.784,0.438,0.27,0.294,0.2,0.193,0.133,0.144,0,0.077,0.294,0.312,0.329,0.62,0.679,0.672,0.847,0.984,0.833,0.795,0.945,0.816,0.588,0.669,0.672,0.459,0.532,0.527,0.557,0.56,0.777,0.692,0.571,0.79,0.895,0.727,0.637,1.038,0.998,1.064,1.432,1.593,1.644,2.013,2.321,2.296,2.529,2.902,2.949,2.991,3.392,3.632,3.689
0,-5.354,-4.612,-3.59,1.107,5.265,8.855,12.065,14.685,15.265,12.555,10.085,8.085,6.655,5.425,4.313,3.676,3.172,2.479,2.157,2.206,1.919,1.66,1.87,1.835,1.695,1.793,1.887,1.667,1.431,1.537,1.319,0.895,0.811,0.583,0.272,0.246,0.165,0.062,-0.087,-0.076,-0.154,-0.132,-0.026,0.039,0,0.236,0.416,0.501,0.701,1.063,1.245,1.28,1.558,1.75,1.688,1.576,1.765,1.702,1.616,1.491,1.504,1.393,1.389,1.609,1.62,1.713,1.782,1.84,1.677,1.76,1.817,1.723,1.629,1.876,1.945,1.874,2.243,2.75,2.792,3.142,3.42,3.382,3.562,3.898,3.921,3.93,4.301,4.558,4.623
0,-5.562,-5.625,-5.198,-5.4955,-5.667,-5.492,-3.252,1.326,5.27,8.83,11.6,14.24,14.56,11.92,9.64,8.05,6.78,5.48,4.686,4.196,3.531,2.845,2.768,2.53,1.956,1.847,1.812,1.452,1.308,1.473,1.28,1.014,0.971,0.874,0.552,0.481,0.335,0.053,-0.011,0.053,-0.098,-0.138,-0.071,-0.053,0,0.034,0.089,0.092,0.12,0.429,0.559,0.593,0.84,0.995,0.993,1.089,1.242,1.218,1.208,1.167,1.125,1.066,1.157,1.221,1.215,1.347,1.412,1.541,1.462,1.589,1.736,1.618,1.491,1.682,1.697,1.539,1.795,1.974,1.982,2.217,2.597,2.791,3.093,3.263,3.515,3.578,3.989,4.189,4.18
0,-5.515,-5.319,-5.354,-4.857,-5.459,-5.025003,0.617,5.012,9.082,12.302,15.222,16.872,13.892,11.372,9.132,7.632,6.342,5.052,4.131,3.662,2.941,2.36,2.185,1.842,1.401,1.31,1.268,0.918,0.816,0.974,0.774,0.55,0.638,0.578,0.337,0.151,0.262,0.052,-0.027,-0.147,-0.292,-0.22,-0.123,-0.094,0,0.083,0.134,0.18,0.267,0.488,0.521,0.621,0.827,0.978,1.005,1.04,1.135,1.114,1.087,1.039,1.061,0.932,0.876,1.024,1.031,0.939,1.145,1.295,1.215,1.294,1.412,1.367,1.397,1.384,1.425,1.302,1.558,1.756,1.801,2.001,2.367,2.525,2.911,3.263,3.34,3.401,3.741,3.944,3.921
0,-5.355,-5.313,-5.215,-2.198,3.087,7.576,11.316,14.566,17.306,16.516,13.366,10.686,8.796,7.156,5.606,4.711,3.948,3.01,2.478,2.247,1.736,1.267,1.288,0.941,0.563,0.682,0.483,0.329,0.241,0.311,0.199,0.052,-0.028,-0.012,-0.214,-0.172,-0.042,-0.197,-0.303,-0.271,-0.267,-0.195,-0.146,-0.06,0,0.143,0.222,0.369,0.507,0.673,0.756,0.847,0.934,1.055,1.021,0.931,1.016,0.968,0.795,0.817,0.86,0.835,0.811,0.976,1.054,0.948,1.137,1.233,1.105,1.145,1.22,1.193,1.083,1.308,1.425,1.362,1.666,1.921,1.984,2.217,2.572,2.831,2.998,3.362,3.425,3.503,3.915,4.174,4.305
0,-4.926,-4.793,-3.96,-4.961,-0.649,3.999,7.976,11.546,14.476,18.036,14.676,11.746,9.506,7.536,5.866,4.685,3.74,2.732,2.109,1.696,1.164,0.786,0.632,0.373,0.142,0.037,0.016,-0.222,-0.271,-0.117,-0.264,-0.369,-0.25,-0.278,-0.404,-0.418,-0.38,-0.352,-0.345,-0.114,-0.079,-0.121,-0.047,0.012,0,-0.004,0.137,0.215,0.391,0.582,0.781,0.964,1.168,1.357,1.447,1.553,1.703,1.728,1.7,1.67,1.699,1.646,1.617,1.75,1.838,1.69,1.913,2.078,2.022,2.065,2.289,2.129,1.925,2.061,2.096,1.942,2.145,2.311,2.341,2.507,2.847,3.101,3.301,3.631,3.694,3.721,4.025,4.148,4.111
0,-4.481,-5.174,-5.23,-4.859,-4.376,-5.048,-3.081,1.973,6.322,10.072,13.352,16.122,16.822,13.812,11.292,9.472,8.082,6.602,5.602,5.095,4.227,3.415,3.198,2.669,2.022,1.899,1.763,1.255,1.028,1.042,0.835,0.597,0.688,0.552,0.317,0.328,0.212,0.132,0.072,0.274,0.305,0.221,0.076,0.067,0,0.163,0.331,0.31,0.412,0.688,0.663,0.793,1.053,1.24,1.195,1.302,1.396,1.378,1.351,1.297,1.331,1.195,1.169,1.332,1.318,1.431,1.484,1.59,1.532,1.68,1.84,1.797,1.899,1.962,1.997,1.891,2.232,2.452,2.501,2.754,3.19,3.457,3.697,4.138,4.271,4.339,4.754,4.979,4.985
0,-5.67,-5.348,-5.6035,-5.635,-5.761,-2.303,2.415,6.348,9.808,12.918,15.598,14.568,12.058,9.888,8.018,6.738,5.808,4.683,4.032,3.71,3.017,2.415,2.233,1.897,1.365,1.235,1.102,0.672,0.574,0.602,0.427,0.178,0.318,0.322,0.052,-0.04,0.126,-0.056,-0.075,-0.148,-0.199,-0.216,0,0.089,0,0.262,0.429,0.417,0.574,0.891,1.076,1.13,1.419,1.66,1.567,1.623,1.834,1.739,1.733,1.676,1.684,1.507,1.514,1.743,1.718,1.826,1.868,1.974,1.824,1.975,2.097,1.96,1.874,2.007,2.117,2.077,2.446,2.865,2.891,3.258,3.603,3.635,3.904,4.329,4.394,4.489,4.928,5.178,5.248
0,-4.926,-4.044,-4.765,-3.764,1.479,5.95,9.79,13.04,15.76,16.84,13.43,10.65,8.67,6.85,5.3,4.384,3.516,2.669,1.948,1.752,1.269,0.842,0.772,0.569,0.17,0.208,0.051,-0.166,-0.086,-0.138,-0.068,-0.121,-0.107,-0.173,-0.481,-0.511,-0.496,-0.502,-0.401,-0.321,-0.309,-0.233,-0.155,-0.06,0,0.117,0.237,0.315,0.428,0.539,0.668,0.741,0.774,0.915,0.866,0.899,0.939,0.834,0.75,0.747,0.747,0.748,0.803,0.823,0.893,0.983,1.093,1.122,1.006,1.105,1.271,1.252,1.073,1.231,1.357,1.251,1.509,1.776,1.902,2.071,2.35,2.511,2.546,2.934,3.313,3.112,3.584,3.782,3.976
0,-5.121,1.893,7.861,12.871,17.071,20.791,23.321,19.131,15.651,12.831,10.141,8.001,6.431,4.941,3.636,2.915,2.215,1.48,1.011,0.99,0.486,0.437,0.248,0.115,-0.151,-0.186,-0.267,-0.389,-0.34,-0.349,-0.333,-0.333,-0.281,-0.316,-0.361,-0.249,-0.116,-0.165,-0.211,-0.034,0.02,-0.029,-0.033,-0.069,0,0.215,0.589,0.537,0.742,1.182,1.585,1.688,2.029,2.557,2.611,2.574,2.654,2.743,2.686,2.594,2.512,2.434,2.456,2.454,2.424,2.232,2.454,2.671,2.525,2.838,2.754,2.775,2.754,2.752,2.638,2.644,2.952,3.153,3.057,3.317,3.837,3.755,3.977,4.271,4.601,4.471,4.711,5.211,5.021
0,-4.901,-5.468,-4.558,-5.342,-4.593,0.797,5.337,9.187,12.377,15.297,16.887,13.727,11.427,9.137,7.557,6.597,5.217,4.619,3.744,3.422,3.079,2.428,2.281,1.605,1.035,1.108,1.129,0.643,0.408,0.59,0.527,0.38,0.331,0.048,-0.087,-0.041,-0.042,-0.082,0.041,0.152,-0.062,-0.241,-0.202,-0.103,0,0.032,0.378,0.172,0.371,0.578,0.779,0.872,0.926,1.185,1.184,1.028,1.339,1.2,1.008,1.128,1.191,1.041,1.026,1.207,1.271,1.419,1.595,1.602,1.568,1.695,1.906,1.893,2,2.064,2.137,2.019,2.447,2.701,2.718,3.263,3.476,3.551,3.739,4.404,4.223,4.47,4.877,5.187,5.267
0,-4.322,-5.078,-4.371,-5.001,-4.028,-5.26,-1.48,3.217,7.366,10.986,13.946,16.696,15.476,12.936,10.376,8.896,7.636,6.286,5.336,4.568,4.344,3.091,3.441,2.38,2.034,1.61,1.652,1.309,0.907,0.847,1.015,0.616,0.77,0.525,0.203,0.352,0.27,0.198,-0.087,0.251,-0.153,-0.266,-0.119,0.011,0,0.209,0.258,0.343,0.441,0.584,0.777,0.752,0.93,1.063,1.072,1.129,1.238,1.183,1.115,1.064,1.129,1.001,0.987,1.147,1.175,1.283,1.338,1.471,1.402,1.505,1.662,1.633,1.664,1.715,1.645,1.615,1.906,2.152,2.067,2.421,2.716,3.136,3.247,3.439,3.717,3.868,4.123,4.36,4.321
100,-6.646,-6.051,-7.01,-4.644,1.502,6.718,11.118,14.888,18.068,17.888,13.888,10.618,7.998,5.768,3.978,2.573,1.677,0.718,0.256,0.137,-0.066,-0.136,0.144,0.494,0.536,0.718,1.022,0.861,0.58,0.833,0.644,0.307,0.3,0.203,-0.061,-0.134,-0.047,-0.227,-0.423,-0.161,-0.215,-0.39,-0.161,0.072,0,0.195,0.734,0.916,0.961,1.588,1.882,1.932,2.366,2.823,2.825,3.07,3.708,4.078,4.408,5.408,6.498,7.488,9.218,11.558,13.678,15.848,18.408,20.218,20.898,21.478,20.928,18.718,16.548,14.648,11.978,9.598,8.298,6.888,5.568,5.018,4.688,4.068,3.878,4.068,3.928,3.798,4.228,4.498,4.508
100,-7.955,-2.012,4.122,9.242,13.662,17.532,21.562,17.592,14.012,11.002,8.342,6.062,4.502,3.102,1.796,1.04,0.389,-0.164,-0.465,-0.381,-0.43,-0.43,-0.059,0.207,0.056,0.273,0.494,0.237,0.037,0.216,-0.019,-0.246,-0.124,-0.091,-0.35,-0.39,-0.201,-0.385,-0.273,-0.257,-0.252,-0.439,-0.196,0.041,0,0.193,0.753,0.867,0.975,1.502,1.827,1.883,2.293,2.752,2.932,3.192,4.022,4.452,4.922,6.092,7.352,8.422,10.112,12.472,14.462,16.392,18.552,20.132,20.592,21.032,20.372,18.252,16.192,14.402,11.892,9.642,8.362,6.982,5.662,5.092,4.712,4.072,3.832,3.992,3.802,3.652,4.062,4.262,4.232
100,-6.258,-5.425,-5.152,1.288,6.915,11.645,15.705,19.155,20.115,16.085,12.495,9.585,7.215,5.255,3.528,2.373,1.477,0.644,0.154,0.021,-0.098,-0.182,0.077,0.28,0.294,0.42,0.672,0.535,0.276,0.413,0.252,0.023,0.073,0.035,-0.2,-0.235,-0.11,-0.303,-0.415,-0.236,-0.261,-0.357,-0.205,0.051,0,0.196,0.705,0.845,1.004,1.585,1.832,1.925,2.313,2.704,2.8,2.949,3.556,3.865,4.155,5.085,6.055,7.005,8.515,10.635,12.565,14.485,17.355,18.575,19.245,19.835,19.385,17.475,15.505,13.765,11.335,9.135,7.865,6.535,5.295,4.735,4.375,3.801,3.57,3.71,3.545,3.405,3.741,3.925,3.915
100,-5.53,-1.372,2.66,6.06,8.97,11.84,10.11,7.81,5.87,4.58,3.07,1.87,1.21,0.44,-0.392,-0.7,-0.833,-1.33,-1.456,-1.134,-1.225,-1.124,-1.099,-1.036,-1.293,-1.171,-0.984,-1.122,-0.999,-0.917,-0.975,-1.157,-0.833,-0.667,-0.849,-0.739,-0.682,-0.527,-0.614,-0.2,-0.16,-0.383,-0.08,0.23,0,0.24,0.78,0.94,1.01,1.65,2.02,2.12,2.65,3.25,3.34,3.68,4.56,4.86,5.2,6.18,7.12,7.82,9.22,11.25,12.8,13.99,16.53,18.13,18.98,20.04,20.12,18.64,17.18,15.81,13.53,11.33,10.2,8.83,7.47,6.98,6.72,6.06,5.89,6.24,6.1,5.96,6.5,6.81,6.77
10,-5.782,-7.336,-7.203,-6.538,-7.133,-4.375,0,3.801,6.841,9.561,11.841,10.811,8.341,6.051,4.201,2.933,1.995,0.994,0.567,0.434,0.238,0.168,0.504,0.756,0.784,1.064,1.494,1.365,1.295,1.543,1.396,1.085,1.078,0.98,0.64,0.56,0.598,0.364,0.105,0.28,0.178,-0.032,0.077,0.21,0,0.115,0.518,0.595,0.77,1.302,1.655,1.774,2.117,2.467,2.348,2.292,2.499,2.299,2.023,2.156,2.191,1.963,2.142,2.478,2.474,2.583,3.195,3.401,3.401,3.731,3.871,3.521,3.441,3.521,3.202,2.922,3.157,3.195,3.038,3.331,3.691,3.611,3.751,3.961,4.251,4.211,4.691,4.941,4.901
10,-7.052,-7.241,-6.429,-0.598,4.136,8.266,11.796,14.636,16.166,12.796,9.746,7.226,5.386,3.836,2.517,1.565,1.012,0.326,0.123,0.151,0.172,0.151,0.641,0.844,0.935,1.155,1.432,1.197,0.947,1.117,0.924,0.581,0.643,0.601,0.305,0.252,0.268,0.065,-0.192,0.06,-0.05,-0.206,-0.07,0.13,0,0.2,0.688,0.907,1.157,1.812,2.191,2.361,2.727,3.068,2.82,2.713,2.865,2.597,2.233,2.354,2.319,2.064,2.272,2.538,2.613,2.687,3.266,3.416,3.346,3.616,3.636,3.226,3.117,3.147,2.793,2.552,2.774,2.785,2.669,2.916,3.226,3.107,3.256,3.636,3.626,3.586,4.016,4.296,4.296
10,-7.752,-7.36,-6.408,-0.836,3.642,7.512,10.892,13.792,14.812,11.662,8.812,6.532,4.792,3.372,2.118,1.348,0.851,0.193,-0.073,0.102,-0.031,-0.038,0.389,0.55,0.529,0.812,1.092,0.914,0.784,0.998,0.821,0.531,0.634,0.422,0.261,0.261,0.392,0.14,-0.047,0.174,0.076,-0.143,0,0.217,0,0.168,0.688,0.826,0.963,1.568,1.915,1.903,2.211,2.559,2.305,2.183,2.492,2.244,1.98,2.179,2.214,2.004,2.23,2.642,2.652,2.772,3.412,3.552,3.522,3.822,3.912,3.532,3.462,3.632,3.342,3.092,3.412,3.492,3.342,3.702,4.052,3.952,4.072,4.262,4.542,4.482,5.012,5.312,5.262
10,-7.255,-7.458,-7.199,-7.388,-1.27,3.837,8.107,11.777,14.847,16.947,13.117,9.957,7.497,5.447,3.707,2.475,1.628,0.781,0.389,0.326,0.165,0.137,0.522,0.76,0.777,1.11,1.463,1.313,1.208,1.418,1.18,0.9,1.012,0.952,0.515,0.483,0.487,0.203,0.032,0.165,0.095,-0.14,0.028,0.165,0,0.151,0.578,0.658,0.823,1.407,1.74,1.806,2.209,2.429,2.254,2.198,2.38,2.188,1.911,2.055,2.037,1.866,2.062,2.412,2.468,2.636,3.237,3.447,3.407,3.677,3.797,3.457,3.347,3.467,3.127,2.902,3.207,3.257,3.157,3.477,3.837,3.727,3.877,4.347,4.337,4.277,4.787,5.087,5.107
10,-6.769,-6.027,-6.804,-1.883,2.324,5.809,9.049,11.669,14.379,11.639,9.219,7.219,5.939,4.869,3.959,3.679,3.749,3.749,4.439,5.669,6.169,7.019,7.969,8.239,7.849,7.499,7.069,6.029,5.169,4.739,3.959,3.206,2.821,2.373,1.771,1.428,1.246,0.679,0.42,0.42,0.224,0.007,0.098,0.133,0,0.112,0.434,0.504,0.574,0.98,1.176,1.12,1.337,1.463,1.211,1.106,1.197,1.022,0.798,0.91,0.945,0.805,1.008,1.309,1.365,1.533,2.037,2.184,2.156,2.457,2.59,2.303,2.289,2.219,2.205,2.273,2.359,2.31,2.187,2.464,2.688,2.548,2.67,2.817,3.027,3.024,3.493,3.799,3.889
10,-6.237,-5.509,-6.713,-6.748,-3.213,0.749,3.974,6.814,9.254,11.074,10.094,7.974,6.394,5.094,3.924,3.437,3.283,3.164,3.591,4.694,5.474,6.384,7.634,8.344,8.334,8.314,8.004,6.974,6.054,5.554,4.664,3.773,3.339,2.821,2.1,1.771,1.54,1.029,0.651,0.686,0.413,0.161,0.217,0.189,0,0.091,0.378,0.371,0.427,0.812,1.001,0.945,1.183,1.4,1.015,1.106,1.225,1.043,0.861,0.994,1.036,0.854,1.05,1.365,1.393,1.554,2.086,2.261,2.303,2.639,2.807,2.562,2.576,2.772,2.513,2.331,2.611,2.604,2.464,2.73,2.908,2.772,2.933,3.307,3.286,3.269,3.766,3.994,4.044
10,-6.748,-6.727,-6.426,-5.845,-4.13,-0.322,2.863,5.603,8.033,10.293,9.953,7.823,6.153,4.983,3.923,3.479,3.353,3.164,3.633,4.633,5.453,6.183,7.243,7.713,7.593,7.563,7.223,6.303,5.463,4.983,4.203,3.409,2.989,2.52,1.869,1.526,1.281,0.847,0.448,0.469,0.224,-0.021,0.084,0.077,0,0.213,0.357,0.42,0.539,0.973,1.176,1.197,1.526,1.68,1.47,1.428,1.561,1.379,1.176,1.295,1.33,1.162,1.344,1.638,1.673,1.778,2.303,2.492,2.499,2.772,2.905,2.625,2.625,2.737,2.485,2.317,2.555,2.432,2.334,2.583,2.814,2.663,2.81,3.185,3.185,3.171,3.608,3.863,3.903
10,-6.559,-5.74,-6.762,-6.79,-4.193,-0.007,3.584,6.79,9.48,11.99,11.7,9.25,7.5,6.02,4.8,4.2,3.97,3.79,4.13,5.2,5.71,6.68,7.73,8.27,8.05,8.01,7.63,6.68,5.85,5.35,4.52,3.7,3.311,2.835,2.1,1.778,1.547,1.036,0.637,0.644,0.399,0.126,0.189,0.217,0,0.133,0.42,0.469,0.525,0.931,1.127,1.12,1.358,1.554,1.323,1.274,1.372,1.218,0.973,1.106,1.113,1.015,1.253,1.428,1.456,1.673,1.981,2.324,2.338,2.653,2.8,2.555,2.562,2.716,2.492,2.317,2.59,2.523,2.397,2.663,2.908,2.765,2.894,3.286,3.262,3.223,3.682,3.91,3.92
10,-6.188,-6.083,-5.747,-5.04,-2.45,2.247,6.142,9.572,12.432,15.152,13.712,10.992,9.022,7.242,5.742,4.712,3.99,3.157,2.772,2.8,2.765,2.786,3.23,3.65,3.836,4.147,4.402,4.133,3.85,3.867,3.433,2.877,2.618,2.25,1.701,1.368,1.172,0.773,0.399,0.343,0.217,0.052,0.066,0.066,0,0.028,0.227,0.231,0.276,0.57,0.689,0.745,0.875,1.067,0.955,0.987,1.009,1.095,0.997,1.116,1.134,1.064,1.221,1.47,1.501,1.631,2.04,2.187,2.194,2.355,2.446,2.229,2.145,2.191,1.86,1.675,1.815,1.724,1.609,1.712,2.02,2.088,2.21,2.49,2.544,2.527,2.872,3.054,3.045
10,-5.771,-4.378,0.928,5.5,9.46,12.99,16.05,17.31,14.25,11.76,9.49,7.61,6.09,4.88,3.798,3.098,2.615,2.118,1.978,2.09,2.041,2.188,2.594,2.839,2.79,2.989,3.028,2.772,2.475,2.412,1.995,1.589,1.418,1.204,0.742,0.529,0.427,0.228,-0.003,0.025,-0.007,-0.003,0.001,0.014,0,0.088,0.326,0.406,0.431,0.76,0.98,1.008,1.194,1.351,1.33,1.285,1.47,1.365,1.278,1.386,1.46,1.393,1.523,1.803,1.894,1.999,2.363,2.51,2.503,2.615,2.636,2.258,2.149,2.16,1.955,1.641,1.77,1.876,1.848,1.978,2.183,2.188,2.267,2.371,2.522,2.508,2.779,2.942,2.918
10,-5.314,-5.006,-4.187,-5.447,-4.033,0.552,4.381,7.599,10.489,13.009,14.029,11.349,9.319,7.519,5.949,4.892,4.017,3.1,2.568,2.428,2.127,2.008,2.288,2.519,2.54,2.739,3.131,3.016,2.925,2.988,2.697,2.323,2.155,1.906,1.43,1.196,1.01,0.678,0.366,0.317,0.246,-0.002,-0.028,-0.053,0,0.072,0.1,0.194,0.322,0.432,0.583,0.68,0.793,0.953,0.971,0.964,1.05,1.094,1.019,1.064,1.162,1.216,1.248,1.541,1.717,1.788,2.269,2.575,2.575,2.753,2.909,2.768,2.519,2.581,2.422,2.116,2.23,2.327,2.246,2.35,2.641,2.671,2.764,3.044,3.065,3.037,3.31,3.453,3.45
10,-4.87,-5.304,-5.479,-5.213,-3.001,2.571,7.226,11.176,14.586,17.656,17.756,14.446,11.916,9.676,7.776,6.436,5.256,4.118,3.313,2.998,2.354,1.955,1.934,1.797,1.805,1.72,1.769,1.638,1.577,1.529,1.327,1.116,1.092,0.81,0.572,0.443,0.26,0.047,0.013,-0.017,-0.139,-0.119,-0.093,-0.055,0,0.065,0.119,0.166,0.316,0.441,0.631,0.765,0.874,1.032,1.111,1.073,1.253,1.295,1.182,1.274,1.398,1.471,1.532,1.874,2.097,2.106,2.611,2.872,2.851,2.95,3.06,2.875,2.565,2.598,2.448,2.082,2.183,2.26,2.176,2.293,2.595,2.658,2.784,3.11,3.147,3.155,3.484,3.682,3.707
10,-6.482,-6.419,-6.034,-5.159,-1.687,2.737,6.528,9.628,12.418,15.538,12.638,10.008,8.198,6.498,5.108,4.358,3.703,3.01,2.681,2.779,2.66,2.569,2.912,3.185,3.157,3.451,3.696,3.489,3.178,3.241,2.803,2.334,2.075,1.778,1.214,1.015,0.833,0.472,0.213,0.231,0.147,-0.032,0.014,0.122,0,0.059,0.283,0.248,0.297,0.612,0.693,0.679,0.882,1.095,0.955,0.959,1.134,1.06,0.952,1.078,1.158,1.046,1.197,1.445,1.505,1.575,1.981,2.121,2.103,2.243,2.282,1.991,1.956,2.04,1.804,1.655,1.906,1.972,1.92,2.2,2.48,2.467,2.648,3.013,3.064,3.082,3.46,3.741,3.804
10,-5.62,-5.438,-5.5797,-5.683,-5.578,-4.227,-0.006,3.585,6.633,9.433,11.603,12.533,10.183,8.213,6.453,5.243,4.404,3.34,2.703,2.549,2.171,1.737,1.849,1.744,1.562,1.604,1.576,1.611,1.527,1.684,1.635,1.415,1.312,1.221,0.92,0.538,0.381,0.158,0.124,0.025,-0.054,-0.005,0.06,0.046,0,0.168,0.301,0.377,0.465,0.686,0.873,0.989,1.236,1.487,1.544,1.559,1.829,1.941,1.828,2.026,2.217,2.195,2.201,2.545,2.751,2.684,3.052,3.347,3.378,3.599,3.632,3.357,3.273,3.31,3.037,2.799,2.927,2.929,2.803,3.018,3.23,3.247,3.392,3.714,3.774,3.79,4.108,4.301,4.278
10,-5.263,-4.528,-5.445,-5.41,-5.207,-1.224,4.005,8.434,12.194,15.614,17.554,16.454,13.614,11.044,8.874,7.404,6.244,5.004,4.159,3.809,3.165,2.619,2.283,2.164,1.737,1.639,1.693,1.357,1.191,1.041,0.725,0.548,0.541,0.267,0.1,0.07,-0.024,-0.158,-0.17,-0.164,-0.26,-0.202,-0.073,-0.077,0,0.063,0.191,0.27,0.36,0.493,0.681,0.761,0.878,1.096,1.175,1.072,1.277,1.345,1.243,1.405,1.511,1.561,1.563,1.901,2.146,2.083,2.559,2.816,2.781,2.92,2.858,2.901,2.829,2.887,2.664,2.489,2.668,2.538,2.654,2.873,3.146,3.14,3.314,3.655,3.704,3.737,4.087,4.304,4.369
10,-5.256,-4.675,-5.382,-5.501,-5.333,-4.521,-0.125,4.649,8.644,12.254,15.254,18.344,15.114,12.374,9.934,8.264,6.994,5.624,4.663,4.187,3.515,2.829,2.482,2.132,1.653,1.544,1.516,1.215,0.927,1.145,0.951,0.787,0.418,0.224,-0.064,-0.006,-0.062,-0.125,-0.244,-0.188,-0.225,-0.227,-0.055,0.004,0,0.141,0.351,0.422,0.524,0.781,0.956,1.066,1.227,1.509,1.527,1.52,1.815,1.871,1.663,1.852,1.979,1.931,1.972,2.3,2.459,2.382,2.877,3.137,3.092,3.436,3.536,3.251,3.191,3.251,3.027,2.829,2.976,2.972,2.902,3.125,3.359,3.359,3.557,3.91,3.98,4.029,4.402,4.624,4.635
10,-4.76,-3.976,-4.844,-5.516,1.288,6.324,10.764,14.354,17.614,19.574,15.954,12.834,10.524,8.564,6.774,5.624,4.676,3.57,2.877,2.471,1.981,1.379,1.246,0.973,0.609,0.497,0.476,0.287,0.154,0.129,0.038,-0.13,-0.039,-0.007,-0.13,-0.098,-0.081,-0.053,-0.042,0.047,0.086,-0.002,-0.118,-0.064,0,0.138,0.304,0.392,0.535,0.708,0.899,1.004,1.09,1.247,1.295,1.227,1.394,1.501,1.404,1.513,1.702,1.762,1.788,2.184,2.414,2.411,2.853,3.031,2.964,2.998,3.055,2.845,2.527,2.618,2.506,2.242,2.442,2.61,2.583,2.742,3.076,3.148,3.318,3.642,3.712,3.736,4.114,4.345,4.426
10,-5.197,-4.903,-5.1025,-5.169,-5.141,-4.791,-3.139,-0.101,4.113,7.772,10.942,13.532,16.022,13.012,10.512,8.632,7.092,5.672,4.631,4.036,3.161,2.461,2.23,1.74,1.264,1.145,1.082,0.627,0.389,0.473,0.27,0.074,0.039,0.007,-0.089,-0.21,-0.192,-0.269,-0.172,-0.119,-0.108,-0.084,-0.045,0.011,0,-0.12,-0.035,0.047,0.167,0.314,0.496,0.66,0.798,0.945,1.109,1.141,1.282,1.363,1.311,1.457,1.56,1.58,1.599,1.9,2.097,2.059,2.476,2.794,2.818,2.863,3.049,2.953,2.679,2.747,2.617,2.268,2.343,2.453,2.363,2.425,2.73,2.89,2.963,3.294,3.381,3.418,3.761,3.927,3.929
10,-5.164,-5.066,-4.828,-5.017,-5.129,-5.045,-2.882,2.116,6.365,10.175,13.345,16.055,16.505,13.655,11.115,9.365,7.905,6.485,5.425,4.993,4.118,3.292,3.089,2.655,2.067,1.71,1.668,1.143,0.954,1.069,0.831,0.558,0.66,0.544,0.397,0.32,0.467,0.327,0.25,0.319,0.336,0.231,0.14,-0.006,0,0.171,0.245,0.352,0.44,0.674,0.788,0.864,1.076,1.238,1.271,1.298,1.52,1.594,1.538,1.647,1.834,1.853,1.864,2.236,2.405,2.384,2.842,3.136,3.102,3.289,3.425,3.282,3.026,3.12,2.975,2.643,2.792,2.883,2.791,2.924,3.32,3.32,3.505,3.889,3.974,4.055,4.414,4.662,4.692
10,-3.729,-5.241,-5.038,-4.408,-3.554,-5.136,-2.973,2.452,6.97,10.98,14.53,17.56,18.29,15.12,12.45,10.47,8.91,7.35,6.18,5.54,4.622,3.733,3.281,2.816,2.2,1.902,1.773,1.272,1.069,1.104,0.884,0.66,0.649,0.646,0.401,0.247,0.364,0.201,0.107,-0.16,-0.256,-0.214,-0.028,0.044,0,0.189,0.327,0.396,0.514,0.761,0.908,0.992,1.181,1.503,1.529,1.551,1.837,1.956,1.803,1.965,2.187,2.188,2.233,2.696,2.738,2.711,3.177,3.407,3.374,3.514,3.696,3.451,3.381,3.455,3.243,3.043,3.245,3.228,3.194,3.455,3.729,3.708,3.906,4.305,4.419,4.466,4.905,5.159,5.21
10,-5.365,-4.98,-4.014,-2.299,2.608,7.001,10.801,13.931,16.581,15.821,12.621,10.081,8.161,6.411,5.002,3.98,3.21,2.314,1.768,1.474,0.998,0.613,0.564,0.361,0.032,-0.063,0.025,-0.206,-0.269,-0.063,-0.147,-0.255,-0.157,-0.323,-0.479,-0.385,-0.553,-0.61,-0.479,-0.388,-0.364,-0.254,-0.215,-0.139,0,0.12,0.197,0.328,0.448,0.572,0.683,0.792,0.823,0.966,1.02,0.932,1.036,1.14,1.092,1.188,1.397,1.469,1.58,1.948,2.205,2.175,2.572,2.772,2.676,2.641,2.67,2.443,2.146,2.205,2.133,1.888,2.061,2.241,2.241,2.387,2.737,2.814,2.951,3.276,3.353,3.395,3.786,4.039,4.167
10,-5.197,-4.532,-5.085,-5.211,-5.155,-0.85,4.008,8.107,11.517,14.527,17.537,14.827,12.077,9.737,7.687,6.337,5.297,4.239,3.357,2.986,2.412,1.873,1.726,1.453,1.019,0.963,0.935,0.564,0.48,0.476,0.396,0.252,0.273,0.235,0.081,0.07,-0.014,-0.096,-0.112,0.032,0.077,0.035,0.01,-0.074,0,0.068,0.19,0.291,0.41,0.617,0.787,0.912,1.047,1.278,1.368,1.369,1.543,1.636,1.613,1.695,1.876,1.897,1.965,2.331,2.569,2.609,3.18,3.6,3.716,4.071,4.393,4.311,4.416,4.501,4.641,4.636,4.984,5.167,5.227,5.647,6.097,6.247,6.557,7.077,7.257,7.327,7.747,7.927,7.837
10,-4.643,-5.553,-5.504,-5.175,-4.44,-2.613,2.938,7.603,11.593,15.093,18.103,17.433,14.363,11.643,9.273,7.623,6.303,5.013,4.03,3.554,2.861,2.14,2,1.685,1.237,1.118,1.027,0.726,0.558,0.642,0.446,0.32,0.355,0.285,0.085,0.12,0.232,0.127,0.068,0.154,0.15,0.152,0.074,-0.005,0,0.235,0.347,0.441,0.543,0.785,1.002,1.041,1.339,1.538,1.654,1.653,1.942,1.987,1.79,2.008,2.2,2.122,2.178,2.548,2.724,2.692,3.21,3.533,3.564,3.794,3.885,3.68,3.561,3.64,3.346,3.101,3.227,3.239,3.122,3.344,3.612,3.61,3.809,4.18,4.301,4.327,4.702,4.943,4.933
10,-4.952,-4.203,-4.994,-4.966,-4.903,1.194,6.154,10.164,13.734,17.014,18.824,15.254,12.564,10.214,8.204,6.714,5.594,4.414,3.672,3.175,2.475,1.915,1.726,1.39,0.914,0.802,0.795,0.459,0.361,0.48,0.312,0.109,0.196,0.154,-0.052,0.021,0.006,0.021,0.032,0.088,0.097,0.105,0.035,-0.062,0,0.153,0.289,0.443,0.532,0.835,1.017,1.148,1.308,1.604,1.637,1.748,1.872,1.878,1.767,1.897,2.078,2.007,2.099,2.464,2.552,2.569,3.09,3.374,3.346,3.525,3.677,3.49,3.397,3.443,3.212,3.009,3.133,3.164,3.112,3.338,3.595,3.6,3.784,4.162,4.225,4.265,4.619,4.853,4.876
12,-5.351,-5.022,-5.183,-5.197,-5.162,-4.987,-2.138,5.306,11.536,17.096,21.956,26.216,25.376,21.056,17.306,14.356,12.176,9.836,8.116,7.026,5.596,4.417,3.805,3.033,2.155,1.922,1.663,1.157,0.839,0.945,0.623,0.349,0.35,0.287,0.175,0.006,0.058,-0.145,-0.213,-0.391,-0.402,-0.287,-0.168,-0.097,0,0.176,0.366,0.525,0.684,0.972,1.191,1.361,1.643,1.995,2.092,2.116,2.433,2.509,2.364,2.485,2.655,2.586,2.616,3.028,3.227,3.239,3.758,3.934,3.961,4.204,4.319,4.076,3.982,4.013,3.775,3.544,3.682,3.681,3.604,3.821,4.109,4.129,4.29,4.68,4.767,4.809,5.216,5.456,5.496
12,-4.714,-5.218,-5.358,-5.134,-4.308,-5.176,-5.932,1.775,7.401,12.481,16.761,20.501,22.981,19.181,15.871,13.581,11.731,9.681,8.231,7.341,6.151,5.037,4.557,3.838,2.849,2.622,2.387,1.812,1.5,1.521,1.25,0.93,0.744,0.526,0.196,0.21,0.107,-0.169,-0.154,-0.085,-0.113,-0.051,-0.013,0.007,0,0.151,0.257,0.343,0.435,0.633,0.79,0.838,1.033,1.288,1.332,1.4,1.49,1.491,1.396,1.481,1.625,1.575,1.579,1.911,2.091,2.084,2.597,2.894,2.94,3.185,3.397,3.297,3.08,3.217,3.049,2.711,2.875,2.94,2.844,2.985,3.264,3.245,3.381,3.77,3.833,3.843,4.249,4.514,4.566
12,-5.421,-5.344,-5.134,-4.224,-3.391,5.302,12.912,19.372,24.842,29.742,30.402,25.032,20.992,17.412,14.342,12.082,10.452,8.632,7.212,6.482,5.412,4.358,3.801,3.28,2.45,2.149,1.999,1.467,1.085,1.26,1.001,0.76,0.809,0.728,0.406,0.265,0.268,0.203,0.039,-0.073,-0.273,-0.262,-0.07,-0.031,0,0.177,0.37,0.448,0.601,0.95,1.202,1.237,1.567,1.906,1.893,1.986,2.092,2.053,1.805,1.878,2.019,1.901,1.94,2.302,2.506,2.471,3.099,3.458,3.483,3.812,3.987,3.831,3.749,3.835,3.534,3.31,3.422,3.371,3.215,3.397,3.618,3.548,3.647,4.001,4.043,4.013,4.456,4.762,4.782
12,-5.198,-4.925,-5.121,-5.268,-5.093,-4.827,-4.19,-1.404,5.208,10.908,15.858,19.998,24.388,23.118,19.448,16.728,14.748,12.498,10.758,9.678,8.288,6.818,6.218,5.388,4.199,3.769,3.398,2.486,2.054,2.05,1.453,1.027,1.028,0.834,0.302,0.374,0.295,-0.037,-0.061,0.041,-0.017,-0.088,0.069,0.112,0,0.149,0.305,0.363,0.366,0.524,0.654,0.636,0.826,0.993,0.974,1.071,1.13,1.186,1.057,1.197,1.287,1.251,1.293,1.659,1.839,1.852,2.373,2.715,2.78,3.038,3.312,3.166,3.003,3.148,2.99,2.631,2.778,2.853,2.715,2.895,3.225,3.207,3.382,3.778,3.863,3.919,4.378,4.658,4.763
150,-6.619,-6.276,-1.915,5.223,11.183,16.303,20.873,24.583,22.203,17.763,13.903,10.703,8.103,5.993,4.123,2.845,1.83,0.92,0.43,0.311,0.094,0.038,0.402,0.647,0.675,0.941,1.126,0.958,0.804,0.778,0.535,0.307,0.256,0.054,-0.337,-0.225,-0.173,-0.466,-0.407,-0.24,-0.292,-0.384,-0.06,0.118,0,0.441,0.975,0.994,1.191,1.843,2.119,2.22,2.819,3.477,3.683,4.333,5.573,6.403,7.343,9.213,9.743,11.473,14.133,17.633,20.623,23.143,27.163,29.623,30.663,31.463,30.613,27.573,24.613,21.733,17.833,14.303,12.043,9.663,7.543,6.443,5.603,4.613,4.203,4.183,3.893,3.713,4.083,4.263,4.233
150,-8.332,-4.839,2.231,8.071,13.111,17.521,21.441,20.351,16.191,12.681,9.471,6.901,4.891,3.251,1.713,0.775,0.131,-0.674,-0.947,-0.94,-1.073,-1.059,-0.716,-0.569,-0.611,-0.373,-0.188,-0.483,-0.571,-0.408,-0.534,-0.555,-0.627,-0.653,-0.898,-0.777,-0.587,-0.76,-0.83,-0.511,-0.462,-0.581,-0.237,0.049,0,0.355,1.048,1.144,1.382,2.011,2.371,2.431,2.941,3.481,3.671,4.091,5.141,5.771,6.551,8.231,10.011,11.691,14.331,17.731,19.821,22.531,26.091,28.081,28.591,28.951,27.841,24.761,21.871,19.211,15.671,12.591,10.711,8.711,6.931,6.091,5.471,4.581,4.321,4.451,4.191,4.041,4.501,4.731,4.741
150,-7.756,-0.567,5.386,10.556,14.996,19.056,21.886,17.916,14.566,11.866,9.456,7.436,6.146,5.006,4.086,3.846,3.946,4.046,4.666,5.776,6.686,7.346,8.316,8.546,8.096,7.736,7.196,6.096,5.216,4.626,3.806,2.946,2.495,2.009,1.393,1.018,0.78,0.346,-0.025,0.059,-0.081,-0.277,-0.091,0.122,0,0.245,0.693,0.752,0.882,1.34,1.543,1.652,2.058,2.625,2.836,3.316,4.306,5.126,5.986,7.736,9.636,11.426,14.076,17.386,20.086,22.806,26.276,28.066,28.406,28.566,27.326,24.276,21.536,19.016,15.606,12.646,10.786,8.736,6.826,5.856,5.096,4.096,3.676,3.656,3.356,3.126,3.476,3.646,3.596
150,-7.623,-7.308,-3.339,3.618,9.588,14.688,19.078,22.838,20.918,16.648,12.898,9.758,7.388,5.258,3.498,2.205,1.246,0.392,-0.154,-0.28,-0.518,-0.595,-0.273,-0.091,-0.119,0.098,0.329,0.238,0.07,0.166,-0.082,-0.221,-0.165,-0.278,-0.315,-0.435,-0.383,-0.612,-0.562,-0.311,-0.344,-0.415,-0.104,0.105,0,0.4,0.976,1.068,1.244,1.899,2.228,2.257,2.878,3.598,3.788,4.388,5.668,5.518,6.278,7.848,9.458,11.028,13.458,16.658,19.368,21.608,25.318,27.708,28.798,29.808,29.288,26.678,24.058,21.468,17.748,14.358,12.138,9.768,7.598,6.488,5.608,4.578,4.108,4.108,3.768,3.538,3.898,4.078,4.028
15,-6.849,-6.1,-7.199,-7.227,-4.476,0.354,4.479,7.849,10.869,13.589,12.599,9.509,7.209,5.239,3.559,2.447,1.663,0.816,0.424,0.459,0.319,0.333,0.746,0.97,1.075,1.351,1.684,1.547,1.453,1.631,1.386,1.071,1.106,0.938,0.56,0.557,0.515,0.238,0.074,0.217,0.133,0.151,0.063,0.189,0,0.144,0.546,0.627,0.781,1.369,1.687,1.708,2.128,2.377,2.184,2.174,2.345,2.139,1.904,2.079,2.128,1.981,2.233,2.65,2.737,3.01,3.729,4.039,4.089,4.479,4.619,4.189,4.059,4.069,3.609,3.269,3.469,3.369,3.179,3.469,3.769,3.629,3.809,3.969,4.229,4.229,4.719,4.989,4.959
15,-6.884,-6.254,-7.22,-3.664,1.054,5.067,8.587,11.507,13.857,12.787,9.787,7.357,5.507,3.857,2.524,1.712,1.075,0.375,0.102,0.228,0.123,0.053,0.466,0.697,0.732,1.012,1.148,0.949,0.753,0.895,0.714,0.522,0.559,0.417,0.126,0.116,-0.021,-0.11,-0.217,-0.001,-0.094,-0.232,-0.026,0.111,0,0.261,0.776,0.996,1.253,1.927,2.344,2.438,2.82,3.122,2.909,2.802,2.963,2.729,2.487,2.655,2.68,2.541,2.8,3.187,3.327,3.607,4.257,4.437,4.427,4.687,4.667,4.167,3.917,3.857,3.377,3.037,3.157,3.087,2.9,3.129,3.367,3.217,3.347,3.697,3.667,3.637,4.037,4.257,4.247
15,-6.45,-6.912,-7.066,-7.031,-6.324,-4.385,0.389,4.074,7.314,10.044,12.374,11.704,8.924,6.634,4.694,3.384,2.328,1.355,0.816,0.739,0.473,0.375,0.683,0.956,0.984,1.33,1.666,1.593,1.423,1.638,1.467,1.155,1.192,1.124,0.735,0.646,0.744,0.378,0.174,0.307,0.189,-0.01,0.126,0.228,0,0.153,0.555,0.616,0.735,1.281,1.631,1.686,2.083,2.375,2.186,2.191,2.396,2.177,1.917,2.099,2.134,1.948,2.211,2.575,2.548,2.828,3.504,3.804,3.884,4.274,4.454,4.064,3.944,3.984,3.504,3.159,3.268,3.171,2.947,3.18,3.454,3.289,3.474,3.864,3.854,3.814,4.274,4.494,4.474
15,-7.31,-6.477,-7.646,-7.569,-6.988,-3.173,1.342,5.192,8.422,11.232,14.222,11.202,8.602,6.372,4.492,3.152,2.203,1.265,0.796,0.614,0.488,0.362,0.817,1.062,1.076,1.454,1.786,1.699,1.638,1.552,1.562,1.139,1.214,1.079,0.698,0.603,0.626,0.315,0.152,0.295,0.185,-0.051,0.08,0.206,0,0.182,0.582,0.647,0.775,1.363,1.659,1.788,2.157,2.525,2.373,2.32,2.514,2.338,2.094,2.255,2.276,2.131,2.332,2.719,2.8,3.062,3.732,4.052,4.152,4.562,4.742,4.382,4.232,4.222,3.702,3.332,3.512,3.072,3.012,3.252,3.492,3.362,3.512,3.912,3.912,3.852,4.272,4.512,4.452
15,-6.776,-6.762,-6.23,-0.728,3.612,7.34,10.67,13.56,15.1,12.29,9.79,7.7,6.33,5.08,4.11,3.81,3.77,3.83,4.39,5.45,6.31,7.01,7.85,8.15,7.76,7.38,6.95,5.98,5.07,4.68,3.94,3.178,2.779,2.366,1.729,1.372,1.204,0.77,0.392,0.357,0.224,-0.063,0.035,0.119,0,0.133,0.448,0.553,0.616,1.12,1.295,1.288,1.456,1.603,1.407,1.26,1.435,1.288,1.085,1.274,1.337,1.274,1.526,1.946,2.1,2.303,2.968,3.206,3.22,3.507,3.619,3.29,3.136,3.234,2.905,2.611,2.737,2.726,2.541,2.737,2.947,2.793,2.835,2.967,3.171,3.069,3.5,3.77,3.77
15,-5.887,-5.502,-4.606,-1.498,2.345,5.527,8.367,10.917,13.247,10.757,8.577,6.777,5.487,4.459,3.542,3.108,3.101,3.066,3.395,4.368,5.017,5.757,6.687,7.137,7.037,6.857,6.527,5.717,4.967,4.494,3.801,3.192,2.758,2.345,1.799,1.484,1.253,0.959,0.588,0.553,0.371,0.189,0.168,0.178,0,0.108,0.385,0.448,0.521,0.903,1.081,1.029,1.242,1.417,1.309,1.2,1.284,1.172,1.001,1.137,1.232,1.155,1.337,1.729,1.876,2.075,2.621,2.877,2.95,3.206,3.332,3.034,2.898,2.954,2.642,2.376,2.478,2.425,2.275,2.432,2.523,2.418,2.504,2.777,2.746,2.698,3.026,3.251,3.279
15,-6.426,-5.754,-6.657,-5.523,-1.288,2.275,5.519,8.139,10.579,11.899,9.409,7.409,5.999,4.839,3.939,3.556,3.549,3.654,4.259,5.519,6.439,7.309,8.399,8.879,8.529,8.309,7.769,6.729,5.709,5.209,4.409,3.528,3.122,2.551,1.967,1.557,1.316,0.903,0.511,0.465,0.297,0.073,0.108,0.168,0,0.091,0.409,0.486,0.581,0.987,1.183,1.193,1.375,1.515,1.41,1.274,1.417,1.309,1.151,1.284,1.379,1.277,1.498,1.914,2.086,2.303,2.915,3.199,3.23,3.559,3.71,3.409,3.297,3.367,3.031,2.751,2.894,2.835,2.656,2.835,3.034,2.891,2.943,3.094,3.304,3.237,3.675,3.959,3.989
15,-5.708,-6.674,-6.723,-3.965,0.123,3.749,6.937,9.647,11.967,11.667,9.367,7.427,6.107,4.967,4.037,3.787,3.686,3.767,4.327,5.517,6.297,6.967,8.047,8.357,8.027,7.777,7.397,6.387,5.507,5.017,4.267,3.497,3.049,2.667,1.967,1.593,1.365,0.984,0.553,0.487,0.319,0.074,0.116,0.154,0,0.077,0.403,0.494,0.578,0.97,1.187,1.169,1.372,1.575,1.393,1.32,1.463,1.306,1.131,1.281,1.355,1.271,1.484,1.911,2.079,2.268,2.863,3.196,3.217,3.539,3.675,3.35,3.213,3.276,2.93,2.643,2.769,2.723,2.548,2.695,2.909,2.765,2.814,2.906,3.038,3.007,3.418,3.656,3.682
15,-5.834,-5.813,-5.407,-2.138,2.538,6.781,10.441,13.371,16.101,15.111,12.251,9.871,8.071,6.481,5.091,4.246,3.56,2.839,2.517,2.594,2.531,2.573,3.003,3.343,3.322,3.64,3.77,3.483,3.21,3.178,2.769,2.356,2.142,1.796,1.365,1.047,0.872,0.602,0.333,0.319,0.175,0.028,0.011,0.098,0,0.088,0.256,0.305,0.347,0.613,0.746,0.732,0.973,1.176,1.131,1.124,1.176,1.246,1.201,1.323,1.449,1.404,1.61,1.925,2.048,2.237,2.674,2.863,2.877,3.08,3.129,2.804,2.674,2.632,2.342,2.086,2.174,2.022,1.868,2.055,1.999,2.049,2.247,2.512,2.512,2.506,2.839,3.009,3.014
15,-5.995,-4.784,0.634,5.119,8.979,12.379,15.319,16.729,13.639,11.109,8.889,7.029,5.719,4.499,3.455,2.881,2.454,1.978,1.866,2.097,2.132,2.244,2.727,2.982,2.881,3.024,3.126,2.737,2.426,2.366,1.967,1.523,1.327,1.117,0.662,0.48,0.35,0.126,-0.094,-0.035,-0.084,-0.154,-0.014,0.067,0,0.144,0.375,0.483,0.567,0.882,1.082,1.131,1.33,1.512,1.414,1.435,1.645,1.575,1.481,1.736,1.869,1.862,2.153,2.545,2.706,2.87,3.353,3.476,3.378,3.462,3.423,3.007,2.814,2.755,2.457,2.212,2.317,2.219,2.274,2.286,2.274,2.349,2.473,2.743,2.729,2.746,3.098,3.297,3.336
15,-4.288,-5.471,-5.436,-5.086,-5.485,-1.117,2.852,6.188,9.138,11.718,14.368,11.508,9.358,7.478,5.838,4.637,3.741,2.81,2.215,1.949,1.585,1.34,1.508,1.62,1.571,1.844,1.984,1.847,1.861,1.877,1.697,1.422,1.317,1.111,0.794,0.673,0.579,0.307,0.083,0.048,-0.05,-0.08,0,-0.03,0,0.056,0.186,0.295,0.403,0.623,0.763,0.917,1.134,1.301,1.374,1.429,1.572,1.678,1.647,1.754,1.908,1.974,2.096,2.495,2.771,2.889,3.422,3.78,3.786,3.991,4.007,3.702,3.506,3.384,3.039,2.714,2.74,2.603,2.451,2.581,2.682,2.694,2.808,3.079,3.104,3.088,3.396,3.547,3.512
15,-5.159,-5.005,-5.159,-5.18,-5.292,-1.435,3.773,8.097,11.857,15.277,17.877,16.627,13.727,11.167,8.957,7.367,6.037,4.697,3.843,3.395,2.695,2.212,2.142,1.963,1.736,1.813,1.885,1.631,1.736,1.896,1.585,1.392,1.427,1.137,0.771,0.716,0.574,0.262,0.263,0.211,0.129,0.043,0.062,0.158,0,0.203,0.301,0.402,0.479,0.764,0.88,0.997,1.235,1.417,1.424,1.479,1.668,1.693,1.659,1.81,1.992,2.061,2.188,2.649,2.897,3.027,3.622,3.952,3.983,4.198,4.242,3.878,3.691,3.624,3.213,2.931,3.005,2.887,2.723,2.893,3.078,3.006,3.16,3.477,3.495,3.523,3.885,4.046,4.081
15,-5.971,-5.32,-3.395,1.491,5.785,9.475,12.675,15.295,15.185,12.445,10.005,7.955,6.645,5.435,4.365,3.773,3.43,2.842,2.639,2.947,2.779,2.747,3.227,3.374,3.272,3.405,3.419,3.01,2.656,2.537,2.079,1.61,1.407,1.088,0.665,0.462,0.416,0.112,-0.042,0.063,-0.021,-0.189,-0.021,0.112,0,0.122,0.42,0.455,0.483,0.843,0.962,0.931,1.151,1.302,1.162,1.155,1.248,1.333,1.34,1.522,1.683,1.673,1.963,2.324,2.45,2.544,2.975,2.992,2.821,2.891,2.824,2.436,2.306,2.338,2.17,2.016,2.299,2.285,2.268,2.541,2.788,2.746,2.891,3.26,3.316,3.386,3.862,4.205,4.385
15,-5.691,-5.341,-4.746,-5.621,-4.116,0.091,3.773,6.938,9.588,12.048,12.948,10.418,8.508,6.898,5.408,4.543,3.878,3.01,2.625,2.436,2.079,1.764,1.869,1.841,1.785,1.673,1.757,1.554,1.386,1.521,1.307,0.976,0.991,0.759,0.412,0.354,0.317,0.07,0.056,0.009,-0.065,-0.095,0.033,0.035,0,0.13,0.304,0.334,0.507,0.731,0.807,0.857,1.031,1.199,1.155,1.189,1.26,1.361,1.326,1.523,1.711,1.734,1.915,2.376,2.558,2.669,3.186,3.384,3.283,3.441,3.517,3.134,2.977,2.957,2.653,2.418,2.588,2.564,2.471,2.711,2.928,2.875,3.05,3.407,3.442,3.496,3.874,4.14,4.203
15,-5.017,-5.458,-5.528,-5.43,-5.115,-5.521,-1.3,2.599,6.058,9.058,11.468,14.318,11.638,9.378,7.328,5.908,4.828,3.628,2.886,2.529,2.004,1.493,1.479,1.29,0.989,1.003,1.094,0.877,0.73,0.926,0.737,0.576,0.551,0.467,0.205,0.152,0.142,-0.023,-0.1,0.019,-0.002,-0.072,-0.009,0.074,0,0.081,0.217,0.276,0.423,0.628,0.783,0.88,1.069,1.286,1.313,1.411,1.559,1.602,1.615,1.692,1.876,1.895,2.007,2.247,2.544,2.61,3.101,3.388,3.413,3.571,3.666,3.35,3.197,3.147,2.777,2.503,2.567,2.503,2.347,2.497,2.671,2.651,2.776,3.059,3.103,3.106,3.427,3.544,3.547
15,-5.239,-4.917,-5.253,-5.435,-5.225,-0.395,4.722,9.045,12.685,15.995,19.485,16.025,13.105,10.535,8.415,6.875,5.635,4.372,3.469,3.007,2.398,1.81,1.628,1.369,0.963,0.816,0.837,0.602,0.476,0.648,0.553,0.357,0.279,0.287,0.049,0.053,-0.189,-0.322,-0.231,-0.218,-0.209,-0.196,-0.05,-0.011,0,0.141,0.244,0.325,0.518,0.716,0.831,0.962,1.123,1.333,1.349,1.388,1.589,1.638,1.564,1.736,1.882,1.927,2.025,2.413,2.604,2.691,3.214,3.523,3.51,3.863,3.889,3.576,3.418,3.345,3.021,2.757,2.839,2.783,2.662,2.863,3.068,3.028,3.189,3.52,3.555,3.584,3.903,4.06,4.039
15,-5.379,-2.453,3.637,8.849,13.289,17.169,20.589,19.619,15.989,12.989,10.319,8.159,6.509,5.089,3.833,3.042,2.44,1.649,1.257,1.019,0.599,0.333,0.277,0.109,-0.192,-0.15,-0.143,-0.325,-0.43,-0.304,-0.381,-0.357,-0.388,-0.353,-0.542,-0.462,-0.364,-0.413,-0.353,-0.143,-0.215,-0.161,0.044,-0.091,0,0.208,0.413,0.59,0.825,1.103,1.253,1.292,1.494,1.698,1.683,1.767,1.825,1.862,1.799,1.932,2.182,2.257,2.415,2.882,3.149,3.143,3.558,3.73,3.527,3.535,3.401,2.968,2.795,2.767,2.534,2.38,2.576,2.483,2.559,2.802,3.01,2.963,3.094,3.406,3.439,3.448,3.845,4.078,4.19
15,-4.713,-5.427,-5.441,-5.252,-4.643,-5.427,-2.879,1.874,5.812,9.422,12.282,14.922,14.802,12.032,9.592,7.862,6.482,5.062,4.149,3.624,2.812,2.182,1.944,1.545,0.985,0.887,0.796,0.376,0.215,0.271,0.061,-0.17,-0.16,-0.233,-0.377,-0.366,-0.401,-0.436,-0.426,-0.237,-0.191,-0.202,-0.118,0.024,0,0.098,0.176,0.191,0.355,0.603,0.722,0.817,1.051,1.188,1.197,1.247,1.427,1.499,1.433,1.599,1.741,1.795,1.842,2.266,2.486,2.591,3.161,3.455,3.436,3.613,3.662,3.405,3.227,3.167,2.828,2.537,2.642,2.595,2.464,2.667,2.892,2.856,3.034,3.379,3.43,3.461,3.822,4.023,4.025
15,-5.764,-5.743,-5.337,-5.6555,-5.792,-5.75,-4.063,1.068,5.133,8.633,11.743,14.253,15.113,12.263,9.813,8.063,6.743,5.263,4.337,3.826,3.07,2.433,2.16,1.789,1.243,1.145,1.026,0.515,0.333,0.459,0.186,-0.073,0.011,-0.045,-0.283,-0.311,-0.336,-0.36,-0.263,-0.199,-0.157,-0.199,-0.129,0.074,0,-0.078,0.084,0.119,0.3,0.633,0.724,0.822,1.135,1.344,1.376,1.453,1.578,1.762,1.72,1.991,2.149,2.113,2.278,2.7,2.87,2.961,3.507,3.815,3.884,4.137,4.19,3.843,3.728,3.667,3.276,2.989,3.079,3.007,2.853,3.051,3.285,3.234,3.425,3.817,3.864,3.931,4.326,4.538,4.54
15,-4.028,-5.155,-5.022,-5.0832,-5.099,-5.057,-1.858,3.224,7.468,11.108,14.418,17.198,16.538,13.528,11.018,9.208,7.788,6.258,5.248,4.645,3.819,2.986,2.692,2.244,1.621,1.46,1.323,0.854,0.707,0.714,0.501,0.35,0.357,0.301,0.226,0.088,0.158,0.067,0.105,0.16,0.168,0.114,0.004,0.021,0,0.241,0.408,0.41,0.543,0.845,0.96,0.991,1.277,1.516,1.485,1.598,1.87,1.938,1.944,2.215,2.471,2.536,2.841,3.411,3.716,3.934,4.62,4.998,5.051,5.318,5.338,4.942,4.68,4.522,4.062,3.679,3.705,3.551,3.338,3.544,3.707,3.63,3.773,4.132,4.174,4.202,4.624,4.848,4.886
15,-4.995,-4.869,-4.302,-4.841,0.864,6.893,12.183,16.643,20.523,24.293,20.013,16.293,13.333,10.773,8.603,6.953,5.573,4.266,3.3,2.733,1.984,1.389,1.263,0.962,0.535,0.472,0.402,0.143,0.073,0.262,0.08,0.003,0.013,-0.039,-0.221,-0.092,0.045,-0.102,-0.109,-0.061,0.01,-0.044,-0.017,-0.036,0,0.195,0.384,0.459,0.641,0.92,1.089,1.225,1.489,1.721,1.748,1.899,2.157,2.181,2.128,2.287,2.461,2.48,2.597,3.053,3.289,3.419,4.078,4.409,4.506,4.766,4.849,4.504,4.359,4.276,3.87,3.552,3.592,3.487,3.314,3.498,3.716,3.652,3.844,4.189,4.212,4.276,4.642,4.81,4.784
15,-5.722,-5.75,-5.582,-4.959,-5.708,-3.944,1.39,5.922,9.862,13.322,16.302,16.852,13.772,11.182,8.892,7.302,6.032,4.692,3.819,3.336,2.531,1.915,1.747,1.362,0.893,0.767,0.627,0.263,0.074,0.221,-0.003,-0.164,-0.101,-0.087,-0.162,-0.276,-0.185,-0.29,-0.381,-0.206,-0.171,-0.154,-0.003,0.175,0,0.137,0.492,0.135,0.357,0.648,0.786,0.843,1.172,1.37,1.345,1.483,1.71,1.715,1.671,1.885,2.001,2.005,2.201,2.587,2.817,2.926,3.531,3.87,4.031,4.311,4.426,4.099,3.927,3.889,3.455,3.115,3.143,3.007,2.827,2.996,3.194,3.126,3.325,3.698,3.728,3.808,4.179,4.375,4.381
15,-5.037,-4.358,-5.002,-5.093,-4.841,-3.189,1.417,5.197,8.435,11.345,13.825,14.175,11.525,9.355,7.435,6.105,4.994,3.895,3.174,2.775,2.18,1.669,1.55,1.235,0.794,0.787,0.759,0.402,0.269,0.36,0.234,0.066,0.066,0.038,0.012,-0.05,-0.008,-0.127,-0.106,0.143,0.132,0.178,0.176,0.262,0,0.176,0.311,0.408,0.517,0.742,0.899,1.02,1.203,1.385,1.406,1.552,1.714,1.784,1.749,1.936,2.097,2.135,2.248,2.596,2.817,2.888,3.459,3.803,3.877,4.132,4.367,4.052,3.965,3.923,3.566,3.247,3.291,3.186,3.016,3.179,3.361,3.326,3.492,3.841,3.891,3.944,4.303,4.476,4.467
15,-3.485,-4.388,-4.43,2.206,9.128,15.138,20.488,25.298,28.328,23.718,19.708,16.228,13.368,10.878,8.788,7.118,5.788,4.474,3.606,2.997,2.255,1.674,1.45,1.135,0.771,0.645,0.638,0.281,0.183,0.358,0.253,0.071,0.155,0.137,0.004,0.081,0.083,0.116,0.13,0.291,0.312,0.272,0.014,0.092,0,0.326,0.504,0.529,0.634,0.969,1.087,1.12,1.38,1.641,1.508,1.585,1.89,1.824,1.749,2.004,2.163,2.138,2.343,2.829,2.994,3.124,3.822,4.141,4.117,4.453,4.603,4.316,4.194,4.211,3.846,3.585,3.732,3.667,3.513,3.765,4.001,3.945,4.154,4.546,4.595,4.637,5.034,5.298,5.302
200,-4.146,2.91,9.218,14.418,18.818,22.688,22.138,17.688,13.848,10.698,7.938,5.558,3.838,2.294,1.034,0.208,-0.422,-1.052,-1.29,-1.248,-1.311,-1.276,-0.954,-0.835,-0.863,-0.674,-0.534,-0.818,-1.038,-0.881,-1.014,-1.224,-1.171,-1.14,-1.325,-1.406,-1.259,-1.292,-1.36,-0.982,-0.818,-0.783,-0.303,-0.117,0,0.533,1.18,1.332,1.513,2.232,2.75,2.998,3.828,4.418,4.888,5.708,7.218,8.578,9.968,12.448,15.178,17.798,20.728,24.708,27.938,30.988,34.748,36.458,35.998,35.428,33.348,29.218,25.288,21.708,17.378,13.608,11.168,8.758,6.668,5.508,4.698,3.728,3.258,3.148,2.885,2.7,2.988,3.168,3.168
200,-6.73,-4.378,3.073,9.363,14.763,19.483,23.503,22.753,18.193,14.283,10.943,8.033,5.853,3.873,2.293,1.18,0.396,-0.388,-0.78,-0.808,-1.011,-1.081,-0.773,-0.542,-0.591,-0.388,-0.245,-0.427,-0.644,-0.483,-0.588,-0.796,-1.02,-1.094,-1.316,-1.204,-1.101,-1.231,-1.182,-0.896,-0.855,-0.864,-0.423,-0.035,0,0.455,1.165,1.323,1.493,2.401,2.933,3.093,3.863,4.913,5.393,6.193,7.783,7.723,8.933,11.173,13.723,16.103,19.483,22.893,26.143,29.483,33.703,36.113,36.383,36.723,35.303,31.683,27.993,24.573,20.153,16.063,13.403,10.743,8.323,6.963,5.993,4.843,4.293,4.263,3.833,3.573,3.903,4.103,4.063
200,-3.451,3.94,10.55,16.16,20.91,25.16,23.47,18.72,14.74,11.34,8.4,5.94,4.06,2.42,1.05,0.182,-0.483,-1.169,-1.456,-1.379,-1.414,-1.414,-1.092,-0.903,-0.994,-0.795,-0.599,-0.945,-1.061,-0.886,-0.996,-1.051,-1.187,-1.138,-1.334,-1.321,-1.277,-1.18,-1.034,-0.863,-0.816,-0.828,-0.443,-0.072,0,0.271,0.856,0.99,1.115,1.783,2.14,2.35,3.01,3.77,4.26,5.04,6.48,7.79,9.15,11.66,14.45,17.08,19.98,24.12,27.52,30.73,34.78,36.73,36.27,35.94,33.96,29.92,26.09,22.62,18.31,14.46,12.01,9.55,7.29,6.13,5.28,4.23,3.76,3.79,3.44,3.23,3.65,3.88,3.92
200,-6.743,0.43,7,12.46,17.23,21.54,20.53,16.1,12.51,9.5,6.77,4.32,2.74,1.24,-0.14,-0.97,-1.521,-2.333,-2.599,-2.48,-2.62,-2.739,-2.284,-2.183,-2.232,-1.91,-1.595,-1.759,-1.948,-1.605,-1.67,-1.653,-1.735,-1.603,-1.89,-1.754,-1.421,-1.542,-1.602,-1.09,-0.96,-1.01,-0.48,-0.04,0,0.44,1.25,1.43,1.58,2.39,2.86,2.92,3.58,4.37,4.63,5.3,6.78,7.67,8.75,11.02,13.35,15.42,17.75,21.55,24.67,28.19,33.09,35.94,37.87,39.82,39.88,37.14,34.05,30.8,25.93,21.22,18.13,14.78,11.58,9.79,8.46,6.79,6,5.92,5.37,4.95,5.4,5.57,5.42
20,-4.625,-5.234,-5.122,-5.087,-4.408,-5.283,-1.363,5.358,11.078,16.308,20.578,24.438,23.558,19.808,16.568,14.168,12.428,10.298,8.688,7.798,6.488,5.288,4.783,4.065,3.103,2.77,2.476,1.827,1.488,1.589,0.806,0.473,0.51,0.255,-0.131,-0.086,-0.149,-0.338,-0.334,-0.301,-0.24,-0.291,-0.104,-0.016,0,0.059,0.368,0.432,0.486,0.779,1.012,1.037,1.204,1.483,1.488,1.617,1.712,1.783,1.72,1.979,2.24,2.26,2.5,3.092,3.424,3.531,4.264,4.59,4.652,4.954,5.038,4.652,4.449,4.405,3.969,3.637,3.721,3.54,3.453,3.684,3.91,3.843,3.992,4.386,4.456,4.498,4.986,5.368,5.528
20,-4.662,-4.326,-1.855,7.418,15.658,22.778,29.248,34.438,33.408,28.048,23.298,19.218,16.048,13.328,10.758,9.018,7.648,6.038,4.893,4.231,3.374,2.541,2.347,1.934,1.43,1.302,1.353,0.941,0.861,0.524,0.236,0.049,0.035,-0.157,-0.349,-0.347,-0.413,-0.526,-0.499,-0.446,-0.382,-0.378,-0.222,-0.069,0,0.09,0.435,0.591,0.651,1.05,1.268,1.371,1.57,1.828,1.797,1.946,2.049,2.108,1.923,2.237,2.554,2.675,2.939,3.608,3.989,4.163,4.907,5.155,5.127,5.316,5.273,4.783,4.541,4.468,4.021,3.726,3.867,3.836,3.703,3.909,4.146,4.053,4.156,4.518,4.536,4.55,5.073,5.448,5.598
20,-5.483,-5.357,-5.028,-5.3062,-5.49,-5.35,-4.622,1.811,8.219,14.059,18.869,23.089,26.559,22.259,18.589,15.869,13.849,11.619,9.879,8.869,7.439,5.929,5.489,4.6,3.456,3.015,2.74,2.017,1.683,1.65,1.34,1.022,0.696,0.483,-0.005,0.046,0.052,-0.042,-0.194,-0.074,-0.181,-0.2,0.014,0.078,0,0.274,0.486,0.512,0.645,1.001,1.254,1.205,1.507,1.888,1.769,1.964,2.111,2.089,1.956,2.238,2.465,2.449,2.631,3.229,3.501,3.709,4.458,4.809,4.969,5.359,5.489,5.149,4.959,4.859,4.359,3.925,3.899,3.722,3.484,3.626,3.811,3.745,3.876,4.24,4.322,4.345,4.8,5.139,5.239
20,-5.346,-5.136,-5.2777,-5.318,-5.311,-5.115,-0.033,6.242,11.562,16.462,20.512,24.612,21.912,18.632,15.682,13.672,12.032,10.082,8.572,7.902,6.702,5.452,5.002,4.275,3.26,2.93,2.615,1.997,1.547,1.628,1.267,0.9,0.592,0.345,-0.031,-0.021,-0.131,-0.248,-0.225,-0.218,-0.183,-0.215,-0.031,0.041,0,0.232,0.422,0.418,0.492,0.75,0.889,0.88,1.067,1.358,1.366,1.509,1.624,1.687,1.595,1.874,2.184,2.224,2.454,3.064,3.402,3.558,4.308,4.611,4.655,4.932,5.002,4.587,4.377,4.31,3.868,3.519,3.624,3.551,3.416,3.628,3.843,3.784,3.932,4.296,4.37,4.421,4.916,5.282,5.442
25,-6.603,-5.854,-4.678,0.859,5.759,9.869,13.419,16.329,16.669,13.119,10.069,7.509,5.599,3.909,2.553,1.629,1.027,0.362,0.096,0.138,0.054,-0.009,0.467,0.691,0.761,0.995,1.205,0.995,0.763,0.964,0.777,0.476,0.519,0.446,0.138,0.122,0.215,-0.009,-0.16,0,-0.102,-0.188,-0.046,0.127,0,0.232,0.719,0.91,1.106,1.692,2.031,2.11,2.408,2.698,2.57,2.5,2.745,2.625,2.458,2.765,2.975,2.994,3.426,4.159,4.559,5.059,6.089,6.609,6.709,7.069,7.119,6.419,5.949,5.729,4.979,4.369,4.389,4.209,3.859,4.049,4.259,4.089,4.169,4.329,4.549,4.509,5.009,5.339,5.349
25,-6.678,-6.209,-6.636,-6.615,-5.04,-0.455,3.332,6.662,9.292,11.832,12.232,9.282,7.072,5.192,3.647,2.576,1.736,0.987,0.574,0.49,0.455,0.371,0.763,1.05,1.113,1.34,1.683,1.568,1.417,1.54,1.26,0.997,1.001,0.875,0.546,0.434,0.441,0.241,0.049,0.147,0.07,-0.067,0.01,0.105,0,0.115,0.472,0.553,0.682,1.13,1.417,1.473,1.767,2.009,1.921,1.89,2.079,1.963,1.851,2.061,2.229,2.229,2.579,3.101,3.395,3.783,4.632,5.122,5.252,5.662,5.722,5.212,4.852,4.592,3.962,3.363,3.304,3.104,2.768,2.859,3.01,2.842,2.912,3.216,3.202,3.111,3.524,3.731,3.706
25,-6.762001,-5.824,-7.112,-7.119,-6.482,-7.091,-3.444,1.022,4.831,8.271,10.981,13.301,11.791,9.031,6.611,4.901,3.651,2.324,1.561,1.162,0.812,0.532,0.756,0.91,0.812,1.06,1.414,1.361,1.326,1.575,1.421,1.12,1.127,1.004,0.602,0.539,0.549,0.252,0.056,0.238,0.133,-0.133,0.059,0.154,0,0.196,0.542,0.668,0.798,1.305,1.627,1.729,2.068,2.376,2.285,2.25,2.516,2.408,2.208,2.443,2.558,2.509,2.828,3.361,3.651,3.981,4.891,5.411,5.591,6.091,6.271,5.841,5.521,5.411,4.791,4.221,4.231,4.041,3.731,3.901,4.151,4.031,4.151,4.571,4.591,4.551,5.001,5.251,5.191
25,-6.433,-7.007,-6.916,-6.93,-6.321,-4.62,-0.161,3.727,7.017,9.797,12.077,11.747,9.027,6.647,4.667,3.36,2.289,1.33,0.742,0.616,0.399,0.28,0.609,0.917,0.924,1.323,1.585,1.55,1.512,1.627,1.346,1.045,1.045,0.969,0.607,0.499,0.507,0.215,0.059,0.194,0.149,-0.079,-0.026,0.131,0,0.11,0.502,0.614,0.751,1.333,1.715,1.804,2.196,2.562,2.443,2.457,2.702,2.55,2.354,2.569,2.691,2.639,2.931,3.487,3.727,4.127,5.087,5.687,5.967,6.527,6.807,6.357,6.017,5.807,5.037,4.337,4.207,3.907,3.487,3.587,3.747,3.567,3.657,4.007,3.987,3.897,4.317,4.537,4.487
25,-6.286,-6.524,-1.89,2.142,5.779,8.839,11.629,14.349,11.619,9.539,7.569,6.009,5.049,4.189,3.514,3.388,3.647,3.556,4.309,5.399,6.079,6.699,7.529,7.869,7.169,7.079,6.449,5.419,4.859,4.149,3.633,2.968,2.478,2.072,1.508,1.169,0.987,0.612,0.224,0.399,0.056,-0.039,0.08,0.014,0,0.227,0.378,0.567,0.77,0.973,1.442,1.19,1.263,1.68,1.564,1.641,1.676,1.645,1.738,1.715,1.914,1.988,2.471,2.828,3.318,3.71,4.679,4.979,4.789,5.219,5.479,5.129,4.649,4.399,4.169,3.363,3.552,3.325,3.01,3.213,3.013,3.045,3.148,3.29,3.244,3.398,3.279,3.626,3.937
25,2.8,7.387,11.427,14.957,18.047,15.967,12.997,10.397,8.407,6.737,5.187,3.997,3.178,2.632,2.289,2.128,2.464,2.625,3.255,3.957,4.357,4.937,5.267,5.357,4.687,4.467,4.337,3.328,2.824,2.457,2.072,1.627,1.466,1.05,0.693,0.367,0.444,0.07,-0.238,-0.032,-0.214,-0.406,-0.109,-0.119,0,0.08,0.633,0.938,0.917,1.501,1.729,1.778,1.711,1.858,1.844,1.729,1.729,1.813,1.638,1.932,2.254,2.261,2.905,3.44,3.817,3.947,4.907,5.207,4.817,5.177,4.857,4.127,4.047,3.567,3.311,2.768,2.817,2.747,2.373,2.425,2.592,2.539,2.691,2.795,2.84,2.84,3.292,3.727,3.867
25,-6.251,-6.867,-6.237,-5.502,-2.632,1.673,5.413,8.603,11.273,14.093,11.733,9.283,7.403,5.973,4.813,3.973,3.953,3.472,3.963,4.903,5.643,6.413,7.273,7.793,7.673,7.233,7.283,6.513,5.343,5.063,4.413,3.227,2.975,2.492,2.016,1.547,1.274,0.987,0.483,0.413,0.182,0.14,-0.021,0.161,0,0.21,0.399,0.399,0.644,1.057,1.19,1.305,1.47,1.505,1.372,1.309,1.589,1.204,1.428,1.54,1.715,1.659,2.366,2.471,3.157,3.409,4.143,4.783,4.933,5.603,5.133,4.833,4.813,4.813,4.093,3.248,3.332,3.311,3.194,3.122,3.01,2.688,3.129,2.842,2.985,2.821,3.489,3.833,3.703
25,-5.992,-5.236,-6.461,-4.809,0.014,4.15,7.8,10.74,13.46,14.11,11.49,8.97,7.34,5.84,4.81,4.07,3.98,3.703,4.01,5.15,6.01,6.71,7.57,8.2,8.27,8.18,7.9,6.68,5.96,5.52,4.59,3.521,3.346,2.933,2.121,1.764,1.519,1.029,0.595,0.686,0.525,0.437,0.217,0.322,0,0.175,0.483,0.497,0.588,1.043,1.113,1.099,1.309,1.533,1.372,1.456,1.452,1.54,1.442,1.589,1.96,1.785,2.268,2.842,3.129,3.5,4.36,4.85,5.05,5.56,5.77,5.35,5.34,5.05,4.36,4.05,4.13,3.549,3.381,3.451,3.493,3.411,3.311,3.388,3.234,3.377,3.86,3.738,4.1
25,-5.236,-5.6,-1.617,2.884,6.653,9.953,12.953,15.473,14.023,11.593,9.383,7.523,6.113,4.903,3.836,3.136,2.681,2.149,1.988,2.149,2.233,2.268,2.607,2.87,2.898,3.101,3.132,2.929,2.681,2.537,2.306,1.865,1.662,1.407,1.043,0.805,0.71,0.423,0.238,0.241,0.189,-0.109,-0.054,0.047,0,0.038,0.292,0.371,0.458,0.768,0.985,1.024,1.272,1.561,1.585,1.591,1.871,1.955,1.921,2.166,2.401,2.453,2.735,3.195,3.444,3.731,4.317,4.611,4.634,4.863,4.833,4.413,4.133,3.967,3.488,3.031,2.956,2.761,2.485,2.501,2.467,2.441,2.546,2.655,2.621,2.761,2.835,2.933,2.893
25,-5.463,-4.728,-5.729,-5.939,-0.857,3.203,6.664,9.654,12.144,14.654,11.864,9.514,7.784,6.194,4.824,3.938,3.266,2.566,2.181,2.167,2.069,2.111,2.524,2.769,2.797,3.035,3.189,2.986,2.793,2.627,2.363,1.967,1.792,1.421,1.078,0.905,0.665,0.379,0.283,0.2,0.087,-0.025,0.047,0.052,0,0.192,0.287,0.382,0.581,0.804,0.891,1.065,1.27,1.456,1.538,1.631,1.843,1.963,1.991,2.247,2.566,2.769,3.091,3.69,4.208,4.512,5.264,5.594,5.664,5.894,5.874,5.374,4.944,4.724,4.097,3.541,3.413,3.159,2.851,2.862,2.836,2.804,2.828,2.923,3.049,3.012,3.311,3.432,3.411
25,-5.818,-5.09,-0.344,4.43,8.463,11.923,15.043,18.053,14.923,12.343,9.893,7.773,6.403,5.083,3.933,3.24,2.771,2.12,1.868,2.057,2.092,2.092,2.547,2.799,2.746,2.921,2.995,2.661,2.361,2.283,1.908,1.576,1.373,1.15,0.708,0.538,0.464,-0.06,-0.065,-0.069,-0.194,-0.154,-0.062,-0.061,0,0.17,0.443,0.505,0.723,1.041,1.282,1.422,1.625,1.905,1.892,1.941,2.273,2.392,2.396,2.795,3.194,3.448,3.823,4.523,4.883,5.223,5.943,6.153,6.043,6.103,5.903,5.223,4.773,4.481,3.912,3.462,3.455,3.299,3.079,3.179,3.308,3.173,3.256,3.36,3.518,3.492,3.868,4.085,4.122
25,-5.558,-5.124,-4.312,-5.887,-0.252,4.151,7.709,10.829,13.519,15.959,12.899,10.299,8.269,6.509,4.989,3.787,2.94,1.988,1.428,1.078,0.707,0.399,0.455,0.462,0.371,0.49,0.686,0.588,0.602,0.749,0.602,0.444,0.43,0.36,0.157,0.084,0.07,-0.095,-0.14,-0.109,-0.098,-0.144,-0.165,-0.021,0,0.049,0.111,0.306,0.402,0.526,0.733,0.921,1.12,1.291,1.43,1.543,1.686,1.896,1.905,2.156,2.5,2.719,3,3.664,4.154,4.409,5.049,5.389,5.449,5.639,5.599,5.109,4.706,4.413,3.867,3.346,3.241,3.059,2.802,2.87,2.964,2.898,2.957,3.062,3.208,3.185,3.447,3.516,3.533
25,-4.83,-5.642,-5.6,-5.39,-4.669,-2.016,2.072,5.587,8.557,11.217,12.807,12.117,9.887,7.927,6.207,5.157,4.263,3.318,2.835,2.807,2.471,2.394,2.66,2.877,2.873,3.237,3.472,3.339,3.16,3.178,2.8,2.334,2.18,1.816,1.344,1.057,0.896,0.542,0.301,0.304,0.157,-0.014,0.028,0.003,0,0.104,0.224,0.189,0.217,0.532,0.63,0.63,0.84,1.057,1.074,1.095,1.351,1.379,1.337,1.61,1.795,1.869,2.156,2.611,2.81,3.09,3.685,3.941,3.997,4.203,4.207,3.808,3.584,3.468,3.048,2.691,2.709,2.593,2.333,2.509,2.656,2.602,2.751,2.892,3.101,3.141,3.482,3.629,3.629
25,-5.327,-4.788,-5.425,-4.291,1.414,6.394,10.644,14.284,17.334,18.894,15.274,12.254,9.954,7.974,6.284,5.094,4.172,3.199,2.618,2.38,1.953,1.624,1.778,1.715,1.547,1.659,1.555,1.515,1.498,1.638,1.333,1.06,1.046,0.836,0.493,0.464,0.248,0.07,-0.012,0.073,-0.089,-0.111,0.037,0.042,0,0.118,0.332,0.367,0.542,0.76,0.871,0.97,1.183,1.323,1.334,1.431,1.596,1.641,1.696,1.936,2.165,2.351,2.644,3.234,3.634,3.909,4.67,5.014,5.054,5.254,5.214,4.655,4.308,4.072,3.524,3.097,3.073,2.889,2.684,2.823,2.949,2.861,2.977,3.269,3.279,3.274,3.624,3.782,3.764
25,-5.565,-5.642,-5.432,-5.5475,-5.523,-5.593,-2.254,1.729,5.064,8.074,10.564,12.734,11.674,9.384,7.374,5.974,4.844,3.668,2.926,2.506,1.904,1.407,1.309,1.106,0.742,0.735,0.586,0.427,0.441,0.553,0.441,0.301,0.315,0.189,-0.011,-0.042,0.007,-0.147,-0.238,-0.098,-0.067,-0.023,0.035,0.038,0,0.133,0.378,0.32,0.497,0.8,0.93,1.022,1.319,1.536,1.55,1.767,2.044,2.092,2.126,2.365,2.636,2.744,2.994,3.503,3.862,4.073,4.782,5.184,5.244,5.534,5.564,5.134,4.86,4.669,4.107,3.654,3.572,3.348,3.083,3.159,3.271,3.162,3.286,3.587,3.582,3.568,3.892,4.03,3.995
25,-4.94,-5.409,-5.507,-5.479,-4.821,-5.409,-4.429,0.317,4.524,8.223,11.203,13.823,15.303,12.423,9.943,8.163,6.703,5.263,4.293,3.775,2.991,2.333,2.165,1.85,1.346,1.241,1.22,0.863,0.723,0.849,0.681,0.478,0.446,0.366,0.26,0.107,0.121,-0.044,-0.093,0.065,0.033,-0.037,0.005,-0.001,0,0.026,0.145,0.169,0.283,0.491,0.608,0.637,0.859,0.995,1.005,1.156,1.282,1.349,1.414,1.613,1.846,2,2.204,2.738,3.159,3.383,4.093,4.513,4.643,4.953,4.963,4.517,4.23,4.034,3.463,3.024,2.958,2.746,2.471,2.62,2.76,2.653,2.777,3.087,3.136,3.133,3.467,3.644,3.652
25,-4.588,-4.924,-4.924,-4.763,-4.504,-3.909,1.166,5.497,9.087,12.217,14.847,16.117,13.147,10.487,8.317,6.617,5.247,3.966,2.972,2.37,1.684,1.082,0.837,0.501,0.116,-0.01,-0.059,-0.346,-0.451,-0.374,-0.472,-0.64,-0.528,-0.507,-0.661,-0.584,-0.507,-0.598,-0.549,-0.339,-0.339,-0.325,-0.136,-0.021,0,0.137,0.392,0.511,0.49,0.793,0.97,1.035,1.336,1.579,1.686,1.777,2.055,2.109,2.151,2.405,2.608,2.608,2.923,3.317,3.495,3.775,4.314,4.617,4.69,4.907,4.897,4.479,4.16,3.92,3.39,2.942,2.823,2.589,2.363,2.408,2.415,2.486,2.407,2.666,2.808,2.753,2.931,3.201,3.161
25,-5.416,-5.15,-4.625,-5.206,-5.416,-5.192,-4.653,-0.684,3.642,7.348,10.688,13.318,16.378,13.298,10.758,8.728,7.218,5.628,4.51,3.901,2.991,2.312,2.046,1.584,0.996,0.926,0.849,0.436,0.254,0.352,0.121,-0.082,-0.047,-0.164,-0.257,-0.271,-0.316,-0.373,-0.362,-0.282,-0.201,-0.191,-0.09,0.03,0,0.17,0.123,0.222,0.392,0.558,0.694,0.782,0.975,1.115,1.15,1.253,1.459,1.569,1.627,1.85,2.091,2.229,2.461,3.004,3.342,3.578,4.317,4.718,4.841,5.118,5.128,4.708,4.447,4.223,3.687,3.243,3.157,2.924,2.671,2.776,2.9,2.781,2.924,3.238,3.26,3.278,3.593,3.759,3.74
25,-5.483001,-4.706,-5.861,-5.973,-5.483001,-1.01,3.736,7.62,10.97,14.03,17.41,14.07,11.46,9.31,7.36,6.04,5.02,3.799,3.113,2.658,2.105,1.419,1.342,0.992,0.537,0.39,0.369,-0.002,-0.079,-0.058,-0.198,-0.373,-0.331,-0.439,-0.513,-0.538,-0.505,-0.471,-0.499,-0.3,-0.223,-0.251,-0.135,0.035,0,0.083,0.149,0.148,0.335,0.665,0.799,0.863,1.18,1.416,1.415,1.548,1.846,1.881,1.926,2.298,2.612,2.726,3.102,3.72,4.055,4.279,5.1,5.3,5.33,5.51,5.41,4.88,4.52,4.327,3.795,3.37,3.375,3.227,2.975,3.157,3.339,3.221,3.389,3.729,3.76,3.785,4.173,4.401,4.439
25,-5.582,-5.12,-5.652,-5.771,-5.638,-5.043,-3.244,1.747,6.216,10.056,13.286,16.106,16.286,13.336,10.696,8.826,7.356,5.786,4.776,4.155,3.329,2.545,2.293,1.852,1.25,1.033,0.963,0.536,0.319,0.361,0.102,-0.073,-0.045,-0.136,-0.367,-0.441,-0.29,-0.399,-0.409,-0.299,-0.168,-0.22,-0.108,0.067,0,0.095,0.134,0.177,0.36,0.656,0.783,0.853,1.134,1.378,1.379,1.59,1.893,1.988,1.954,2.338,2.623,2.713,3.053,3.69,3.981,4.236,5.066,5.396,5.476,5.756,5.756,5.276,4.976,4.796,4.193,3.703,3.649,3.446,3.163,3.276,3.425,3.324,3.464,3.8,3.822,3.845,4.246,4.433,4.445
25,-5.052,-5.661,-5.829,-4.954,0.254,5.291,9.581,13.191,16.391,19.081,15.321,12.121,9.651,7.561,5.661,4.37,3.355,2.179,1.437,0.989,0.415,-0.047,-0.145,-0.362,-0.677,-0.635,-0.677,-0.887,-0.852,-0.789,-0.817,-0.866,-0.754,-0.628,-0.789,-0.649,-0.569,-0.597,-0.466,-0.387,-0.313,-0.327,-0.226,0.004,0,0.152,0.586,0.621,0.746,1.132,1.393,1.376,1.626,1.899,1.869,2.07,2.216,2.298,2.273,2.555,2.8,2.809,3.169,3.694,3.948,4.268,4.941,5.351,5.421,5.701,5.711,5.261,4.851,4.603,3.983,3.465,3.343,3.08,2.83,2.896,3.031,2.882,2.986,3.108,3.288,3.276,3.589,3.749,3.7
25,-5.372,-5.869,-5.897,-5.764,-5.211,-4.273,0.522,4.442,7.825,10.805,13.365,14.145,11.455,9.115,7.085,5.585,4.533,3.273,2.475,2.006,1.411,0.907,0.69,0.431,0.081,-0.003,-0.101,-0.311,-0.479,-0.262,-0.416,-0.591,-0.472,-0.507,-0.626,-0.556,-0.567,-0.521,-0.41,-0.304,-0.248,-0.262,-0.087,0.046,0,0.221,0.419,0.499,0.625,0.926,1.241,1.346,1.626,1.95,2.015,2.055,2.51,2.571,2.571,2.876,3.108,3.15,3.42,3.877,4.122,4.417,5.105,5.465,5.605,5.905,6.015,5.555,5.265,4.965,4.426,3.861,3.747,3.495,3.163,3.231,3.341,3.245,3.346,3.653,3.723,3.712,4.078,4.288,4.251
25,-5.826,-5.63,-5.7455,-5.742,-5.784,-3.53,2,6.675,10.705,14.295,17.255,17.025,13.885,11.205,8.825,7.065,5.715,4.359,3.337,2.756,2.056,1.314,1.188,0.789,0.348,0.194,0.166,-0.226,-0.275,-0.233,-0.338,-0.464,-0.38,-0.366,-0.499,-0.478,-0.401,-0.429,-0.306,-0.219,-0.174,-0.23,-0.116,0.068,0,-0.004,-0.065,-0.019,0.15,0.415,0.57,0.62,0.88,1.142,1.254,1.288,1.62,1.72,1.714,2.034,2.389,2.558,2.853,3.526,3.953,4.223,5.075,5.465,5.555,5.895,5.995,5.555,5.205,4.995,4.378,3.827,3.718,3.475,3.162,3.276,3.417,3.339,3.437,3.795,3.846,3.872,4.25,4.469,4.478
25,-4.717,-4.647,-4.15,-3.632,2.731,8.346,13.066,17.066,20.646,22.276,18.306,14.916,12.226,9.956,8.056,6.506,5.307,4.11,3.228,2.696,2.073,1.457,1.247,0.939,0.61,0.442,0.428,0.183,0.064,0.225,0.148,0.036,0.106,0.144,-0.055,0.095,0.186,0.078,0.085,0.249,0.302,0.274,0.128,-0.065,0,0.195,0.342,0.495,0.689,0.933,1.152,1.213,1.553,1.761,1.782,1.831,2.161,2.305,2.248,2.614,3.049,3.217,3.49,4.246,4.645,4.915,5.736,6.156,6.196,6.566,6.526,6.066,5.766,5.531,4.967,4.462,4.423,4.21,3.938,4.035,4.19,4.078,4.173,4.509,4.519,4.519,4.878,5.1,5.102
2,-5.288,-5.113,-5.3055,-5.463,-5.358,-2.208,5.119,11.529,16.799,21.699,25.949,25.339,21.489,18.129,15.219,13.189,11.789,9.809,8.309,7.559,6.319,4.979,4.57,3.812,2.898,2.496,2.265,1.637,1.302,1.332,1.031,0.674,0.495,0.294,-0.126,-0.063,-0.052,-0.343,-0.299,-0.162,-0.189,-0.235,-0.1,0.088,0,0.175,0.413,0.462,0.571,0.931,1.155,1.199,1.408,1.672,1.626,1.666,1.693,1.675,1.575,1.443,1.488,1.311,1.241,1.499,1.519,1.685,1.778,1.942,1.834,1.992,2.198,2.101,2.264,2.359,2.396,2.31,2.733,2.963,3.014,3.348,3.73,3.779,3.973,4.402,4.526,4.57,5.109,5.479,5.639
2,-4.959,-4.028,-5.225,-5.078,-4.672,-3.846,-5.33,0.382,6.932,12.762,17.622,21.952,27.042,22.782,19.052,16.402,14.252,11.892,9.992,9.132,7.672,6.212,5.692,4.844,3.777,3.294,3.091,2.31,1.85,1.866,1.481,0.892,0.844,0.533,0.174,0.175,0.063,-0.211,-0.182,-0.152,-0.094,-0.122,0.021,0.1,0,0.148,0.343,0.412,0.461,0.749,0.924,0.987,1.165,1.393,1.377,1.453,1.539,1.505,1.467,1.368,1.457,1.307,1.289,1.568,1.575,1.778,1.9,2.067,1.97,2.095,2.302,2.228,2.357,2.417,2.481,2.352,2.752,3.038,3.042,3.43,3.81,3.878,4.106,4.566,4.689,4.752,5.252,5.632,5.752
2,-3.623,-5.247,-5.016,-5.177,-5.163,-5.282,-5.009,-1.635,3.972,8.935,13.145,16.695,20.125,19.325,16.025,13.775,11.875,9.945,8.595,7.615,6.375,5.235,4.766,4.01,3.051,2.722,2.404,1.73,1.378,1.371,1.018,0.663,0.68,0.551,0.295,0.216,0.22,0.061,-0.025,-0.258,-0.248,-0.236,-0.126,-0.042,0,0.119,0.217,0.278,0.414,0.603,0.839,0.878,1.022,1.28,1.337,1.285,1.443,1.432,1.376,1.303,1.327,1.217,1.126,1.299,1.389,1.263,1.575,1.742,1.686,1.822,1.995,1.933,2.013,2.036,2.086,1.938,2.19,2.394,2.428,2.635,3.043,3.016,3.197,3.569,3.659,3.692,4.079,4.318,4.364
2,-5.89,-5.687,-5.85325,-5.862,-5.974,-5.421,-4.623,-0.913,4.698,9.968,14.348,18.178,23.228,20.128,17.108,15.128,13.548,11.508,9.998,9.338,7.938,6.518,6.028,5.168,3.945,3.553,3.154,2.254,1.638,1.663,1.313,0.861,0.854,0.69,0.375,0.273,0.196,0.042,-0.157,0.014,-0.031,-0.108,-0.014,0.091,0,0.07,0.329,0.326,0.479,0.585,0.676,0.634,0.784,0.97,0.865,0.798,0.994,0.882,0.707,0.788,0.791,0.585,0.651,0.682,0.746,0.746,1.078,1.173,1.099,1.288,1.28,1.155,1.203,1.282,1.383,1.388,1.747,1.938,1.974,2.319,2.709,2.792,3.038,3.513,3.651,3.754,4.278,4.638,4.798
50,-6.758,-6.184,-6.786,-6.765,-7.542,-1.494,2.888,6.544,9.664,12.334,14.354,10.984,8.464,6.224,4.364,3.091,2.083,1.124,0.634,0.508,0.221,0.116,0.459,0.669,0.718,1.075,1.218,1.082,1.092,1.157,0.966,0.639,0.734,0.629,0.298,0.237,0.284,0.02,-0.096,0.077,-0.019,-0.187,0.021,0.154,0,0.265,0.646,0.79,0.989,1.54,1.85,1.945,2.317,2.674,2.578,2.653,2.984,3.049,3.003,3.488,3.904,4.154,4.924,6.024,6.824,7.814,9.514,10.554,11.104,11.824,11.944,10.944,10.004,9.214,7.834,6.554,6.074,5.404,4.704,4.644,4.654,4.344,4.354,4.464,4.624,4.554,5.004,5.254,5.194
50,-7.283,-7.003,-6.226,-7.304,-3.286,1.922,6.336,9.996,13.156,15.166,13.786,10.426,7.876,5.726,3.866,2.657,1.754,0.802,0.403,0.319,0.123,0.102,0.48,0.781,0.746,0.987,1.316,1.148,1.096,1.222,0.987,0.69,0.788,0.641,0.336,0.273,0.329,0.063,-0.098,0.091,0.004,-0.213,-0.031,0.109,0,0.224,0.602,0.718,0.872,1.372,1.631,1.691,1.95,2.258,2.121,2.146,2.517,2.531,2.555,3.076,3.546,3.876,4.666,5.816,6.626,7.586,9.176,10.066,10.396,10.906,10.796,9.646,8.776,7.986,6.646,5.506,5.086,4.456,3.826,3.766,3.766,3.426,3.446,3.556,3.696,3.646,4.156,4.426,4.476
50,-5.278,-6.097,-6.097,-4.641,0.672,5.109,8.799,11.949,14.499,15.389,12.009,9.209,7.119,5.169,3.654,2.597,1.827,1.106,0.686,0.665,0.525,0.469,0.819,1.057,1.12,1.365,1.547,1.386,1.291,1.262,1.071,0.789,0.81,0.615,0.287,0.402,0.327,0.038,0.039,0.108,0.003,-0.098,0.079,0.138,0,0.327,0.658,0.727,0.943,1.442,1.652,1.684,2.037,2.29,2.113,2.231,2.612,2.607,2.66,3.272,3.889,4.299,5.269,6.639,6.989,7.949,9.419,10.249,10.559,10.949,10.779,9.629,8.639,7.849,6.539,5.439,4.939,4.339,3.72,3.636,3.601,3.265,3.253,3.335,3.44,3.381,3.759,3.988,4.011
50,-6.585,-6.123,-6.466,-6.242,-1.685,2.655,6.296,9.296,11.876,14.116,10.906,8.286,6.296,4.546,3.11,2.095,1.402,0.702,0.331,0.296,0.212,0.17,0.534,0.772,0.779,0.961,1.178,1.006,0.77,0.887,0.705,0.418,0.485,0.404,0.096,0.086,0.102,-0.136,-0.238,-0.066,-0.143,-0.303,-0.079,0.044,0,0.191,0.648,0.789,0.922,1.479,1.705,1.754,2.09,2.431,2.357,2.466,2.832,2.907,2.942,3.467,3.996,4.376,5.226,6.396,7.226,8.196,9.666,10.436,10.606,10.896,10.546,9.326,8.326,7.486,6.206,5.126,4.706,4.126,3.558,3.498,3.469,3.159,3.154,3.232,3.33,3.283,3.689,3.876,3.886
5,-6.72,-5.915,-6.986,-6.993,-3.192,1.358,5.24,8.29,11.04,12.94,11.37,8.54,6.43,4.61,3.045,2.072,1.351,0.707,0.406,0.392,0.434,0.462,0.91,1.232,1.235,1.585,1.886,1.778,1.606,1.76,1.512,1.151,1.162,0.983,0.661,0.542,0.493,0.283,0.042,0.224,0.073,-0.095,0.024,0.098,0,0.094,0.479,0.581,0.714,1.263,1.533,1.634,1.97,2.233,2.044,1.956,2.096,1.893,1.634,1.69,1.652,1.445,1.561,1.792,1.764,1.799,2.212,2.317,2.215,2.418,2.492,2.236,2.173,2.387,2.222,2.121,2.439,2.583,2.576,2.919,3.283,3.241,3.391,3.79,3.8,3.76,4.2,4.44,4.43
5,-6.727,-6.104,-6.958,-6.419,-1.05,3.29,7.146,10.306,12.936,14.436,11.176,8.396,6.326,4.506,2.961,1.967,1.281,0.539,0.112,0.21,0.098,0.084,0.42,0.728,0.812,1.043,1.326,1.298,1.099,1.309,1.123,0.843,0.861,0.766,0.451,0.353,0.441,0.21,-0.007,0.196,0.073,-0.119,0.031,0.126,0,0.182,0.532,0.71,0.913,1.431,1.837,1.953,2.38,2.684,2.495,2.376,2.478,2.243,1.883,1.96,1.879,1.683,1.774,1.942,1.911,1.942,2.317,2.443,2.331,2.513,2.593,2.289,2.257,2.394,2.222,2.072,2.369,2.471,2.422,2.733,3.045,3.034,3.199,3.566,3.576,3.556,3.946,4.196,4.166
5,-7.504,-7.133,-6.321,-4.578,0.553,4.769,8.529,11.539,14.199,13.689,10.509,7.849,5.899,4.209,2.821,1.904,1.246,0.567,0.217,0.273,0.21,0.259,0.616,0.952,0.983,1.263,1.543,1.407,1.34,1.484,1.298,0.983,0.983,0.934,0.518,0.497,0.514,0.276,0.038,0.241,0.15,-0.018,0.052,0.171,0,0.15,0.507,0.619,0.77,1.295,1.557,1.617,1.988,2.257,2.089,2.005,2.191,1.977,1.659,1.771,1.746,1.494,1.624,1.869,1.823,1.876,2.38,2.534,2.502,2.796,2.999,2.772,2.839,2.889,2.999,2.939,3.349,3.549,3.569,3.979,4.409,4.389,4.599,5.069,5.069,5.309,5.449,5.629,5.519
5,-6.286,-7.105,-7.182,-6.817999,-7.252,-1.596,2.716,6.299,9.379,12.109,13.629,10.399,7.899,5.729,3.999,2.751,1.876,1.015,0.567,0.532,0.399,0.406,0.847,1.099,1.183,1.508,1.914,1.736,1.589,1.792,1.529,1.218,1.207,1.088,0.693,0.605,0.605,0.311,0.112,0.294,0.157,-0.046,0.056,0.189,0,0.143,0.493,0.654,0.777,1.34,1.711,1.837,2.261,2.558,2.436,2.334,2.537,2.306,2.026,2.082,2.089,1.806,1.897,2.173,2.145,2.184,2.618,2.768,2.705,2.919,2.989,2.698,2.66,2.817,2.621,2.471,2.786,2.926,2.898,3.259,3.649,3.619,3.819,4.249,4.299,4.249,4.709,4.929,4.899
5,-5.943,-3.143,4.52,11.51,17.69,23.41,30.18,25.45,21.12,17.56,14.27,11.48,9.32,7.5,5.92,5.08,4.66,4.38,4.56,5.59,6.43,7.13,8.41,9.08,8.99,8.97,8.58,7.58,6.55,6.01,5.17,4.3,3.752,3.262,2.478,2.086,1.785,1.26,0.784,0.728,0.455,0.154,0.147,0.189,0,0.098,0.371,0.427,0.462,0.868,1.099,1.071,1.274,1.449,1.239,1.085,1.225,0.987,0.742,0.833,0.833,0.644,0.749,0.994,0.899,0.962,1.386,1.543,1.484,1.75,1.946,1.757,1.802,1.872,1.995,1.935,2.313,2.45,2.422,2.758,3.087,3.003,3.139,3.542,3.556,3.507,4,4.32,4.35
5,-6.44,-6.335,-3.78,1.134,5.466,9.146,12.546,15.366,14.906,12.156,9.756,7.666,6.226,5.016,4.018,3.521,3.388,3.332,3.717,4.736,5.546,6.426,7.606,8.236,8.236,8.046,7.716,6.836,5.856,5.376,4.456,3.633,3.199,2.709,2.044,1.68,1.442,0.973,0.63,0.56,0.343,0.154,0.133,0.168,0,0.049,0.301,0.315,0.392,0.763,0.91,0.896,1.099,1.288,1.078,0.987,1.085,0.889,0.672,0.77,0.742,0.595,0.679,0.745,0.836,0.868,1.305,1.428,1.386,1.62,1.774,1.613,1.645,1.679,1.753,1.704,2.033,2.163,2.163,2.464,2.688,2.641,2.788,3.164,3.157,3.073,3.533,3.782,3.811
5,-5.348,-6.79,-6.601,-6.251,-4.067,-0.154,3.304,6.179,8.709,10.929,10.749,8.389,6.809,5.379,4.249,3.654,3.458,3.297,3.591,4.569,5.219,5.879,6.879,7.319,7.149,7.009,6.759,5.909,5.169,4.709,3.969,3.255,2.884,2.471,1.848,1.491,1.267,0.826,0.448,0.441,0.238,0.007,0.056,0.133,0,0.077,0.378,0.476,0.574,1.022,1.302,1.309,1.519,1.778,1.561,1.435,1.54,1.337,1.092,1.148,1.162,0.938,1.05,1.302,1.274,1.316,1.687,1.813,1.732,1.942,2.033,1.802,1.788,1.809,1.869,1.774,2.068,2.191,2.18,2.467,2.751,2.691,2.828,3.103,3.134,3.103,3.542,3.809,3.859
5,-6.076,-6.342,-5.831,-1.127,3.752,8.042,11.722,14.922,17.362,14.272,11.462,9.042,7.272,5.812,4.632,3.983,3.682,3.591,3.927,4.962,5.962,6.782,8.082,8.832,8.752,8.692,8.372,7.422,6.402,5.792,4.952,4.011,3.528,2.947,2.275,1.813,1.631,1.127,0.693,0.644,0.434,0.189,0.14,0.147,0,0.063,0.35,0.385,0.49,0.875,1.092,1.141,1.386,1.582,1.407,1.309,1.47,1.26,0.98,1.064,1.036,0.854,0.945,1.197,1.162,1.204,1.652,1.715,1.687,1.967,2.117,1.946,1.977,2.037,2.142,2.082,2.436,2.569,2.548,2.88,3.209,3.16,3.283,3.696,3.706,3.626,4.091,4.342,4.332
5,-6.065,-5.988,-5.484,-5.652,-0.199,4.092,7.963,11.113,13.883,16.153,13.073,10.543,8.623,6.993,5.613,4.613,3.931,3.224,2.881,2.944,2.783,2.916,3.343,3.654,3.78,4.071,4.323,4.05,3.766,3.707,3.287,2.818,2.555,2.139,1.638,1.281,1.089,0.7,0.452,0.431,0.277,0.025,0.081,0.147,0,0.028,0.193,0.214,0.221,0.49,0.665,0.644,0.847,1.005,0.97,0.935,1.068,0.994,0.858,0.921,0.893,0.749,0.823,1.04,1.019,1.082,1.414,1.509,1.474,1.645,1.61,1.418,1.379,1.502,1.425,1.21,1.422,1.584,1.595,1.739,2.078,2.081,2.211,2.564,2.606,2.618,2.939,3.143,3.171
5,-4.865,-6.216,-1.029,3.647,7.459,10.959,13.989,16.439,14.109,11.519,9.219,7.329,5.959,4.769,3.71,3.185,2.751,2.324,2.247,2.562,2.667,2.786,3.328,3.629,3.664,3.797,3.857,3.458,3.066,2.954,2.548,2.005,1.785,1.463,1.029,0.784,0.619,0.346,0.091,0.126,0.073,-0.07,0.045,0.119,0,0.136,0.388,0.469,0.542,0.871,1.071,1.036,1.204,1.379,1.218,1.162,1.298,1.172,1.039,1.109,1.158,1.081,1.193,1.435,1.466,1.526,1.844,1.942,1.82,1.967,1.867,1.657,1.596,1.727,1.635,1.453,1.726,1.914,1.927,2.186,2.431,2.418,2.551,2.865,2.903,2.894,3.299,3.533,3.636
5,-4.946,-4.680001,-3.532,2.348,7.253,11.613,15.503,18.743,19.123,15.933,12.973,10.573,8.573,6.903,5.403,4.301,3.44,2.621,2.054,1.823,1.571,1.445,1.641,1.781,1.823,2.026,2.204,2.071,2.033,1.921,1.72,1.468,1.231,0.94,0.72,0.505,0.343,0.176,0.081,0.017,-0.021,-0.101,-0.108,-0.051,0,-0.002,0.081,0.139,0.268,0.345,0.464,0.585,0.759,0.846,0.97,0.95,0.951,0.933,0.923,0.908,0.937,0.948,0.93,1.116,1.273,1.268,1.553,1.784,1.756,1.825,1.961,1.844,1.654,1.746,1.692,1.458,1.595,1.755,1.755,1.864,2.158,2.307,2.282,2.617,2.77,2.651,2.889,3.029,2.997
5,-5.359,-5.324,-4.953,-4.071,-2.615,2.404,6.549,10.079,13.199,15.959,15.469,12.599,10.279,8.369,6.579,5.349,4.322,3.356,2.677,2.327,1.879,1.41,1.529,1.452,1.228,1.34,1.473,1.357,1.191,1.322,1.182,0.902,0.832,0.672,0.476,0.334,0.199,0.035,0.02,-0.084,-0.108,-0.069,-0.072,-0.062,0,0.071,0.139,0.268,0.363,0.526,0.622,0.746,0.868,0.996,1.051,1.044,1.129,1.09,1.023,1.029,1.052,1.075,1.08,1.295,1.405,1.374,1.718,1.927,1.898,1.94,2.043,1.959,1.756,1.863,1.823,1.611,1.77,1.958,1.967,2.103,2.364,2.392,2.505,2.859,2.894,2.899,3.205,3.372,3.389
5,-6.163,-6.037,-5.211,-1.396,2.328,5.677,8.537,10.857,13.577,11.057,8.727,6.847,5.637,4.607,3.567,3.133,2.741,2.181,2.006,2.307,2.142,2.205,2.643,2.828,2.818,2.989,3.014,2.835,2.559,2.527,2.135,1.698,1.477,1.215,0.858,0.648,0.518,0.277,0.084,0.119,0.056,-0.129,-0.024,0.105,0,0.112,0.326,0.343,0.382,0.714,0.875,0.833,1.022,1.166,1.05,1.015,1.162,1.064,0.921,1.047,1.078,0.956,1.015,1.243,1.243,1.267,1.362,1.505,1.43,1.554,1.501,1.417,1.489,1.492,1.546,1.42,1.745,1.979,2.037,2.347,2.674,2.666,2.821,3.168,3.219,3.243,3.639,3.866,3.927
5,-5.848,-5.785,-5.449,-4.56,-5.778,-1.396,2.636,6.056,8.996,11.646,14.456,11.466,9.426,7.666,6.036,4.976,4.197,3.238,2.706,2.517,2.055,1.628,1.74,1.628,1.32,1.397,1.498,1.313,1.159,1.362,1.117,0.868,0.9,0.56,0.233,0.247,0.205,-0.021,-0.071,-0.05,-0.13,-0.105,-0.002,0.018,0,0.133,0.305,0.414,0.49,0.707,0.82,0.952,1.096,1.342,1.384,1.483,1.595,1.611,1.465,1.585,1.718,1.673,1.841,1.933,2.039,1.967,2.357,2.533,2.429,2.532,2.618,2.401,2.34,2.477,2.412,2.51,2.527,2.625,2.631,2.953,3.245,3.271,3.416,3.814,3.873,3.903,4.305,4.54,4.58
5,-4.969,-4.962,-4.29,-5.137,-4.241,1.758,7.006,11.376,15.166,18.506,19.486,15.816,12.996,10.606,8.446,6.956,5.726,4.523,3.592,3.088,2.444,1.828,1.737,1.401,1.023,0.946,1.044,0.753,0.62,0.792,0.68,0.536,0.606,0.417,0.186,0.108,0.123,-0.006,-0.041,-0.124,-0.231,-0.218,-0.138,-0.105,0,0.047,0.178,0.29,0.475,0.595,0.788,0.863,1.058,1.295,1.36,1.361,1.502,1.512,1.385,1.48,1.582,1.556,1.521,1.794,1.922,1.824,2.186,2.425,2.34,2.425,2.569,2.414,2.237,2.401,2.4,2.166,2.375,2.587,2.578,2.768,3.084,3.137,3.308,3.676,3.763,3.786,4.14,4.344,4.344
5,-5.334,-5.229,-5.3165,-5.271,-5.432,-5.138,-1.533,2.842,6.605,9.945,12.755,14.595,13.635,11.125,8.985,7.305,6.095,4.795,3.92,3.479,2.688,2.114,1.967,1.659,1.176,1.183,1.141,0.798,0.56,0.773,0.574,0.451,0.472,0.437,0.147,0.171,0.037,-0.018,-0.014,-0.019,-0.054,-0.068,-0.082,-0.04,0,0.102,0.136,0.216,0.31,0.458,0.614,0.752,0.843,0.944,1.036,1.041,1.123,1.208,1.107,1.137,1.197,1.151,1.092,1.281,1.395,1.33,1.593,1.786,1.732,1.83,1.965,1.872,1.679,1.802,1.765,1.564,1.732,1.893,1.89,2.009,2.362,2.516,2.529,2.929,2.987,3.013,3.351,3.53,3.561
5,-5.52,-5.079,-4.393,-1.425,3.461,7.551,11.041,14.111,15.981,15.021,12.151,9.751,8.041,6.531,5.251,4.315,3.692,2.782,2.229,2.012,1.501,1.06,0.899,0.654,0.262,0.202,0.181,-0.046,-0.162,-0.092,-0.144,-0.189,-0.26,-0.26,-0.396,-0.426,-0.296,-0.37,-0.598,-0.493,-0.401,-0.355,-0.225,-0.126,0,0.132,0.225,0.434,0.542,0.744,0.919,0.969,1.085,1.249,1.257,1.237,1.236,1.207,1.11,1.176,1.347,1.292,1.329,1.579,1.724,1.621,1.924,2.036,1.875,1.857,1.947,1.84,1.669,1.86,1.945,1.793,2.113,2.367,2.431,2.686,2.966,2.98,3.13,3.477,3.547,3.583,4,4.315,4.45
5,-5.381,-5.416,-5.164,-4.226,-5.521,-1.916,2.032,5.593,8.623,11.263,13.533,12.023,9.713,7.723,6.033,4.846,3.901,2.928,2.291,1.892,1.409,0.975,0.87,0.604,0.226,0.191,0.17,-0.082,-0.152,-0.012,-0.124,-0.264,-0.138,-0.163,-0.373,-0.306,-0.191,-0.236,-0.219,-0.175,-0.117,-0.129,-0.138,-0.061,0,0.227,0.371,0.474,0.632,0.832,0.996,1.199,1.318,1.487,1.541,1.529,1.712,1.749,1.693,1.733,1.782,1.842,1.859,2.158,2.322,2.235,2.594,2.788,2.701,2.763,2.855,2.693,2.451,2.573,2.495,2.297,2.497,2.675,2.578,2.811,3.117,3.15,3.309,3.658,3.738,3.754,4.104,4.326,4.351
5,-4.842,-3.883,-5.339,-5.416,-4.73,-5.311,-4.793,1.227,6.006,10.226,13.846,17.016,18.716,15.396,12.556,10.386,8.706,6.916,5.766,4.867,3.873,2.998,2.606,2.186,1.472,1.227,1.017,0.681,0.45,0.513,0.254,0.044,0.051,-0.081,-0.194,-0.226,-0.255,-0.289,-0.191,-0.124,-0.096,-0.142,-0.054,0.065,0,0.027,-0.005,0.047,0.135,0.359,0.528,0.632,0.87,1.084,1.146,1.174,1.363,1.439,1.355,1.452,1.565,1.529,1.473,1.748,1.866,1.776,2.158,2.399,2.321,2.481,2.631,2.543,2.34,2.502,2.455,2.201,2.389,2.581,2.508,2.763,3.038,3.099,3.274,3.661,3.771,3.815,4.197,4.415,4.428
5,-4.78,-3.919,-5.249,-5.2,-4.759,-3.569,0.302,4.985,9.06,12.56,15.64,18.32,15.22,12.52,10.17,8.55,7.3,5.82,4.88,4.355,3.543,2.801,2.465,2.08,1.411,1.282,1.191,0.771,0.606,0.641,0.505,0.267,0.298,0.164,-0.083,-0.006,-0.078,-0.111,-0.111,-0.187,-0.283,-0.244,-0.07,-0.042,0,0.205,0.354,0.469,0.546,0.746,0.935,1.054,1.188,1.428,1.517,1.457,1.685,1.711,1.558,1.645,1.75,1.612,1.587,1.823,1.866,1.751,2.097,2.265,2.19,2.304,2.47,2.385,2.403,2.403,2.355,2.158,2.405,2.594,2.575,2.78,3.172,3.195,3.387,3.783,3.872,3.931,4.309,4.558,4.614
5,-4.889,-5.477,-5.519,-4,1.25,5.529,9.239,12.419,15.149,15.909,12.759,10.079,8.079,6.389,4.82,3.826,2.986,2.174,1.474,1.257,0.746,0.312,0.326,0.06,-0.178,-0.241,-0.164,-0.367,-0.577,-0.332,-0.451,-0.479,-0.378,-0.357,-0.638,-0.572,-0.39,-0.606,-0.486,-0.423,-0.385,-0.236,-0.205,-0.08,0,0.091,0.235,0.314,0.474,0.573,0.699,0.799,0.837,0.903,0.978,0.85,0.972,1.002,0.94,0.979,1.115,1.211,1.202,1.445,1.659,1.603,1.931,2.106,2.049,2.03,2.091,1.978,1.969,1.907,1.902,1.744,1.946,2.185,2.146,2.389,2.685,2.751,2.895,3.238,3.325,3.381,3.719,3.976,4.078
5,-4.449,-5.338,-5.52,-3.21,2.369,7.218,11.078,14.538,17.528,17.688,14.328,11.508,9.308,7.528,5.898,4.763,3.846,2.887,2.215,1.956,1.466,0.976,0.85,0.605,0.339,0.241,0.255,0.059,-0.053,0.115,-0.011,-0.151,-0.071,-0.074,-0.2,-0.113,0.048,-0.067,-0.198,-0.036,0.033,-0.071,-0.164,-0.115,0,0.094,0.222,0.383,0.498,0.697,0.893,0.853,1.052,1.224,1.256,1.325,1.399,1.42,1.286,1.358,1.452,1.42,1.574,1.655,1.771,1.699,2.104,2.337,2.303,2.426,2.588,2.5,2.487,2.441,2.418,2.198,2.4,2.576,2.582,2.862,3.127,3.167,3.37,3.736,3.802,3.835,4.199,4.399,4.42
5,-5.405,-4.74,-5.608,-5.587,-5.573,-4.516,0.65,4.996,8.536,11.756,14.536,15.916,13.196,10.846,8.866,7.436,6.306,5.146,4.318,3.912,3.24,2.505,2.291,1.966,1.399,1.318,1.143,0.842,0.555,0.664,0.478,0.265,0.191,0.123,-0.083,-0.104,0.006,-0.059,-0.12,-0.312,-0.344,-0.235,-0.193,-0.07,0,0.101,0.191,0.261,0.31,0.581,0.721,0.778,0.937,1.235,1.206,1.315,1.411,1.407,1.271,1.365,1.493,1.457,1.438,1.744,1.855,1.757,2.178,2.402,2.298,2.397,2.588,2.435,2.222,2.445,2.397,2.213,2.469,2.641,2.633,2.913,3.235,3.299,3.509,3.842,4.022,4.103,4.537,4.82,4.866
5,-5.269,-4.604,-5.129,-5.29,-1.321,4.153,8.796,12.666,15.936,18.586,16.926,13.506,10.846,8.626,6.626,5.116,3.985,2.823,2.088,1.507,0.961,0.457,0.31,0.037,-0.222,-0.313,-0.39,-0.586,-0.6,-0.509,-0.544,-0.528,-0.551,-0.509,-0.649,-0.586,-0.446,-0.502,-0.425,-0.271,-0.296,-0.24,-0.033,0.156,0,0.165,0.439,0.532,0.634,0.926,1.138,1.236,1.46,1.715,1.747,1.766,1.946,1.911,1.901,1.862,1.885,1.773,1.799,1.971,1.988,2.013,2.335,2.471,2.459,2.658,2.72,2.555,2.483,2.476,2.471,2.175,2.289,2.454,2.418,2.55,2.904,2.889,3.033,3.376,3.463,3.495,3.806,3.953,3.924
75,-6.725,-6.648,-6.137,-6.683,-4.604,0.947,5.85,9.9,13.21,16.28,16.24,12.55,9.7,7.24,5.2,3.66,2.557,1.458,0.842,0.541,0.212,0.03,0.282,0.464,0.471,0.779,1.076,0.989,0.873,1.073,0.802,0.557,0.618,0.579,0.221,0.156,0.245,0.042,-0.208,0.002,-0.052,-0.226,-0.066,0.07,0,0.158,0.646,0.77,0.938,1.489,1.761,1.846,2.249,2.662,2.676,2.76,3.322,3.456,3.602,4.28,4.93,5.48,6.54,8.11,9.5,11.01,13.45,15.19,15.72,16.7,16.83,15.55,14.22,12.93,10.9,8.96,7.93,6.74,5.6,5.17,4.91,4.39,4.24,4.44,4.32,4.17,4.56,4.77,4.73
75,-7.149,-7.198,-7.128,-6.512,-3.46,2.063,6.823,10.843,14.133,17.033,15.653,12.013,9.263,6.883,4.863,3.403,2.315,1.342,0.768,0.544,0.306,0.145,0.446,0.677,0.67,0.974,1.139,1.118,0.903,1.078,0.948,0.614,0.7,0.574,0.234,0.117,0.273,0.015,-0.221,0.012,-0.065,-0.298,-0.144,0.084,0,0.159,0.574,0.705,0.887,1.368,1.678,1.716,2.031,2.499,2.446,2.567,3.043,3.234,3.343,4.023,4.733,5.313,6.463,8.093,9.503,11.103,13.553,15.183,15.443,16.193,16.123,14.613,13.143,11.833,9.773,7.963,6.983,5.933,4.873,4.523,4.323,3.843,3.723,3.933,3.813,3.683,4.073,4.293,4.293
75,-5.446,-5.992,-6.111,-0.924,4.214,8.589,12.299,15.469,18.899,15.319,12.029,9.239,7.089,5.299,3.738,2.674,1.876,1.106,0.679,0.553,0.42,0.42,0.644,0.819,0.924,1.162,1.246,1.134,1.029,0.996,0.856,0.635,0.401,0.271,0.137,0.096,0.012,-0.143,-0.059,-0.124,-0.18,-0.214,-0.049,0.027,0,0.318,0.679,0.787,1.02,1.528,1.807,1.833,2.281,2.67,2.642,2.816,3.416,3.703,3.888,4.869,5.839,6.599,7.939,8.989,10.299,11.779,13.909,15.229,15.249,15.649,15.279,13.759,12.289,11.039,9.189,7.559,6.689,5.709,4.809,4.469,4.256,3.832,3.689,3.846,3.748,3.633,3.983,4.182,4.186
7,-4.797,-3.964,-5.294,-5.112,-4.734,-5.182,-0.73,5.771,11.421,16.471,20.651,24.431,22.141,18.451,15.211,12.921,11.111,9.101,7.661,6.721,5.551,4.387,3.843,3.227,2.327,2.03,1.855,1.282,0.98,1.092,0.787,0.53,0.588,0.469,0.215,0.175,-0.272,-0.381,-0.371,-0.314,-0.293,-0.29,-0.106,-0.044,0,0.198,0.283,0.39,0.481,0.61,0.824,0.818,1.009,1.237,1.262,1.346,1.432,1.451,1.278,1.345,1.42,1.381,1.324,1.647,1.772,1.699,2.126,2.393,2.407,2.555,2.753,2.667,2.465,2.663,2.603,2.36,2.614,2.76,2.752,3.013,3.325,3.335,3.494,3.9,3.944,3.976,4.352,4.63,4.684
7,-3.816,-5.055,-4.88,-4.502,-3.711,-5.832,3.499,10.899,17.419,23.089,28.289,30.269,25.539,21.469,17.939,15.269,13.239,11.009,9.269,8.129,6.649,5.349,4.642,3.9,2.93,2.566,2.312,1.717,1.35,1.49,1.212,0.97,0.523,0.279,-0.074,-0.052,-0.095,-0.276,-0.265,-0.187,-0.223,-0.19,-0.022,0.033,0,0.111,0.31,0.375,0.429,0.676,0.786,0.859,0.955,1.214,1.248,1.289,1.342,1.352,1.287,1.219,1.236,1.15,1.167,1.503,1.654,1.5,1.884,2.196,2.159,2.305,2.496,2.41,2.429,2.418,2.391,2.158,2.414,2.597,2.588,2.82,3.315,3.364,3.557,3.949,4.041,4.111,4.523,4.836,4.932
7,-4.633,-4.486,-3.94,-4.787,-0.209,7.502,14.242,19.912,24.972,31.392,26.252,21.522,17.692,14.502,11.752,9.682,8.022,6.282,5.013,4.257,3.284,2.507,2.115,1.639,1.135,0.925,0.883,0.561,0.379,0.463,0.295,0.197,0.172,0.109,-0.013,-0.052,0.05,-0.017,-0.087,-0.06,-0.006,-0.032,0.143,-0.108,0,0.156,0.321,0.457,0.612,0.813,1.012,1.131,1.362,1.509,1.613,1.587,1.695,1.692,1.547,1.503,1.57,1.487,1.444,1.697,1.834,1.793,2.159,2.411,2.404,2.566,2.727,2.664,2.629,2.582,2.54,2.286,2.455,2.62,2.543,2.684,2.989,3.058,3.114,3.426,3.475,3.447,3.765,3.933,3.942
7,-5.078,-5.05,-4.63,-3.79,-5.092,-2.866,4.4,10.728,16.188,21.078,25.178,25.158,21.238,17.828,14.888,12.758,11.138,9.248,7.848,6.938,5.728,4.624,4.053,3.39,2.527,2.249,2.034,1.54,1.224,1.297,1.014,0.735,0.821,0.765,0.457,-0.017,-0.112,-0.294,-0.278,-0.226,-0.247,-0.237,-0.08,0.007,0,0.164,0.31,0.413,0.471,0.729,0.924,0.968,1.169,1.443,1.415,1.485,1.562,1.519,1.518,1.459,1.529,1.418,1.406,1.679,1.806,1.748,2.194,2.475,2.429,2.618,2.871,2.78,2.823,2.843,2.798,2.541,2.776,2.965,2.954,3.233,3.525,3.556,3.712,4.106,4.169,4.2,4.68,4.976,5.044
