sample_id,concentration_ppb,source_file,E_-0.8999,E_-0.8897,E_-0.8795,E_-0.8693,E_-0.8590,E_-0.8488,E_-0.8386,E_-0.8284,E_-0.8182,E_-0.8080,E_-0.7978,E_-0.7876,E_-0.7774,E_-0.7672,E_-0.7570,E_-0.7468,E_-0.7366,E_-0.7263,E_-0.7161,E_-0.7059,E_-0.6957,E_-0.6855,E_-0.6753,E_-0.6651,E_-0.6549,E_-0.6447,E_-0.6345,E_-0.6243,E_-0.6141,E_-0.6039,E_-0.5937,E_-0.5834,E_-0.5732,E_-0.5630,E_-0.5528,E_-0.5426,E_-0.5324,E_-0.5222,E_-0.5120,E_-0.5018,E_-0.4916,E_-0.4814,E_-0.4712,E_-0.4610,E_-0.4507,E_-0.4405,E_-0.4303,E_-0.4201,E_-0.4099,E_-0.3997,E_-0.3895,E_-0.3793,E_-0.3691,E_-0.3589,E_-0.3487,E_-0.3385,E_-0.3283,E_-0.3180,E_-0.3078,E_-0.2976,E_-0.2874,E_-0.2772,E_-0.2670,E_-0.2568,E_-0.2466,E_-0.2364,E_-0.2262,E_-0.2160,E_-0.2058,E_-0.1956,E_-0.1853,E_-0.1751,E_-0.1649,E_-0.1547,E_-0.1445,E_-0.1343,E_-0.1241,E_-0.1139,E_-0.1037,E_-0.0935,E_-0.0833,E_-0.0731,E_-0.0629,E_-0.0526,E_-0.0424,E_-0.0322,E_-0.0220,E_-0.0118,E_-0.0016
0ppb_S1,0,Ac TW  0ppb.xlsx,0.224,-0.378,-0.427,-0.427,0.028,4.676,8.785,12.11,14.97,17.52,19.58,16.46,14.04,12.18,10.49,9.555,8.526,8.008,7.385,7.448,7.623,7.364,7.623,8.253,8.379,8.55,8.911,8.767,8.701,8.552,8.368,8.372,8.134,8.295,7.679,7.64,7.41,7.206,7.115,7.266,7.199,6.793,7.0,7.22,7.0,7.227,7.367,7.56,7.728,8.109,8.4,8.648,8.932,9.152,9.131,9.243,9.051,8.648,8.75,8.536,8.743,8.249,8.253,8.19,8.225,8.449,8.701,8.68,8.732,8.386,8.778,8.54,8.687,8.757,8.582,8.855,9.093,9.327,9.25,10.01,10.11,10.44,10.42,10.91,10.82,11.23,11.07,11.45,11.64
0ppb_S2,0,Ac TW  0ppb.xlsx,-0.154,-0.434,-0.259,5.362,10.87,15.48,19.45,22.77,25.19,21.41,17.91,15.01,13.03,10.96,9.562,8.47,7.686,6.86,6.636,6.678,6.454,6.601,7.049,7.084,7.462,7.675,8.036,7.63,7.738,7.714,7.455,7.08,7.248,7.028,6.667,6.615,6.429,6.191,6.23,6.268,6.093,6.143,6.104,6.107,6.268,6.331,6.527,6.811,6.989,7.591,8.032,8.022,8.361,8.844,8.505,8.477,8.393,8.256,7.941,7.854,7.735,7.609,7.535,7.868,7.805,7.574,7.727,7.791,7.738,8.067,7.941,7.717,7.717,7.983,7.616,7.99,8.228,8.389,8.48,8.655,9.109,9.201,9.17,9.371,9.837,9.623,9.968,10.1,10.41
0ppb_S3,0,Ac TW  0ppb.xlsx,1.029,0.238,-0.357,-0.714,5.047,9.156,12.82,15.81,18.16,20.33,17.23,14.57,12.52,10.89,9.471,8.561,7.77,7.245,6.979,6.93,6.951,7.021,7.476,7.616,7.714,7.871,8.225,8.067,7.952,8.011,7.808,7.455,7.609,7.294,7.157,6.793,7.164,6.727,6.517,6.65,6.524,6.489,6.443,6.531,6.384,6.307,6.555,6.744,6.786,7.206,7.777,7.57,7.878,8.015,8.067,7.878,8.288,7.749,7.423,7.567,7.486,7.269,7.108,7.402,7.14,7.189,7.31,7.469,7.441,7.437,7.539,7.238,7.665,7.455,7.696,7.777,8.106,8.081,8.179,8.711,9.25,8.946,8.967,9.66,9.856,9.418,9.954,10.24,10.07
0ppb_S4,0,Ac TW  0ppb.xlsx,-0.112,0.119,3.164,9.968,15.78,20.83,25.3,30.3,26.74,22.57,19.06,16.18,13.83,11.72,10.14,9.044,8.141,7.378,6.986,6.972,6.79,7.049,7.301,7.924,7.402,8.249,8.001,8.281,7.962,8.172,7.717,7.577,7.409,7.332,7.157,6.832,7.066,6.534,6.478,6.359,6.31,6.367,6.335,6.342,6.321,6.436,6.832,6.737,7.017,7.535,7.945,7.735,8.344,8.438,8.302,7.92,8.491,8.078,7.735,7.875,7.479,7.651,7.43,7.917,7.605,7.563,7.701,7.829,7.805,8.165,8.34,7.99,7.7,8.55,7.92,8.438,8.582,9.24,8.757,9.446,9.744,10.03,10.05,10.39,10.64,10.74,10.85,11.53,11.22
0ppb_S5,0,Ac TW  0ppb.xlsx,0.364,-0.532,3.437,7.91,11.79,15.03,18.0,20.47,18.79,16.3,14.27,12.5,11.42,10.47,9.814,9.688,9.975,10.14,10.93,12.1,12.96,13.54,14.3,14.52,13.98,13.54,12.97,12.05,11.11,10.68,9.968,9.25,8.886,8.435,7.871,7.493,7.336,6.856,6.52,6.517,6.387,6.209,6.17,6.268,6.184,6.254,6.573,6.618,6.741,7.084,7.252,7.164,7.329,7.402,7.171,6.982,7.024,6.811,6.517,6.569,6.541,6.373,6.412,6.45,6.52,6.496,6.769,6.772,6.788,6.821,6.788,6.648,6.748,7.049,7.065,7.136,7.544,7.761,7.842,8.174,8.501,8.452,8.594,8.923,8.965,8.97,9.418,9.739,9.875
0ppb_S6,0,Ac TW  0ppb.xlsx,-0.462,-0.532,0.105,-0.006999,4.452,8.295,11.56,14.41,16.94,18.96,16.27,14.1,12.46,11.18,9.982,9.492,9.345,9.184,9.604,10.58,11.47,12.32,13.52,14.18,14.13,14.04,13.79,12.82,11.92,11.35,10.49,9.667,9.219,8.687,8.057,7.679,7.406,6.979,6.58,6.552,6.335,6.083,6.076,6.104,5.936,5.992,6.251,6.258,6.272,6.664,6.825,6.832,7.042,7.182,6.986,6.86,6.965,6.755,6.496,6.517,6.489,6.286,6.335,6.322,6.335,6.331,6.632,6.688,6.629,6.804,6.909,6.751,6.818,6.984,7.007,7.037,7.429,7.677,7.733,8.129,8.484,8.487,8.685,9.032,9.077,9.054,9.432,9.655,9.66
0ppb_S7,0,Ac TW  0ppb.xlsx,0.658,-0.49,-0.392,-0.035,3.724,8.323,12.2,15.39,18.14,20.92,18.7,16.04,14.12,12.59,11.12,10.52,10.2,9.926,10.14,11.03,11.86,12.61,13.74,14.41,14.29,14.17,13.93,13.01,12.15,11.61,10.91,10.01,9.555,9.163,8.4,8.001,7.763,7.301,6.867,6.769,6.587,6.293,6.321,6.377,6.195,6.314,6.531,6.601,6.664,7.021,7.28,7.294,7.546,7.763,7.553,7.42,7.539,7.28,7.014,7.035,7.0,6.769,6.818,6.793,6.797,6.953,7.091,7.129,7.007,7.147,7.227,7.056,7.119,7.172,7.238,7.275,7.653,7.875,7.926,8.3,8.662,8.675,8.839,9.21,9.242,9.224,9.597,9.854,9.872
0ppb_S8,0,Ac TW  0ppb.xlsx,-0.441,-0.49,-0.364,0.112,5.271,9.429,12.87,16.01,18.7,20.2,17.29,14.91,13.24,11.79,10.74,10.09,9.961,9.884,10.3,11.37,12.22,13.0,14.15,14.63,14.42,14.3,13.87,12.85,11.95,11.46,10.68,9.831,9.425,8.956,8.309,7.924,7.63,7.213,6.79,6.779,6.576,6.314,6.324,6.303,6.279,6.296,6.58,6.66,6.706,7.073,7.287,7.315,7.497,7.651,7.472,7.294,7.388,7.206,6.926,6.982,6.965,6.762,6.821,6.85,6.909,6.909,7.043,7.224,7.129,7.294,7.399,7.199,7.259,7.336,7.413,7.472,7.91,8.15,8.244,8.627,9.007,9.002,9.186,9.551,9.571,9.565,10.0,10.3,10.35
0ppb_S9,0,Ac TW  0ppb.xlsx,0.273,-0.231,-0.483,-0.266,3.157,7.91,11.91,15.48,18.18,21.15,20.12,17.35,15.38,13.66,11.88,11.05,10.41,9.303,9.065,8.904,8.932,8.806,9.156,9.516,9.481,10.15,10.14,9.908,9.912,9.691,9.348,8.785,8.68,8.211,7.451,7.157,7.112,6.625,6.282,6.223,6.002,5.911,5.918,5.904,5.663,5.715,5.988,5.999,5.866,6.331,6.163,6.282,6.352,6.43,6.583,6.503,6.653,6.72,6.415,6.422,6.344,6.254,6.282,6.303,6.335,6.338,6.615,6.38,6.603,6.678,6.622,6.54,6.545,6.526,6.492,6.46,6.643,6.908,6.964,7.363,7.686,7.693,8.265,8.351,8.375,8.589,8.766,8.92,9.159
0ppb_S10,0,Ac TW  0ppb.xlsx,-0.343,4.158,9.912,14.96,19.15,22.97,26.19,24.67,21.48,18.77,16.32,14.27,12.57,11.35,10.04,9.163,8.694,8.106,7.672,7.875,7.581,7.819,8.099,8.211,8.425,8.701,8.69,8.477,8.2,8.232,7.843,7.392,7.297,7.084,6.695,6.531,6.394,6.146,5.901,5.974,5.904,5.74,5.775,5.776,5.789,5.799,6.289,6.076,6.279,6.615,6.758,7.105,7.094,7.253,7.451,7.36,7.379,7.402,7.301,7.262,7.462,6.982,7.15,7.304,7.091,7.276,7.413,7.455,7.448,7.472,7.488,7.352,7.628,7.437,7.363,7.63,7.647,7.763,8.004,8.123,8.454,8.466,8.666,8.86,8.878,9.083,9.298,9.298,9.254
0ppb_S11,0,Ac TW  0ppb.xlsx,-0.308,0.525,-0.364,0.392,1.904,6.062,9.66,12.56,15.11,17.46,17.48,14.99,13.19,11.6,10.26,9.226,8.764,7.889,7.336,7.49,7.154,7.063,7.182,7.42,7.308,7.714,7.745,7.521,7.465,7.726,7.189,6.893,6.954,6.625,6.214,5.887,5.999,5.554,5.365,5.262,5.183,5.148,5.12,5.112,5.094,5.169,5.263,5.314,5.467,5.586,5.728,5.842,5.98,6.156,6.245,6.277,6.324,6.243,6.191,6.181,6.221,6.109,6.035,6.174,6.28,6.248,6.509,6.606,6.629,6.639,6.788,6.76,6.77,6.755,6.778,6.632,6.856,7.002,7.085,7.276,7.542,7.819,7.901,8.118,8.102,8.232,8.575,8.601,8.561
0ppb_S12,0,Ac TW  0ppb.xlsx,-0.182,-0.028,0.637,0.056,0.875,3.01,7.602,11.54,14.87,18.09,20.56,19.63,17.03,14.89,12.88,11.55,10.79,9.324,8.715,8.302,8.015,7.259,7.553,7.024,7.028,6.748,7.052,6.818,6.981,7.124,6.823,6.687,6.699,6.557,6.027,6.06,5.885,5.523,5.4,5.523,5.362,5.465,5.488,5.488,5.285,5.365,5.473,5.619,5.623,5.731,6.179,6.097,6.202,6.387,6.414,6.34,6.529,6.398,6.319,6.44,6.291,6.088,6.135,6.165,6.377,6.139,6.457,6.454,6.505,6.545,6.564,6.438,6.487,6.31,6.452,6.35,6.631,6.758,6.811,7.114,7.483,7.721,7.775,8.15,8.23,8.111,8.944,8.678,9.121
0ppb_S13,0,Ac TW  0ppb.xlsx,-0.364,-0.434,-0.168,1.057,6.041,10.32,14.1,17.14,19.99,21.41,18.36,15.81,14.05,12.48,11.12,10.3,9.688,8.939,8.61,8.75,8.435,8.487,8.876,9.016,8.967,9.278,9.478,9.219,8.984,8.97,8.55,8.067,7.84,7.56,7.07,6.807,6.695,6.349,6.181,6.205,6.111,6.104,6.044,6.055,5.911,5.988,6.205,6.223,6.24,6.531,6.59,6.583,6.758,6.895,6.744,6.706,6.856,6.727,6.499,6.58,6.583,6.37,6.443,6.438,6.468,6.471,6.688,6.603,6.482,6.701,6.806,6.638,6.548,6.949,6.909,6.975,7.343,7.504,7.555,7.924,8.232,8.207,8.44,8.813,8.86,8.902,9.303,9.543,9.6
0ppb_S14,0,Ac TW  0ppb.xlsx,-0.049,0.693,1.715,6.412,10.57,14.16,17.37,19.99,20.57,17.86,15.39,13.39,11.96,10.73,9.618,8.981,8.477,7.784,7.462,7.511,7.224,6.965,7.175,7.14,7.0,7.098,7.192,6.972,6.736,6.842,6.624,6.2,6.116,5.888,5.577,5.551,5.47,5.367,5.218,5.229,5.151,5.173,5.279,5.344,5.305,5.541,5.721,5.806,6.006,6.368,6.55,6.585,6.863,7.055,6.993,6.881,7.07,7.007,6.921,6.796,6.809,6.698,6.694,6.914,6.925,7.018,7.087,7.145,6.982,7.065,7.122,7.028,6.934,7.181,7.25,7.179,7.548,8.055,8.097,8.447,8.725,8.687,8.867,9.203,9.226,9.235,9.606,9.863,9.928
0ppb_S15,0,Ac TW  0ppb.xlsx,-0.392,-0.455,-0.028,-0.3255,-0.497,-0.322,1.918,6.496,10.44,14.0,16.77,19.41,19.73,17.09,14.81,13.22,11.95,10.65,9.856,9.366,8.701,8.015,7.938,7.7,7.126,7.017,6.982,6.622,6.478,6.643,6.45,6.184,6.141,6.044,5.722,5.651,5.505,5.223,5.159,5.223,5.072,5.032,5.099,5.117,5.17,5.204,5.259,5.262,5.29,5.599,5.729,5.763,6.01,6.165,6.163,6.259,6.412,6.388,6.378,6.337,6.295,6.236,6.327,6.391,6.385,6.517,6.582,6.711,6.632,6.759,6.906,6.788,6.661,6.852,6.867,6.709,6.965,7.144,7.152,7.387,7.767,7.961,8.263,8.433,8.685,8.748,9.159,9.359,9.35
0ppb_S16,0,Ac TW  0ppb.xlsx,-0.497,-0.301,-0.336,0.161,-0.441,-0.007003,5.635,10.03,14.1,17.32,20.24,21.89,18.91,16.39,14.15,12.65,11.36,10.07,9.149,8.68,7.959,7.378,7.203,6.86,6.419,6.328,6.286,5.936,5.834,5.992,5.792,5.568,5.656,5.596,5.355,5.169,5.28,5.07,4.991,4.871,4.726,4.798,4.895,4.924,5.018,5.101,5.152,5.198,5.285,5.506,5.539,5.639,5.845,5.996,6.023,6.058,6.153,6.132,6.105,6.057,6.079,5.95,5.894,6.042,6.049,5.957,6.163,6.313,6.233,6.312,6.43,6.385,6.415,6.402,6.443,6.32,6.576,6.774,6.819,7.019,7.385,7.543,7.929,8.281,8.358,8.419,8.759,8.962,8.939
0ppb_S17,0,Ac TW  0ppb.xlsx,-0.371,-0.329,-0.231,2.786,8.071,12.56,16.3,19.55,22.29,21.5,18.35,15.67,13.78,12.14,10.59,9.695,8.932,7.994,7.462,7.231,6.72,6.251,6.272,5.925,5.547,5.666,5.467,5.313,5.225,5.295,5.183,5.036,4.956,4.972,4.77,4.812,4.942,4.787,4.681,4.713,4.717,4.789,4.838,4.924,4.984,5.127,5.206,5.353,5.491,5.657,5.74,5.831,5.918,6.039,6.005,5.915,6.0,5.952,5.779,5.801,5.844,5.819,5.795,5.96,6.038,5.932,6.121,6.217,6.089,6.129,6.204,6.177,6.067,6.292,6.409,6.346,6.65,6.905,6.968,7.201,7.556,7.815,7.982,8.346,8.409,8.487,8.899,9.158,9.289
0ppb_S18,0,Ac TW  0ppb.xlsx,-0.322,-0.189,0.644,-0.357,3.955,8.603,12.58,16.15,19.08,22.64,19.28,16.35,14.11,12.14,10.47,9.289,8.344,7.336,6.713,6.3,5.768,5.39,5.236,4.977,4.746,4.641,4.62,4.382,4.333,4.487,4.34,4.235,4.354,4.326,4.2,4.186,4.224,4.252,4.259,4.49,4.525,4.483,4.557,4.616,4.604,4.6,4.741,4.819,4.995,5.186,5.385,5.568,5.772,5.961,6.051,6.157,6.307,6.332,6.304,6.274,6.303,6.25,6.221,6.354,6.442,6.294,6.517,6.682,6.626,6.669,6.893,6.733,6.529,6.665,6.7,6.546,6.749,6.915,6.945,7.111,7.451,7.705,7.905,8.235,8.298,8.325,8.629,8.752,8.715
0ppb_S19,0,Ac TW  0ppb.xlsx,0.287,-0.406,-0.462,-0.091,0.392,-0.28,1.687,6.741,11.09,14.84,18.12,20.89,21.59,18.58,16.06,14.24,12.85,11.37,10.37,9.863,8.995,8.183,7.966,7.437,6.79,6.667,6.531,6.023,5.796,5.81,5.603,5.365,5.456,5.32,5.085,5.096,4.98,4.9,4.84,5.042,5.073,4.989,4.844,4.835,4.768,4.931,5.099,5.078,5.18,5.456,5.431,5.561,5.821,6.008,5.963,6.07,6.164,6.146,6.119,6.065,6.099,5.963,5.937,6.1,6.086,6.199,6.252,6.358,6.3,6.448,6.608,6.565,6.667,6.73,6.765,6.659,7.0,7.22,7.269,7.522,7.958,8.225,8.465,8.906,9.039,9.107,9.522,9.747,9.753
0ppb_S20,0,Ac TW  0ppb.xlsx,-0.378,-0.056,-0.3115,-0.343,-0.469,2.989,7.707,11.64,15.1,18.21,20.89,19.86,17.35,15.18,13.31,12.03,11.1,9.975,9.324,9.002,8.309,7.707,7.525,7.189,6.657,6.527,6.394,5.964,5.866,5.894,5.719,5.47,5.61,5.614,5.344,5.252,5.418,5.236,5.217,5.144,5.093,5.076,5.292,5.381,5.292,5.554,5.721,5.709,5.866,6.183,6.368,6.422,6.711,6.952,6.859,6.915,7.126,7.031,7.025,6.968,6.976,6.799,6.806,7.035,7.01,7.118,7.16,7.266,7.116,7.267,7.389,7.252,7.166,7.299,7.409,7.369,7.738,8.157,8.183,8.55,8.895,8.927,9.196,9.621,9.686,9.781,10.22,10.47,10.54
0ppb_S21,0,Ac TW  0ppb.xlsx,-0.126,0.756,0.035,1.036,6.279,10.75,14.59,17.84,20.56,21.64,18.23,15.45,13.47,11.65,10.1,9.184,8.316,7.469,6.748,6.552,6.069,5.642,5.572,5.369,4.97,5.008,4.851,4.634,4.714,4.662,4.732,4.679,4.693,4.627,4.319,4.289,4.304,4.298,4.399,4.479,4.491,4.567,4.645,4.74,4.8,4.917,5.037,5.115,5.228,5.339,5.468,5.541,5.574,5.715,5.666,5.699,5.739,5.634,5.55,5.547,5.547,5.548,5.603,5.623,5.693,5.783,5.893,5.922,5.806,5.905,6.071,6.052,5.873,6.031,6.157,6.051,6.309,6.576,6.702,6.871,7.15,7.311,7.346,7.734,8.113,7.912,8.384,8.582,8.776
0ppb_S22,0,Ac TW  0ppb.xlsx,0.448,7.462,13.43,18.44,22.64,26.36,28.89,24.7,21.22,18.4,15.71,13.57,12.0,10.51,9.205,8.484,7.784,7.049,6.58,6.559,6.055,6.006,5.817,5.684,5.418,5.383,5.302,5.18,5.229,5.22,5.236,5.236,5.288,5.253,5.208,5.32,5.453,5.404,5.358,5.535,5.589,5.54,5.536,5.5,5.569,5.784,6.158,6.106,6.311,6.751,7.154,7.257,7.598,8.126,8.18,8.143,8.223,8.312,8.255,8.163,8.081,8.003,8.025,8.023,7.993,7.801,8.023,8.24,8.094,8.407,8.323,8.344,8.323,8.321,8.207,8.213,8.521,8.722,8.626,8.886,9.406,9.324,9.546,9.84,10.17,10.04,10.28,10.78,10.59
0ppb_S23,0,Ac TW  0ppb.xlsx,0.322,-0.245,0.665,-0.119,0.63,6.02,10.56,14.41,17.6,20.52,22.11,18.95,16.65,14.36,12.78,11.82,10.44,9.842,8.967,8.645,8.302,7.651,7.504,6.828,6.258,6.331,6.352,5.866,5.631,5.813,5.75,5.603,5.554,5.271,5.136,5.182,5.181,5.141,5.264,5.375,5.161,4.982,5.021,5.12,5.223,5.255,5.601,5.395,5.594,5.801,6.002,6.095,6.149,6.408,6.407,6.251,6.562,6.423,6.231,6.351,6.414,6.264,6.249,6.43,6.494,6.642,6.818,6.825,6.791,6.918,7.129,7.116,7.223,7.287,7.36,7.242,7.67,7.924,7.941,8.486,8.699,8.774,8.962,9.627,9.446,9.693,10.1,10.41,10.49
0ppb_S24,0,Ac TW  0ppb.xlsx,0.602,-0.154,0.553,-0.077,0.896,-0.336,3.444,8.141,12.29,15.91,18.87,21.62,20.4,17.86,15.3,13.82,12.56,11.21,10.26,9.492,9.268,8.015,8.365,7.304,6.958,6.534,6.576,6.233,5.831,5.771,5.939,5.54,5.694,5.449,5.127,5.276,5.194,5.122,4.837,5.175,4.771,4.658,4.805,4.935,4.924,5.133,5.182,5.267,5.365,5.508,5.701,5.676,5.854,5.987,5.996,6.053,6.162,6.107,6.039,5.988,6.053,5.925,5.911,6.071,6.099,6.207,6.262,6.395,6.326,6.429,6.586,6.557,6.588,6.639,6.569,6.539,6.83,7.076,6.991,7.345,7.64,8.06,8.171,8.363,8.641,8.792,9.047,9.284,9.245
100ppb_S1,100,Ac TW 100ppb.xlsx,-0.014,0.581,-0.378,1.988,8.134,13.35,17.75,21.52,24.7,24.52,20.52,17.25,14.63,12.4,10.61,9.205,8.309,7.35,6.888,6.769,6.566,6.496,6.776,7.126,7.168,7.35,7.654,7.493,7.212,7.465,7.276,6.939,6.932,6.835,6.571,6.498,6.585,6.405,6.209,6.471,6.417,6.242,6.471,6.704,6.632,6.827,7.366,7.548,7.593,8.22,8.514,8.564,8.998,9.455,9.457,9.702,10.34,10.71,11.04,12.04,13.13,14.12,15.85,18.19,20.31,22.48,25.04,26.85,27.53,28.11,27.56,25.35,23.18,21.28,18.61,16.23,14.93,13.52,12.2,11.65,11.32,10.7,10.51,10.7,10.56,10.43,10.86,11.13,11.14
100ppb_S2,100,Ac TW 100ppb.xlsx,-0.427,5.516,11.65,16.77,21.19,25.06,29.09,25.12,21.54,18.53,15.87,13.59,12.03,10.63,9.324,8.568,7.917,7.364,7.063,7.147,7.098,7.098,7.469,7.735,7.584,7.801,8.022,7.765,7.565,7.744,7.509,7.282,7.404,7.437,7.178,7.138,7.327,7.143,7.255,7.271,7.276,7.089,7.332,7.569,7.528,7.721,8.281,8.395,8.503,9.03,9.355,9.411,9.821,10.28,10.46,10.72,11.55,11.98,12.45,13.62,14.88,15.95,17.64,20.0,21.99,23.92,26.08,27.66,28.12,28.56,27.9,25.78,23.72,21.93,19.42,17.17,15.89,14.51,13.19,12.62,12.24,11.6,11.36,11.52,11.33,11.18,11.59,11.79,11.76
100ppb_S3,100,Ac TW 100ppb.xlsx,-0.063,0.77,1.043,7.483,13.11,17.84,21.9,25.35,26.31,22.28,18.69,15.78,13.41,11.45,9.723,8.568,7.672,6.839,6.349,6.216,6.097,6.013,6.272,6.475,6.489,6.615,6.867,6.73,6.471,6.608,6.447,6.218,6.268,6.23,5.995,5.96,6.085,5.892,5.78,5.959,5.934,5.838,5.99,6.246,6.195,6.391,6.9,7.04,7.199,7.78,8.027,8.12,8.508,8.899,8.995,9.144,9.751,10.06,10.35,11.28,12.25,13.2,14.71,16.83,18.76,20.68,23.55,24.77,25.44,26.03,25.58,23.67,21.7,19.96,17.53,15.33,14.06,12.73,11.49,10.93,10.57,9.996,9.765,9.905,9.74,9.6,9.936,10.12,10.11
100ppb_S4,100,Ac TW 100ppb.xlsx,4.69,8.848,12.88,16.28,19.19,22.06,20.33,18.03,16.09,14.8,13.29,12.09,11.43,10.66,9.828,9.52,9.387,8.89,8.764,9.086,8.995,9.096,9.121,9.184,8.927,9.049,9.236,9.098,9.221,9.303,9.245,9.063,9.387,9.553,9.371,9.481,9.538,9.693,9.606,10.02,10.06,9.837,10.14,10.45,10.22,10.46,11.0,11.16,11.23,11.87,12.24,12.34,12.87,13.47,13.56,13.9,14.78,15.08,15.42,16.4,17.34,18.04,19.44,21.47,23.02,24.21,26.75,28.35,29.2,30.26,30.34,28.86,27.4,26.03,23.75,21.55,20.42,19.05,17.69,17.2,16.94,16.28,16.11,16.46,16.32,16.18,16.72,17.03,16.99
10ppb_S1,10,Ac TW 10ppb.xlsx,0.987,-0.567,-0.434,0.231,-0.364,2.394,6.769,10.57,13.61,16.33,18.61,17.58,15.11,12.82,10.97,9.702,8.764,7.763,7.336,7.203,7.007,6.937,7.273,7.525,7.553,7.833,8.263,8.134,8.064,8.312,8.165,7.854,7.847,7.749,7.409,7.329,7.367,7.133,6.874,7.049,6.947,6.737,6.846,6.979,6.769,6.884,7.287,7.364,7.539,8.071,8.424,8.543,8.886,9.236,9.117,9.061,9.268,9.068,8.792,8.925,8.96,8.732,8.911,9.247,9.243,9.352,9.964,10.17,10.17,10.5,10.64,10.29,10.21,10.29,9.971,9.691,9.926,9.964,9.807,10.1,10.46,10.38,10.52,10.73,11.02,10.98,11.46,11.71,11.67
10ppb_S2,10,Ac TW 10ppb.xlsx,-0.238,-0.427,0.385,6.216,10.95,15.08,18.61,21.45,22.98,19.61,16.56,14.04,12.2,10.65,9.331,8.379,7.826,7.14,6.937,6.965,6.986,6.965,7.455,7.658,7.749,7.969,8.246,8.011,7.761,7.931,7.738,7.395,7.457,7.415,7.119,7.066,7.082,6.879,6.622,6.874,6.764,6.608,6.744,6.944,6.814,7.014,7.502,7.721,7.971,8.626,9.005,9.175,9.541,9.882,9.634,9.527,9.679,9.411,9.047,9.168,9.133,8.878,9.086,9.352,9.427,9.501,10.08,10.23,10.16,10.43,10.45,10.04,9.931,9.961,9.607,9.366,9.588,9.599,9.483,9.73,10.04,9.921,10.07,10.45,10.44,10.4,10.83,11.11,11.11
10ppb_S3,10,Ac TW 10ppb.xlsx,-0.364,0.028,0.98,6.552,11.03,14.9,18.28,21.18,22.2,19.05,16.2,13.92,12.18,10.76,9.506,8.736,8.239,7.581,7.315,7.49,7.357,7.35,7.777,7.938,7.917,8.2,8.48,8.302,8.172,8.386,8.209,7.919,8.022,7.81,7.649,7.649,7.78,7.528,7.341,7.562,7.464,7.245,7.388,7.605,7.388,7.556,8.076,8.214,8.351,8.956,9.303,9.291,9.599,9.947,9.693,9.571,9.88,9.632,9.368,9.567,9.602,9.392,9.618,10.03,10.04,10.16,10.8,10.94,10.91,11.21,11.3,10.92,10.85,11.02,10.73,10.48,10.8,10.88,10.73,11.09,11.44,11.34,11.46,11.65,11.93,11.87,12.4,12.7,12.65
10ppb_S4,10,Ac TW 10ppb.xlsx,-0.252,-0.455,-0.196,-0.385,5.733,10.84,15.11,18.78,21.85,23.95,20.12,16.96,14.5,12.45,10.71,9.478,8.631,7.784,7.392,7.329,7.168,7.14,7.525,7.763,7.78,8.113,8.466,8.316,8.211,8.421,8.183,7.903,8.015,7.955,7.518,7.486,7.49,7.206,7.035,7.168,7.098,6.863,7.031,7.168,7.003,7.154,7.581,7.661,7.826,8.41,8.743,8.809,9.212,9.432,9.257,9.201,9.383,9.191,8.914,9.058,9.04,8.869,9.065,9.415,9.471,9.639,10.24,10.45,10.41,10.68,10.8,10.46,10.35,10.47,10.13,9.905,10.21,10.26,10.16,10.48,10.84,10.73,10.88,11.35,11.34,11.28,11.79,12.09,12.11
10ppb_S5,10,Ac TW 10ppb.xlsx,-0.308,0.434,-0.343,4.578,8.785,12.27,15.51,18.13,20.84,18.1,15.68,13.68,12.4,11.33,10.42,10.14,10.21,10.21,10.9,12.13,12.63,13.48,14.43,14.7,14.31,13.96,13.53,12.49,11.63,11.2,10.42,9.667,9.282,8.834,8.232,7.889,7.707,7.14,6.881,6.881,6.685,6.468,6.559,6.594,6.461,6.573,6.895,6.965,7.035,7.441,7.637,7.581,7.798,7.924,7.672,7.567,7.658,7.483,7.259,7.371,7.406,7.266,7.469,7.77,7.826,7.994,8.498,8.645,8.617,8.918,9.051,8.764,8.75,8.68,8.666,8.734,8.82,8.771,8.648,8.925,9.149,9.009,9.131,9.278,9.488,9.485,9.954,10.26,10.35
10ppb_S6,10,Ac TW 10ppb.xlsx,-0.021,0.707,-0.497,-0.532,3.003,6.965,10.19,13.03,15.47,17.29,16.31,14.19,12.61,11.31,10.14,9.653,9.499,9.38,9.807,10.91,11.69,12.6,13.85,14.56,14.55,14.53,14.22,13.19,12.27,11.77,10.88,9.989,9.555,9.037,8.316,7.987,7.756,7.245,6.867,6.902,6.629,6.377,6.433,6.405,6.216,6.307,6.594,6.587,6.643,7.028,7.217,7.161,7.399,7.616,7.231,7.322,7.441,7.259,7.077,7.21,7.252,7.07,7.266,7.581,7.609,7.77,8.302,8.477,8.519,8.855,9.023,8.778,8.792,8.988,8.729,8.547,8.827,8.82,8.68,8.946,9.124,8.988,9.149,9.523,9.502,9.485,9.982,10.21,10.26
10ppb_S7,10,Ac TW 10ppb.xlsx,-0.441,-0.42,-0.119,0.462,2.177,5.985,9.17,11.91,14.34,16.6,16.26,14.13,12.46,11.29,10.23,9.786,9.66,9.471,9.94,10.94,11.76,12.49,13.55,14.02,13.9,13.87,13.53,12.61,11.77,11.29,10.51,9.716,9.296,8.827,8.176,7.833,7.588,7.154,6.755,6.776,6.531,6.286,6.391,6.384,6.307,6.52,6.664,6.727,6.846,7.28,7.483,7.504,7.833,7.987,7.777,7.735,7.868,7.686,7.483,7.602,7.637,7.469,7.651,7.945,7.98,8.085,8.61,8.799,8.806,9.079,9.212,8.932,8.932,9.044,8.792,8.624,8.862,8.739,8.641,8.89,9.121,8.97,9.117,9.492,9.492,9.478,9.915,10.17,10.21
10ppb_S8,10,Ac TW 10ppb.xlsx,-0.259,0.56,-0.462,-0.49,2.107,6.293,9.884,13.09,15.78,18.29,18.0,15.55,13.8,12.32,11.1,10.5,10.27,10.09,10.43,11.5,12.01,12.98,14.03,14.57,14.35,14.31,13.93,12.98,12.15,11.65,10.82,10.0,9.611,9.135,8.4,8.078,7.847,7.336,6.937,6.944,6.699,6.426,6.489,6.517,6.3,6.433,6.72,6.769,6.825,7.231,7.427,7.42,7.658,7.854,7.623,7.574,7.672,7.518,7.273,7.406,7.413,7.315,7.553,7.728,7.756,7.973,8.281,8.624,8.638,8.953,9.1,8.855,8.862,9.016,8.792,8.617,8.89,8.823,8.697,8.963,9.208,9.065,9.194,9.586,9.562,9.523,9.982,10.21,10.22
10ppb_S9,10,Ac TW 10ppb.xlsx,-0.49,-0.385,-0.049,0.658,3.248,7.945,11.84,15.27,18.13,20.85,19.41,16.69,14.72,12.94,11.44,10.41,9.688,8.855,8.47,8.498,8.463,8.484,8.928,9.348,9.534,9.845,10.1,9.831,9.548,9.565,9.131,8.575,8.316,7.948,7.399,7.066,6.87,6.471,6.097,6.041,5.915,5.75,5.764,5.764,5.698,5.726,5.925,5.929,5.974,6.268,6.387,6.443,6.573,6.765,6.653,6.685,6.707,6.793,6.695,6.814,6.832,6.762,6.919,7.168,7.199,7.329,7.738,7.885,7.892,8.053,8.144,7.927,7.843,7.889,7.558,7.373,7.513,7.422,7.307,7.41,7.718,7.786,7.908,8.188,8.242,8.225,8.57,8.752,8.743
10ppb_S10,10,Ac TW 10ppb.xlsx,-0.301,1.092,6.398,10.97,14.93,18.46,21.52,22.78,19.72,17.23,14.96,13.08,11.56,10.35,9.268,8.568,8.085,7.588,7.448,7.56,7.511,7.658,8.064,8.309,8.26,8.459,8.498,8.242,7.945,7.882,7.465,7.059,6.888,6.674,6.212,5.999,5.897,5.698,5.467,5.495,5.463,5.467,5.471,5.484,5.47,5.558,5.796,5.876,5.901,6.23,6.45,6.478,6.664,6.821,6.8,6.755,6.94,6.835,6.748,6.856,6.93,6.863,6.993,7.273,7.364,7.469,7.833,7.98,7.973,8.085,8.106,7.728,7.619,7.63,7.425,7.111,7.24,7.346,7.318,7.448,7.653,7.658,7.737,7.841,7.992,7.978,8.249,8.412,8.388
10ppb_S11,10,Ac TW 10ppb.xlsx,-0.343,-0.035,0.784,-0.476,0.938,5.523,9.352,12.57,15.46,17.98,19.0,16.32,14.29,12.49,10.92,9.863,8.988,8.071,7.539,7.399,7.098,6.979,7.259,7.49,7.511,7.71,8.102,7.987,7.896,7.959,7.668,7.294,7.126,6.877,6.401,6.167,5.981,5.649,5.337,5.288,5.217,4.969,4.943,4.918,4.971,5.043,5.071,5.165,5.293,5.403,5.554,5.651,5.764,5.924,5.942,5.935,6.021,6.065,5.99,6.035,6.133,6.187,6.219,6.512,6.688,6.759,7.24,7.546,7.546,7.724,7.88,7.739,7.49,7.552,7.393,7.087,7.201,7.298,7.217,7.321,7.612,7.642,7.735,8.015,8.036,8.008,8.281,8.424,8.421
10ppb_S12,10,Ac TW 10ppb.xlsx,0.154,-0.28,-0.455,-0.189,2.023,7.595,12.25,16.2,19.61,22.68,22.78,19.47,16.94,14.7,12.8,11.46,10.28,9.142,8.337,8.022,7.378,6.979,6.958,6.821,6.829,6.744,6.793,6.662,6.601,6.553,6.351,6.14,6.116,5.834,5.596,5.467,5.284,5.071,5.037,5.007,4.885,4.905,4.931,4.969,5.024,5.089,5.143,5.19,5.34,5.465,5.655,5.789,5.898,6.056,6.135,6.097,6.277,6.319,6.206,6.298,6.422,6.495,6.556,6.898,7.121,7.13,7.635,7.896,7.875,7.974,8.084,7.899,7.589,7.622,7.472,7.106,7.207,7.284,7.2,7.317,7.619,7.682,7.808,8.134,8.171,8.179,8.508,8.706,8.731
10ppb_S13,10,Ac TW 10ppb.xlsx,-0.49,-0.427,-0.042,0.833,4.305,8.729,12.52,15.62,18.41,21.53,18.63,16.0,14.19,12.49,11.1,10.35,9.695,9.002,8.673,8.771,8.652,8.561,8.904,9.177,9.149,9.443,9.688,9.481,9.17,9.233,8.795,8.326,8.067,7.77,7.206,7.007,6.825,6.464,6.205,6.223,6.139,5.96,6.006,6.114,5.992,6.051,6.275,6.24,6.289,6.604,6.685,6.671,6.874,7.087,6.947,6.951,7.126,7.052,6.944,7.07,7.15,7.038,7.189,7.437,7.497,7.567,7.973,8.113,8.095,8.235,8.274,7.983,7.948,8.032,7.796,7.647,7.898,7.964,7.912,8.192,8.472,8.459,8.64,9.005,9.056,9.074,9.452,9.733,9.796
10ppb_S14,10,Ac TW 10ppb.xlsx,-0.553,-0.371,-0.5127,-0.616,-0.511,0.84,5.061,8.652,11.7,14.5,16.67,17.6,15.25,13.28,11.52,10.31,9.471,8.407,7.77,7.616,7.238,6.804,6.916,6.811,6.629,6.671,6.643,6.678,6.594,6.751,6.702,6.482,6.379,6.288,5.987,5.605,5.448,5.225,5.191,5.092,5.013,5.062,5.127,5.113,5.067,5.235,5.368,5.444,5.532,5.753,5.94,6.056,6.303,6.554,6.611,6.626,6.896,7.008,6.895,7.093,7.284,7.262,7.268,7.612,7.818,7.751,8.119,8.414,8.445,8.666,8.699,8.424,8.34,8.377,8.104,7.866,7.994,7.996,7.87,8.085,8.297,8.314,8.459,8.781,8.841,8.857,9.175,9.368,9.345
10ppb_S15,10,Ac TW 10ppb.xlsx,-0.217,0.518,-0.399,-0.364,-0.161,3.822,9.051,13.48,17.24,20.66,22.6,21.5,18.66,16.09,13.92,12.45,11.29,10.05,9.205,8.855,8.211,7.665,7.329,7.21,6.783,6.685,6.739,6.403,6.237,6.087,5.771,5.594,5.587,5.313,5.146,5.116,5.022,4.888,4.876,4.882,4.786,4.844,4.973,4.969,5.046,5.109,5.237,5.316,5.406,5.539,5.727,5.807,5.924,6.142,6.221,6.118,6.323,6.391,6.289,6.451,6.557,6.607,6.609,6.947,7.192,7.129,7.605,7.862,7.827,7.966,7.904,7.947,7.875,7.933,7.71,7.535,7.714,7.584,7.7,7.919,8.192,8.186,8.36,8.701,8.75,8.783,9.133,9.35,9.415
10ppb_S16,10,Ac TW 10ppb.xlsx,-0.28,0.301,-0.406,-0.525,-0.357,0.455,4.851,9.625,13.62,17.23,20.23,23.32,20.09,17.35,14.91,13.24,11.97,10.6,9.639,9.163,8.491,7.805,7.458,7.108,6.629,6.52,6.492,6.191,5.903,6.121,5.927,5.763,5.394,5.2,4.912,4.97,4.914,4.851,4.732,4.788,4.751,4.749,4.921,4.98,4.976,5.117,5.327,5.398,5.5,5.757,5.932,6.042,6.203,6.485,6.503,6.496,6.791,6.847,6.639,6.828,6.955,6.907,6.948,7.276,7.435,7.358,7.853,8.113,8.068,8.412,8.512,8.227,8.167,8.227,8.003,7.805,7.952,7.948,7.878,8.101,8.335,8.335,8.533,8.886,8.956,9.005,9.378,9.6,9.611
10ppb_S17,10,Ac TW 10ppb.xlsx,-0.154,0.63,-0.238,-0.91,5.894,10.93,15.37,18.96,22.22,24.18,20.56,17.44,15.13,13.17,11.38,10.23,9.282,8.176,7.483,7.077,6.587,5.985,5.852,5.579,5.215,5.103,5.082,4.893,4.76,4.735,4.644,4.476,4.567,4.599,4.476,4.508,4.525,4.553,4.564,4.653,4.692,4.604,4.488,4.542,4.606,4.744,4.91,4.998,5.141,5.314,5.505,5.61,5.696,5.853,5.901,5.833,6.0,6.107,6.01,6.119,6.308,6.368,6.394,6.79,7.02,7.017,7.459,7.637,7.57,7.604,7.661,7.451,7.133,7.224,7.112,6.848,7.048,7.216,7.189,7.348,7.682,7.754,7.924,8.248,8.318,8.342,8.72,8.951,9.032
10ppb_S18,10,Ac TW 10ppb.xlsx,-0.469,-0.175,-0.3745,-0.441,-0.413,-0.063,1.589,4.627,8.841,12.5,15.67,18.26,20.75,17.74,15.24,13.36,11.82,10.4,9.359,8.764,7.889,7.189,6.958,6.468,5.992,5.873,5.81,5.355,5.117,5.201,4.998,4.802,4.767,4.735,4.639,4.518,4.536,4.459,4.556,4.609,4.62,4.644,4.683,4.739,4.728,4.608,4.693,4.775,4.895,5.042,5.224,5.388,5.526,5.673,5.837,5.869,6.01,6.091,6.039,6.185,6.288,6.308,6.327,6.628,6.825,6.787,7.204,7.522,7.546,7.591,7.777,7.681,7.407,7.475,7.345,6.996,7.071,7.181,7.091,7.153,7.458,7.618,7.691,8.022,8.109,8.146,8.489,8.655,8.657
10ppb_S19,10,Ac TW 10ppb.xlsx,-0.539,-0.441,-0.203,-0.392,-0.504,-0.42,1.743,6.741,10.99,14.8,17.97,20.68,21.13,18.28,15.74,13.99,12.53,11.11,10.05,9.618,8.743,7.917,7.714,7.28,6.692,6.335,6.293,5.768,5.579,5.694,5.456,5.183,5.285,5.169,5.022,4.945,5.092,4.952,4.875,4.944,4.961,4.856,4.765,4.619,4.625,4.796,4.87,4.977,5.065,5.299,5.413,5.489,5.701,5.863,5.896,5.923,6.145,6.219,6.163,6.272,6.459,6.478,6.489,6.861,7.03,7.009,7.467,7.761,7.727,7.914,8.05,7.907,7.651,7.745,7.6,7.268,7.417,7.508,7.416,7.549,7.945,7.945,8.13,8.514,8.599,8.68,9.039,9.287,9.317
10ppb_S20,10,Ac TW 10ppb.xlsx,0.931,-0.581,-0.378,0.252,1.106,-0.476,1.687,7.112,11.63,15.64,19.19,22.22,22.95,19.78,17.11,15.13,13.57,12.01,10.84,10.2,9.282,8.393,7.941,7.476,6.86,6.562,6.433,5.932,5.729,5.764,5.544,5.32,5.309,5.306,5.061,4.907,5.024,4.861,4.767,4.5,4.404,4.446,4.632,4.704,4.66,4.849,4.987,5.056,5.174,5.421,5.568,5.652,5.841,6.163,6.189,6.211,6.497,6.616,6.463,6.625,6.847,6.848,6.893,7.356,7.398,7.371,7.837,8.067,8.034,8.174,8.356,8.111,8.041,8.115,7.903,7.703,7.905,7.888,7.854,8.115,8.389,8.368,8.566,8.965,9.079,9.126,9.565,9.819,9.87
10ppb_S21,10,Ac TW 10ppb.xlsx,-0.406,-0.021,0.945,2.66,7.567,11.96,15.76,18.89,21.54,20.78,17.58,15.04,13.12,11.37,9.961,8.939,8.169,7.273,6.727,6.433,5.957,5.572,5.523,5.32,4.991,4.896,4.984,4.753,4.69,4.896,4.812,4.704,4.802,4.636,4.48,4.574,4.406,4.349,4.48,4.571,4.595,4.705,4.744,4.82,4.959,5.079,5.156,5.287,5.407,5.531,5.642,5.751,5.782,5.925,5.979,5.891,5.995,6.099,6.051,6.147,6.356,6.428,6.539,6.907,7.164,7.134,7.531,7.731,7.635,7.6,7.629,7.402,7.105,7.164,7.092,6.847,7.02,7.2,7.2,7.346,7.696,7.773,7.91,8.235,8.312,8.354,8.745,8.998,9.126
10ppb_S22,10,Ac TW 10ppb.xlsx,-0.364,0.301,-0.252,-0.378,-0.322,3.983,8.841,12.94,16.35,19.36,22.37,19.66,16.91,14.57,12.52,11.17,10.13,9.072,8.19,7.819,7.245,6.706,6.559,6.286,5.852,5.796,5.768,5.397,5.313,5.309,5.229,5.085,5.106,5.068,4.914,4.903,4.819,4.737,4.721,4.865,4.91,4.868,4.843,4.759,4.833,4.901,5.023,5.124,5.243,5.45,5.62,5.745,5.88,6.111,6.201,6.202,6.376,6.469,6.446,6.528,6.709,6.73,6.798,7.164,7.402,7.442,8.013,8.433,8.549,8.904,9.226,9.144,9.249,9.334,9.474,9.469,9.817,10.0,10.06,10.48,10.93,11.08,11.39,11.91,12.09,12.16,12.58,12.76,12.67
10ppb_S23,10,Ac TW 10ppb.xlsx,0.504,-0.406,-0.357,-0.028,0.707,2.534,8.085,12.75,16.74,20.24,23.25,22.58,19.51,16.79,14.42,12.77,11.45,10.16,9.177,8.701,8.008,7.287,7.147,6.832,6.384,6.265,6.174,5.873,5.705,5.789,5.593,5.467,5.502,5.432,5.232,5.267,5.379,5.274,5.215,5.301,5.297,5.299,5.221,5.142,5.147,5.382,5.494,5.588,5.69,5.932,6.149,6.188,6.486,6.685,6.801,6.8,7.089,7.134,6.937,7.155,7.347,7.269,7.325,7.695,7.871,7.839,8.357,8.68,8.711,8.941,9.032,8.827,8.708,8.787,8.493,8.248,8.374,8.386,8.269,8.491,8.759,8.757,8.956,9.327,9.448,9.474,9.849,10.09,10.08
10ppb_S24,10,Ac TW 10ppb.xlsx,-0.266,0.483,-0.308,-0.28,-0.217,5.88,10.84,14.85,18.42,21.7,23.51,19.94,17.25,14.9,12.89,11.4,10.28,9.1,8.358,7.861,7.161,6.601,6.412,6.076,5.6,5.488,5.481,5.145,5.047,5.166,4.998,4.795,4.882,4.84,4.634,4.707,4.692,4.707,4.718,4.774,4.783,4.791,4.721,4.624,4.686,4.839,4.975,5.129,5.218,5.521,5.703,5.834,5.994,6.29,6.323,6.434,6.558,6.564,6.453,6.583,6.764,6.693,6.785,7.15,7.238,7.255,7.776,8.06,8.032,8.211,8.363,8.176,8.083,8.129,7.898,7.695,7.819,7.85,7.798,8.024,8.281,8.286,8.47,8.848,8.911,8.951,9.305,9.539,9.562
12ppb_S1,12,Ac TW 12ppb.xlsx,-0.287,0.042,-0.119,-0.133,-0.098,0.077,2.926,10.37,16.6,22.16,27.02,31.28,30.44,26.12,22.37,19.42,17.24,14.9,13.18,12.09,10.66,9.481,8.869,8.097,7.219,6.986,6.727,6.221,5.903,6.009,5.687,5.413,5.414,5.351,5.239,5.07,5.122,4.919,4.851,4.673,4.662,4.777,4.896,4.967,5.064,5.24,5.43,5.589,5.748,6.036,6.255,6.425,6.707,7.059,7.156,7.18,7.497,7.573,7.428,7.549,7.719,7.65,7.68,8.092,8.291,8.303,8.822,8.998,9.025,9.268,9.383,9.14,9.046,9.077,8.839,8.608,8.746,8.745,8.668,8.885,9.173,9.193,9.354,9.744,9.831,9.873,10.28,10.52,10.56
12ppb_S2,12,Ac TW 12ppb.xlsx,0.245,-0.259,-0.399,-0.175,0.651,-0.217,-0.973,6.734,12.36,17.44,21.72,25.46,27.94,24.14,20.83,18.54,16.69,14.64,13.19,12.3,11.11,9.996,9.516,8.797,7.808,7.581,7.346,6.771,6.459,6.48,6.209,5.889,5.703,5.485,5.155,5.169,5.066,4.79,4.805,4.874,4.846,4.908,4.946,4.966,4.959,5.11,5.216,5.302,5.394,5.592,5.749,5.797,5.992,6.247,6.291,6.359,6.449,6.45,6.355,6.44,6.584,6.534,6.538,6.87,7.05,7.043,7.556,7.853,7.899,8.144,8.356,8.256,8.039,8.176,8.008,7.67,7.834,7.899,7.803,7.944,8.223,8.204,8.34,8.729,8.792,8.802,9.208,9.473,9.525
12ppb_S3,12,Ac TW 12ppb.xlsx,-0.063,0.014,0.224,1.134,1.967,10.66,18.27,24.73,30.2,35.1,35.76,30.39,26.35,22.77,19.7,17.44,15.81,13.99,12.57,11.84,10.77,9.716,9.159,8.638,7.808,7.507,7.357,6.825,6.443,6.618,6.359,6.118,6.167,6.086,5.764,5.623,5.626,5.561,5.397,5.285,5.085,5.096,5.288,5.327,5.358,5.535,5.728,5.806,5.959,6.308,6.56,6.595,6.925,7.264,7.251,7.344,7.45,7.411,7.163,7.236,7.377,7.259,7.298,7.66,7.864,7.829,8.457,8.816,8.841,9.17,9.345,9.189,9.107,9.193,8.892,8.668,8.78,8.729,8.573,8.755,8.976,8.906,9.005,9.359,9.401,9.371,9.814,10.12,10.14
12ppb_S4,12,Ac TW 12ppb.xlsx,-0.126,0.147,-0.049,-0.196,-0.021,0.245,0.882,3.668,10.28,15.98,20.93,25.07,29.46,28.19,24.52,21.8,19.82,17.57,15.83,14.75,13.36,11.89,11.29,10.46,9.271,8.841,8.47,7.558,7.126,7.122,6.525,6.099,6.1,5.906,5.374,5.446,5.367,5.035,5.011,5.113,5.055,4.984,5.141,5.184,5.072,5.221,5.377,5.435,5.438,5.596,5.726,5.708,5.898,6.065,6.046,6.143,6.202,6.258,6.129,6.269,6.359,6.323,6.365,6.731,6.911,6.924,7.445,7.787,7.852,8.11,8.384,8.238,8.075,8.22,8.062,7.703,7.85,7.925,7.787,7.967,8.297,8.279,8.454,8.85,8.935,8.991,9.45,9.73,9.835
150ppb_S1,150,Ac TW 150ppb.xlsx,-0.252,0.091,4.452,11.59,17.55,22.67,27.24,30.95,28.57,24.13,20.27,17.07,14.47,12.36,10.49,9.212,8.197,7.287,6.797,6.678,6.461,6.405,6.769,7.014,7.042,7.308,7.493,7.325,7.171,7.145,6.902,6.674,6.623,6.421,6.03,6.142,6.194,5.901,5.96,6.127,6.075,5.983,6.307,6.485,6.367,6.808,7.342,7.361,7.558,8.21,8.486,8.587,9.186,9.844,10.05,10.7,11.94,12.77,13.71,15.58,16.11,17.84,20.5,24.0,26.99,29.51,33.53,35.99,37.03,37.83,36.98,33.94,30.98,28.1,24.2,20.67,18.41,16.03,13.91,12.81,11.97,10.98,10.57,10.55,10.26,10.08,10.45,10.63,10.6
150ppb_S2,150,Ac TW 150ppb.xlsx,-0.273,3.22,10.29,16.13,21.17,25.58,29.5,28.41,24.25,20.74,17.53,14.96,12.95,11.31,9.772,8.834,8.19,7.385,7.112,7.119,6.986,7.0,7.343,7.49,7.448,7.686,7.871,7.576,7.488,7.651,7.525,7.504,7.432,7.406,7.161,7.282,7.472,7.299,7.229,7.548,7.597,7.478,7.822,8.108,8.059,8.414,9.107,9.203,9.441,10.07,10.43,10.49,11.0,11.54,11.73,12.15,13.2,13.83,14.61,16.29,18.07,19.75,22.39,25.79,27.88,30.59,34.15,36.14,36.65,37.01,35.9,32.82,29.93,27.27,23.73,20.65,18.77,16.77,14.99,14.15,13.53,12.64,12.38,12.51,12.25,12.1,12.56,12.79,12.8
150ppb_S3,150,Ac TW 150ppb.xlsx,-0.462,6.727,12.68,17.85,22.29,26.35,29.18,25.21,21.86,19.16,16.75,14.73,13.44,12.3,11.38,11.14,11.24,11.34,11.96,13.07,13.98,14.64,15.61,15.84,15.39,15.03,14.49,13.39,12.51,11.92,11.1,10.24,9.789,9.303,8.687,8.312,8.074,7.64,7.269,7.353,7.213,7.017,7.203,7.416,7.294,7.539,7.987,8.046,8.176,8.634,8.837,8.946,9.352,9.919,10.13,10.61,11.6,12.42,13.28,15.03,16.93,18.72,21.37,24.68,27.38,30.1,33.57,35.36,35.7,35.86,34.62,31.57,28.83,26.31,22.9,19.94,18.08,16.03,14.12,13.15,12.39,11.39,10.97,10.95,10.65,10.42,10.77,10.94,10.89
150ppb_S4,150,Ac TW 150ppb.xlsx,-0.161,0.154,4.123,11.08,17.05,22.15,26.54,30.3,28.38,24.11,20.36,17.22,14.85,12.72,10.96,9.667,8.708,7.854,7.308,7.182,6.944,6.867,7.189,7.371,7.343,7.56,7.791,7.7,7.532,7.628,7.38,7.241,7.297,7.184,7.147,7.027,7.079,6.85,6.9,7.151,7.118,7.047,7.358,7.567,7.462,7.862,8.438,8.53,8.706,9.361,9.69,9.719,10.34,11.06,11.25,11.85,13.13,12.98,13.74,15.31,16.92,18.49,20.92,24.12,26.83,29.07,32.78,35.17,36.26,37.27,36.75,34.14,31.52,28.93,25.21,21.82,19.6,17.23,15.06,13.95,13.07,12.04,11.57,11.57,11.23,11.0,11.36,11.54,11.49
15ppb_S1,15,Ac TW 15ppb.xlsx,-0.028,0.721,-0.378,-0.406,2.345,7.175,11.3,14.67,17.69,20.41,19.42,16.33,14.03,12.06,10.38,9.268,8.484,7.637,7.245,7.28,7.14,7.154,7.567,7.791,7.896,8.172,8.505,8.368,8.274,8.452,8.207,7.892,7.927,7.759,7.381,7.378,7.336,7.059,6.895,7.038,6.954,6.972,6.884,7.01,6.821,6.965,7.367,7.448,7.602,8.19,8.508,8.529,8.949,9.198,9.005,8.995,9.166,8.96,8.725,8.9,8.949,8.802,9.054,9.471,9.558,9.831,10.55,10.86,10.91,11.3,11.44,11.01,10.88,10.89,10.43,10.09,10.29,10.19,10.0,10.29,10.59,10.45,10.63,10.79,11.05,11.05,11.54,11.81,11.78
15ppb_S2,15,Ac TW 15ppb.xlsx,-0.021,0.609,-0.357,3.199,7.917,11.93,15.45,18.37,20.72,19.65,16.65,14.22,12.37,10.72,9.387,8.575,7.938,7.238,6.965,7.091,6.986,6.916,7.329,7.56,7.595,7.875,8.011,7.812,7.616,7.758,7.577,7.385,7.422,7.28,6.989,6.979,6.842,6.753,6.646,6.862,6.769,6.631,6.837,6.974,6.863,7.124,7.639,7.859,8.116,8.79,9.207,9.301,9.683,9.985,9.772,9.665,9.826,9.592,9.35,9.518,9.543,9.404,9.663,10.05,10.19,10.47,11.12,11.3,11.29,11.55,11.53,11.03,10.78,10.72,10.24,9.9,10.02,9.95,9.763,9.992,10.23,10.08,10.21,10.56,10.53,10.5,10.9,11.12,11.11
15ppb_S3,15,Ac TW 15ppb.xlsx,0.196,-0.266,-0.42,-0.385,0.322,2.261,7.035,10.72,13.96,16.69,19.02,18.35,15.57,13.28,11.34,10.03,8.974,8.001,7.462,7.385,7.119,7.021,7.329,7.602,7.63,7.976,8.312,8.239,8.069,8.284,8.113,7.801,7.838,7.77,7.381,7.292,7.39,7.024,6.82,6.953,6.835,6.636,6.772,6.874,6.646,6.799,7.201,7.262,7.381,7.927,8.277,8.332,8.729,9.021,8.832,8.837,9.042,8.823,8.563,8.745,8.78,8.594,8.857,9.221,9.194,9.474,10.15,10.45,10.53,10.92,11.1,10.71,10.59,10.63,10.15,9.805,9.914,9.817,9.593,9.826,10.1,9.935,10.12,10.51,10.5,10.46,10.92,11.14,11.12
15ppb_S4,15,Ac TW 15ppb.xlsx,-0.112,0.721,-0.448,-0.371,0.21,4.025,8.54,12.39,15.62,18.43,21.42,18.4,15.8,13.57,11.69,10.35,9.401,8.463,7.994,7.812,7.686,7.56,8.015,8.26,8.274,8.652,8.984,8.897,8.836,8.75,8.76,8.337,8.412,8.277,7.896,7.801,7.824,7.513,7.35,7.493,7.383,7.147,7.278,7.404,7.198,7.38,7.78,7.845,7.973,8.561,8.857,8.986,9.355,9.723,9.571,9.518,9.712,9.536,9.292,9.453,9.474,9.329,9.53,9.917,9.998,10.26,10.93,11.25,11.35,11.76,11.94,11.58,11.43,11.42,10.9,10.53,10.71,10.27,10.21,10.45,10.69,10.56,10.71,11.11,11.11,11.05,11.47,11.71,11.65
15ppb_S5,15,Ac TW 15ppb.xlsx,-0.406,-0.392,0.14,5.642,9.982,13.71,17.04,19.93,21.47,18.66,16.16,14.07,12.7,11.45,10.48,10.18,10.14,10.2,10.76,11.82,12.68,13.38,14.22,14.52,14.13,13.75,13.32,12.35,11.44,11.05,10.31,9.548,9.149,8.736,8.099,7.742,7.574,7.14,6.762,6.727,6.594,6.307,6.405,6.489,6.37,6.503,6.818,6.923,6.986,7.49,7.665,7.658,7.826,7.973,7.777,7.63,7.805,7.658,7.455,7.644,7.707,7.644,7.896,8.316,8.47,8.673,9.338,9.576,9.59,9.877,9.989,9.66,9.506,9.604,9.275,8.981,9.107,9.096,8.911,9.107,9.317,9.163,9.205,9.337,9.541,9.439,9.87,10.14,10.14
15ppb_S6,15,Ac TW 15ppb.xlsx,-0.434,-0.049,0.847,3.955,7.798,10.98,13.82,16.37,18.7,16.21,14.03,12.23,10.94,9.912,8.995,8.561,8.554,8.519,8.848,9.821,10.47,11.21,12.14,12.59,12.49,12.31,11.98,11.17,10.42,9.947,9.254,8.645,8.211,7.798,7.252,6.937,6.706,6.412,6.041,6.006,5.824,5.642,5.621,5.631,5.453,5.561,5.838,5.901,5.974,6.356,6.534,6.482,6.695,6.87,6.762,6.653,6.737,6.625,6.454,6.59,6.685,6.608,6.79,7.182,7.329,7.528,8.074,8.33,8.403,8.659,8.785,8.487,8.351,8.407,8.095,7.829,7.931,7.878,7.728,7.885,7.976,7.871,7.957,8.23,8.199,8.151,8.479,8.704,8.732
15ppb_S7,15,Ac TW 15ppb.xlsx,-0.245,0.427,-0.476,0.658,4.893,8.456,11.7,14.32,16.76,18.08,15.59,13.59,12.18,11.02,10.12,9.737,9.73,9.835,10.44,11.7,12.62,13.49,14.58,15.06,14.71,14.49,13.95,12.91,11.89,11.39,10.59,9.709,9.303,8.732,8.148,7.738,7.497,7.084,6.692,6.646,6.478,6.254,6.289,6.349,6.181,6.272,6.59,6.667,6.762,7.168,7.364,7.374,7.556,7.696,7.591,7.455,7.598,7.49,7.332,7.465,7.56,7.458,7.679,8.095,8.267,8.484,9.096,9.38,9.411,9.74,9.891,9.59,9.478,9.548,9.212,8.932,9.075,9.016,8.837,9.016,9.215,9.072,9.124,9.275,9.485,9.418,9.856,10.14,10.17
15ppb_S8,15,Ac TW 15ppb.xlsx,0.525,-0.441,-0.49,2.268,6.356,9.982,13.17,15.88,18.2,17.9,15.6,13.66,12.34,11.2,10.27,10.02,9.919,10.0,10.56,11.75,12.53,13.2,14.28,14.59,14.26,14.01,13.63,12.62,11.74,11.25,10.5,9.73,9.282,8.9,8.2,7.826,7.598,7.217,6.786,6.72,6.552,6.307,6.349,6.387,6.233,6.31,6.636,6.727,6.811,7.203,7.42,7.402,7.605,7.808,7.626,7.553,7.696,7.539,7.364,7.514,7.588,7.504,7.717,8.144,8.312,8.501,9.096,9.429,9.45,9.772,9.908,9.583,9.446,9.509,9.163,8.876,9.002,8.956,8.781,8.928,9.142,8.998,9.047,9.139,9.271,9.24,9.651,9.889,9.915
15ppb_S9,15,Ac TW 15ppb.xlsx,-0.385,-0.364,0.042,3.311,7.987,12.23,15.89,18.82,21.55,20.56,17.7,15.32,13.52,11.93,10.54,9.695,9.009,8.288,7.966,8.043,7.98,8.022,8.452,8.792,8.771,9.089,9.219,8.932,8.659,8.627,8.218,7.805,7.591,7.245,6.814,6.496,6.321,6.051,5.782,5.768,5.624,5.477,5.46,5.547,5.449,5.537,5.705,5.754,5.796,6.062,6.195,6.181,6.422,6.625,6.58,6.573,6.625,6.695,6.65,6.772,6.898,6.853,7.059,7.374,7.497,7.686,8.123,8.312,8.326,8.529,8.578,8.253,8.123,8.081,7.791,7.535,7.623,7.471,7.317,7.504,7.448,7.498,7.696,7.961,7.961,7.955,8.288,8.458,8.463
15ppb_S10,15,Ac TW 15ppb.xlsx,-0.294,0.917,6.335,10.82,14.68,18.08,21.02,22.43,19.34,16.81,14.59,12.73,11.42,10.2,9.156,8.582,8.155,7.679,7.567,7.798,7.833,7.945,8.428,8.683,8.582,8.725,8.827,8.438,8.127,8.067,7.668,7.224,7.028,6.818,6.363,6.181,6.051,5.827,5.607,5.666,5.617,5.547,5.687,5.768,5.701,5.845,6.076,6.184,6.268,6.583,6.783,6.832,7.031,7.213,7.115,7.136,7.346,7.276,7.182,7.437,7.57,7.563,7.854,8.246,8.407,8.571,9.054,9.177,9.079,9.163,9.124,8.708,8.515,8.456,8.158,7.913,8.018,7.92,7.975,7.987,7.975,8.05,8.174,8.444,8.43,8.447,8.799,8.998,9.037
15ppb_S11,15,Ac TW 15ppb.xlsx,0.784,-0.399,-0.364,-0.014,-0.413,3.955,7.924,11.26,14.21,16.79,19.44,16.58,14.43,12.55,10.91,9.709,8.813,7.882,7.287,7.021,6.657,6.412,6.58,6.692,6.643,6.916,7.056,6.919,6.933,6.949,6.769,6.494,6.389,6.183,5.866,5.745,5.651,5.379,5.155,5.12,5.022,4.992,5.072,5.042,5.072,5.128,5.258,5.367,5.475,5.695,5.835,5.989,6.206,6.373,6.446,6.501,6.644,6.75,6.719,6.826,6.98,7.046,7.168,7.567,7.843,7.961,8.494,8.852,8.858,9.063,9.079,8.774,8.578,8.456,8.111,7.786,7.812,7.675,7.523,7.653,7.754,7.766,7.88,8.151,8.176,8.16,8.468,8.619,8.584
15ppb_S12,15,Ac TW 15ppb.xlsx,-0.196,-0.042,-0.196,-0.217,-0.329,3.528,8.736,13.06,16.82,20.24,22.84,21.59,18.69,16.13,13.92,12.33,11.0,9.66,8.806,8.358,7.658,7.175,7.105,6.926,6.699,6.776,6.848,6.594,6.699,6.859,6.548,6.355,6.39,6.1,5.734,5.679,5.537,5.225,5.226,5.174,5.092,5.006,5.025,5.121,4.963,5.166,5.264,5.365,5.442,5.727,5.843,5.96,6.198,6.38,6.387,6.442,6.631,6.656,6.622,6.773,6.955,7.024,7.151,7.612,7.86,7.99,8.585,8.915,8.946,9.161,9.205,8.841,8.654,8.587,8.176,7.894,7.968,7.85,7.686,7.856,8.041,7.969,8.123,8.44,8.458,8.486,8.848,9.009,9.044
15ppb_S13,15,Ac TW 15ppb.xlsx,0.014,0.665,2.59,7.476,11.77,15.46,18.66,21.28,21.17,18.43,15.99,13.94,12.63,11.42,10.35,9.758,9.415,8.827,8.624,8.932,8.764,8.732,9.212,9.359,9.257,9.39,9.404,8.995,8.641,8.522,8.064,7.595,7.392,7.073,6.65,6.447,6.401,6.097,5.943,6.048,5.964,5.796,5.964,6.097,5.985,6.107,6.405,6.44,6.468,6.828,6.947,6.916,7.136,7.287,7.147,7.14,7.233,7.318,7.325,7.507,7.668,7.658,7.948,8.309,8.435,8.529,8.96,8.977,8.806,8.876,8.809,8.421,8.291,8.323,8.155,8.001,8.284,8.27,8.253,8.526,8.773,8.731,8.876,9.245,9.301,9.371,9.847,10.19,10.37
15ppb_S14,15,Ac TW 15ppb.xlsx,-0.469,-0.119,0.476,-0.399,1.106,5.313,8.995,12.16,14.81,17.27,18.17,15.64,13.73,12.12,10.63,9.765,9.1,8.232,7.847,7.658,7.301,6.986,7.091,7.063,7.007,6.895,6.979,6.776,6.608,6.743,6.529,6.198,6.213,5.981,5.634,5.576,5.539,5.292,5.278,5.231,5.157,5.127,5.255,5.257,5.222,5.352,5.526,5.556,5.729,5.953,6.029,6.079,6.253,6.421,6.377,6.411,6.482,6.583,6.548,6.745,6.933,6.956,7.137,7.598,7.78,7.891,8.408,8.606,8.505,8.663,8.739,8.356,8.199,8.179,7.875,7.64,7.81,7.786,7.693,7.933,8.15,8.097,8.272,8.629,8.664,8.718,9.096,9.362,9.425
15ppb_S15,15,Ac TW 15ppb.xlsx,0.175,-0.266,-0.336,-0.238,0.077,-0.329,3.892,7.791,11.25,14.25,16.66,19.51,16.83,14.57,12.52,11.1,10.02,8.82,8.078,7.721,7.196,6.685,6.671,6.482,6.181,6.195,6.286,6.069,5.922,6.118,5.929,5.768,5.743,5.659,5.397,5.344,5.334,5.169,5.092,5.211,5.19,5.12,5.183,5.266,5.192,5.273,5.409,5.468,5.615,5.82,5.975,6.072,6.261,6.478,6.505,6.603,6.751,6.794,6.807,6.884,7.068,7.087,7.199,7.439,7.736,7.802,8.293,8.58,8.605,8.763,8.858,8.542,8.389,8.339,7.969,7.695,7.759,7.695,7.539,7.689,7.863,7.843,7.968,8.251,8.295,8.298,8.619,8.736,8.739
15ppb_S16,15,Ac TW 15ppb.xlsx,-0.224,0.098,-0.238,-0.42,-0.21,4.62,9.737,14.06,17.7,21.01,24.5,21.04,18.12,15.55,13.43,11.89,10.65,9.387,8.484,8.022,7.413,6.825,6.643,6.384,5.978,5.831,5.852,5.617,5.491,5.663,5.568,5.372,5.294,5.302,5.064,5.068,4.826,4.693,4.784,4.797,4.806,4.819,4.965,5.004,5.015,5.156,5.259,5.34,5.533,5.731,5.846,5.977,6.138,6.348,6.364,6.403,6.604,6.653,6.579,6.751,6.897,6.942,7.04,7.428,7.619,7.706,8.229,8.538,8.525,8.878,8.904,8.591,8.433,8.36,8.036,7.772,7.854,7.798,7.677,7.878,8.083,8.043,8.204,8.535,8.57,8.599,8.918,9.075,9.054
15ppb_S17,15,Ac TW 15ppb.xlsx,-0.238,2.688,8.778,13.99,18.43,22.31,25.73,24.76,21.13,18.13,15.46,13.3,11.65,10.23,8.974,8.183,7.581,6.79,6.398,6.16,5.74,5.474,5.418,5.25,4.949,4.991,4.998,4.816,4.711,4.837,4.76,4.784,4.753,4.788,4.599,4.679,4.777,4.728,4.788,4.998,4.926,4.98,5.185,5.05,5.141,5.349,5.554,5.731,5.966,6.244,6.394,6.433,6.635,6.839,6.824,6.908,6.966,7.003,6.94,7.073,7.323,7.398,7.556,8.023,8.29,8.284,8.699,8.871,8.668,8.676,8.542,8.109,7.936,7.908,7.675,7.521,7.717,7.624,7.7,7.943,8.151,8.104,8.235,8.547,8.58,8.589,8.986,9.219,9.331
15ppb_S18,15,Ac TW 15ppb.xlsx,0.385,-0.329,-0.343,-0.154,0.455,-0.329,2.219,6.972,10.91,14.52,17.38,20.02,19.9,17.13,14.69,12.96,11.58,10.16,9.247,8.722,7.91,7.28,7.042,6.643,6.083,5.985,5.894,5.474,5.313,5.369,5.159,4.928,4.938,4.865,4.721,4.732,4.697,4.662,4.672,4.861,4.907,4.896,4.98,5.122,5.098,5.196,5.274,5.289,5.453,5.701,5.82,5.915,6.149,6.286,6.295,6.345,6.525,6.597,6.531,6.697,6.839,6.893,6.94,7.364,7.584,7.689,8.259,8.553,8.534,8.711,8.76,8.503,8.325,8.265,7.926,7.635,7.74,7.693,7.562,7.765,7.99,7.954,8.132,8.477,8.528,8.559,8.92,9.121,9.123
15ppb_S19,15,Ac TW 15ppb.xlsx,-0.357,-0.336,0.07,-0.2485,-0.385,-0.343,1.344,6.475,10.54,14.04,17.15,19.66,20.52,17.67,15.22,13.47,12.15,10.67,9.744,9.233,8.477,7.84,7.567,7.196,6.65,6.552,6.433,5.922,5.74,5.866,5.593,5.334,5.418,5.362,5.124,5.096,5.071,5.047,5.144,5.208,5.25,5.208,5.278,5.481,5.407,5.329,5.491,5.526,5.707,6.04,6.131,6.229,6.542,6.751,6.783,6.86,6.985,7.169,7.127,7.398,7.556,7.52,7.685,8.107,8.277,8.368,8.914,9.222,9.291,9.544,9.597,9.25,9.135,9.074,8.683,8.396,8.486,8.414,8.26,8.458,8.692,8.641,8.832,9.224,9.271,9.338,9.733,9.945,9.947
15ppb_S20,15,Ac TW 15ppb.xlsx,0.784,-0.343,-0.21,-0.2712,-0.287,-0.245,2.954,8.036,12.28,15.92,19.23,22.01,21.35,18.34,15.83,14.02,12.6,11.07,10.06,9.457,8.631,7.798,7.504,7.056,6.433,6.272,6.135,5.666,5.519,5.526,5.313,5.162,5.169,5.113,5.038,4.9,4.97,4.879,4.917,4.972,4.98,4.926,4.816,4.833,4.812,5.053,5.22,5.222,5.355,5.657,5.772,5.803,6.089,6.328,6.297,6.41,6.682,6.75,6.756,7.027,7.283,7.348,7.653,8.223,8.528,8.746,9.432,9.81,9.863,10.13,10.15,9.754,9.492,9.334,8.874,8.491,8.517,8.363,8.15,8.356,8.519,8.442,8.585,8.944,8.986,9.014,9.436,9.66,9.698
15ppb_S21,15,Ac TW 15ppb.xlsx,-0.308,-0.182,0.385,-0.154,5.551,11.58,16.87,21.33,25.21,28.98,24.7,20.98,18.02,15.46,13.29,11.64,10.26,8.953,7.987,7.42,6.671,6.076,5.95,5.649,5.222,5.159,5.089,4.83,4.76,4.949,4.767,4.69,4.7,4.648,4.466,4.595,4.732,4.585,4.578,4.626,4.697,4.643,4.67,4.651,4.687,4.882,5.071,5.146,5.328,5.607,5.776,5.912,6.176,6.408,6.435,6.586,6.844,6.868,6.815,6.974,7.148,7.167,7.284,7.74,7.976,8.106,8.765,9.096,9.193,9.453,9.536,9.191,9.046,8.963,8.557,8.239,8.279,8.174,8.001,8.185,8.403,8.339,8.531,8.876,8.899,8.963,9.329,9.497,9.471
15ppb_S22,15,Ac TW 15ppb.xlsx,-0.294,-0.322,-0.154,0.469,-0.28,1.484,6.818,11.35,15.29,18.75,21.73,22.28,19.2,16.61,14.32,12.73,11.46,10.12,9.247,8.764,7.959,7.343,7.175,6.79,6.321,6.195,6.055,5.691,5.502,5.649,5.425,5.264,5.327,5.341,5.266,5.152,5.243,5.138,5.047,5.222,5.257,5.274,5.425,5.603,5.428,5.565,5.92,5.563,5.785,6.076,6.214,6.271,6.6,6.798,6.773,6.911,7.138,7.143,7.099,7.313,7.429,7.433,7.629,8.015,8.245,8.354,8.959,9.298,9.459,9.739,9.854,9.527,9.355,9.317,8.883,8.543,8.571,8.435,8.255,8.424,8.622,8.554,8.753,9.126,9.156,9.236,9.607,9.803,9.809
15ppb_S23,15,Ac TW 15ppb.xlsx,-0.322,0.357,-0.287,-0.378,-0.126,1.526,6.132,9.912,13.15,16.06,18.54,18.89,16.24,14.07,12.15,10.82,9.709,8.61,7.889,7.49,6.895,6.384,6.265,5.95,5.509,5.502,5.474,5.117,4.984,5.075,4.949,4.781,4.781,4.753,4.727,4.665,4.707,4.588,4.609,4.858,4.847,4.893,4.891,4.977,4.715,4.891,5.026,5.123,5.232,5.457,5.614,5.735,5.918,6.1,6.121,6.267,6.429,6.499,6.464,6.651,6.812,6.85,6.963,7.311,7.532,7.603,8.174,8.518,8.592,8.847,9.082,8.767,8.68,8.638,8.281,7.962,8.006,7.901,7.731,7.894,8.076,8.041,8.207,8.556,8.606,8.659,9.018,9.191,9.182
15ppb_S24,15,Ac TW 15ppb.xlsx,0.777,-0.126,-0.168,6.468,13.39,19.4,24.75,29.56,32.59,27.98,23.97,20.49,17.63,15.14,13.05,11.38,10.05,8.736,7.868,7.259,6.517,5.936,5.712,5.397,5.033,4.907,4.9,4.543,4.445,4.62,4.515,4.333,4.417,4.399,4.266,4.343,4.345,4.378,4.392,4.553,4.574,4.534,4.276,4.354,4.262,4.588,4.766,4.791,4.896,5.231,5.349,5.382,5.642,5.903,5.77,5.847,6.152,6.086,6.011,6.266,6.425,6.4,6.605,7.091,7.256,7.386,8.084,8.403,8.379,8.715,8.865,8.578,8.456,8.473,8.108,7.847,7.994,7.929,7.775,8.027,8.263,8.207,8.416,8.808,8.857,8.899,9.296,9.56,9.564
200ppb_S1,200,Ac TW 200ppb.xlsx,2.926,9.982,16.29,21.49,25.89,29.76,29.21,24.76,20.92,17.77,15.01,12.63,10.91,9.366,8.106,7.28,6.65,6.02,5.782,5.824,5.761,5.796,6.118,6.237,6.209,6.398,6.538,6.254,6.034,6.191,6.058,5.848,5.901,5.932,5.747,5.666,5.813,5.78,5.712,6.09,6.254,6.289,6.769,6.955,7.072,7.605,8.252,8.404,8.585,9.304,9.822,10.07,10.9,11.49,11.96,12.78,14.29,15.65,17.04,19.52,22.25,24.87,27.8,31.78,35.01,38.06,41.82,43.53,43.07,42.5,40.42,36.29,32.36,28.78,24.45,20.68,18.24,15.83,13.74,12.58,11.77,10.8,10.33,10.22,9.957,9.772,10.06,10.24,10.24
200ppb_S2,200,Ac TW 200ppb.xlsx,0.707,3.059,10.51,16.8,22.2,26.92,30.94,30.19,25.63,21.72,18.38,15.47,13.29,11.31,9.73,8.617,7.833,7.049,6.657,6.629,6.426,6.356,6.664,6.895,6.846,7.049,7.192,7.01,6.793,6.954,6.849,6.641,6.417,6.343,6.121,6.233,6.336,6.206,6.255,6.541,6.582,6.573,7.014,7.402,7.437,7.892,8.602,8.76,8.93,9.838,10.37,10.53,11.3,12.35,12.83,13.63,15.22,15.16,16.37,18.61,21.16,23.54,26.92,30.33,33.58,36.92,41.14,43.55,43.82,44.16,42.74,39.12,35.43,32.01,27.59,23.5,20.84,18.18,15.76,14.4,13.43,12.28,11.73,11.7,11.27,11.01,11.34,11.54,11.5
200ppb_S3,200,Ac TW 200ppb.xlsx,4.319,11.71,18.32,23.93,28.68,32.93,31.24,26.49,22.51,19.11,16.17,13.71,11.83,10.19,8.82,7.952,7.287,6.601,6.314,6.391,6.356,6.356,6.678,6.867,6.776,6.975,7.171,6.825,6.709,6.884,6.774,6.719,6.583,6.632,6.436,6.449,6.493,6.59,6.736,6.907,6.954,6.942,7.327,7.698,7.77,8.041,8.626,8.76,8.885,9.553,9.91,10.12,10.78,11.54,12.03,12.81,14.25,15.56,16.92,19.43,22.22,24.85,27.75,31.89,35.29,38.5,42.55,44.5,44.04,43.71,41.73,37.69,33.86,30.39,26.08,22.23,19.78,17.32,15.06,13.9,13.05,12.0,11.53,11.56,11.21,11.0,11.42,11.65,11.69
200ppb_S4,200,Ac TW 200ppb.xlsx,4.417,11.59,18.16,23.62,28.39,32.7,31.69,27.26,23.67,20.66,17.93,15.48,13.9,12.4,11.02,10.19,9.639,8.827,8.561,8.68,8.54,8.421,8.876,8.977,8.928,9.25,9.565,9.401,9.212,9.555,9.49,9.507,9.425,9.557,9.27,9.406,9.739,9.618,9.558,10.07,10.2,10.15,10.68,11.12,11.16,11.6,12.41,12.59,12.74,13.55,14.02,14.08,14.74,15.53,15.79,16.46,17.94,18.83,19.91,22.18,24.51,26.58,28.91,32.71,35.83,39.35,44.25,47.1,49.03,50.98,51.04,48.3,45.21,41.96,37.09,32.38,29.29,25.94,22.74,20.95,19.62,17.95,17.16,17.08,16.53,16.11,16.56,16.73,16.58
20ppb_S1,20,Ac TW 20ppb.xlsx,0.357,-0.252,-0.14,-0.105,0.574,-0.301,3.619,10.34,16.06,21.29,25.56,29.42,28.54,24.79,21.55,19.15,17.41,15.28,13.67,12.78,11.47,10.27,9.765,9.047,8.085,7.752,7.458,6.809,6.47,6.571,5.788,5.455,5.492,5.237,4.851,4.896,4.833,4.644,4.648,4.681,4.742,4.691,4.878,4.966,4.982,5.041,5.35,5.414,5.468,5.761,5.994,6.019,6.186,6.465,6.47,6.599,6.694,6.765,6.702,6.961,7.222,7.242,7.482,8.074,8.406,8.513,9.246,9.572,9.634,9.936,10.02,9.634,9.431,9.387,8.951,8.619,8.703,8.522,8.435,8.666,8.892,8.825,8.974,9.368,9.438,9.48,9.968,10.35,10.51
20ppb_S2,20,Ac TW 20ppb.xlsx,-0.07,0.266,2.737,12.01,20.25,27.37,33.84,39.03,38.0,32.64,27.89,23.81,20.64,17.92,15.35,13.61,12.24,10.63,9.485,8.823,7.966,7.133,6.939,6.526,6.022,5.894,5.945,5.533,5.453,5.116,4.828,4.641,4.627,4.435,4.243,4.245,4.179,4.066,4.093,4.146,4.21,4.214,4.37,4.523,4.592,4.682,5.027,5.183,5.243,5.642,5.86,5.963,6.162,6.42,6.389,6.538,6.641,6.7,6.515,6.829,7.146,7.267,7.531,8.2,8.581,8.755,9.499,9.747,9.719,9.908,9.865,9.375,9.133,9.06,8.613,8.318,8.459,8.428,8.295,8.501,8.738,8.645,8.748,9.11,9.128,9.142,9.665,10.04,10.19
20ppb_S3,20,Ac TW 20ppb.xlsx,-0.322,-0.196,0.133,-0.1452,-0.329,-0.189,0.539,6.972,13.38,19.22,24.03,28.25,31.72,27.42,23.75,21.03,19.01,16.78,15.04,14.03,12.6,11.09,10.65,9.761,8.617,8.176,7.901,7.178,6.844,6.811,6.501,6.183,5.857,5.644,5.156,5.207,5.213,5.119,4.967,5.087,4.98,4.961,5.175,5.239,5.161,5.435,5.647,5.673,5.806,6.162,6.415,6.366,6.668,7.049,6.93,7.125,7.272,7.25,7.117,7.399,7.626,7.61,7.792,8.39,8.662,8.87,9.619,9.97,10.13,10.52,10.65,10.31,10.12,10.02,9.52,9.086,9.06,8.883,8.645,8.787,8.972,8.906,9.037,9.401,9.483,9.506,9.961,10.3,10.4
20ppb_S4,20,Ac TW 20ppb.xlsx,-0.308,-0.098,-0.2397,-0.28,-0.273,-0.077,5.005,11.28,16.6,21.5,25.55,29.65,26.95,23.67,20.72,18.71,17.07,15.12,13.61,12.94,11.74,10.49,10.04,9.313,8.298,7.968,7.653,7.035,6.585,6.666,6.305,5.938,5.63,5.383,5.007,5.017,4.907,4.79,4.813,4.82,4.855,4.823,5.007,5.079,5.038,5.27,5.46,5.456,5.53,5.788,5.927,5.918,6.105,6.396,6.404,6.547,6.662,6.725,6.633,6.912,7.222,7.262,7.492,8.102,8.44,8.596,9.346,9.649,9.693,9.97,10.04,9.625,9.415,9.348,8.906,8.557,8.662,8.589,8.454,8.666,8.881,8.822,8.97,9.334,9.408,9.459,9.954,10.32,10.48
25ppb_S1,25,Ac TW 25ppb.xlsx,-0.182,0.567,1.743,7.28,12.18,16.29,19.84,22.75,23.09,19.54,16.49,13.93,12.02,10.33,8.974,8.05,7.448,6.783,6.517,6.559,6.475,6.412,6.888,7.112,7.182,7.416,7.626,7.416,7.184,7.385,7.198,6.897,6.94,6.867,6.559,6.543,6.636,6.412,6.261,6.421,6.319,6.233,6.375,6.548,6.421,6.653,7.14,7.331,7.527,8.113,8.452,8.531,8.829,9.119,8.991,8.921,9.166,9.046,8.879,9.186,9.396,9.415,9.847,10.58,10.98,11.48,12.51,13.03,13.13,13.49,13.54,12.84,12.37,12.15,11.4,10.79,10.81,10.63,10.28,10.47,10.68,10.51,10.59,10.75,10.97,10.93,11.43,11.76,11.77
25ppb_S2,25,Ac TW 25ppb.xlsx,-0.49,-0.021,-0.448,-0.427,1.148,5.733,9.52,12.85,15.48,18.02,18.42,15.47,13.26,11.38,9.835,8.764,7.924,7.175,6.762,6.678,6.643,6.559,6.951,7.238,7.301,7.528,7.871,7.756,7.605,7.728,7.448,7.185,7.189,7.063,6.734,6.622,6.629,6.429,6.237,6.335,6.258,6.121,6.198,6.293,6.188,6.303,6.66,6.741,6.87,7.318,7.605,7.661,7.955,8.197,8.109,8.078,8.267,8.151,8.039,8.249,8.417,8.417,8.767,9.289,9.583,9.971,10.82,11.31,11.44,11.85,11.91,11.4,11.04,10.78,10.15,9.551,9.492,9.292,8.956,9.047,9.198,9.03,9.1,9.404,9.39,9.299,9.712,9.919,9.894
25ppb_S3,25,Ac TW 25ppb.xlsx,0.006999,0.945,-0.343,-0.35,0.287,-0.322,3.325,7.791,11.6,15.04,17.75,20.07,18.56,15.8,13.38,11.67,10.42,9.093,8.33,7.931,7.581,7.301,7.525,7.679,7.581,7.829,8.183,8.13,8.095,8.344,8.19,7.889,7.896,7.773,7.371,7.308,7.318,7.021,6.825,7.007,6.902,6.636,6.828,6.923,6.769,6.965,7.311,7.437,7.567,8.074,8.396,8.498,8.837,9.145,9.054,9.019,9.285,9.177,8.977,9.212,9.327,9.278,9.597,10.13,10.42,10.75,11.66,12.18,12.36,12.86,13.04,12.61,12.29,12.18,11.56,10.99,11.0,10.81,10.5,10.67,10.92,10.8,10.92,11.34,11.36,11.32,11.77,12.02,11.96
25ppb_S4,25,Ac TW 25ppb.xlsx,0.14,-0.434,-0.343,-0.357,0.252,1.953,6.412,10.3,13.59,16.37,18.65,18.32,15.6,13.22,11.24,9.933,8.862,7.903,7.315,7.189,6.972,6.853,7.182,7.49,7.497,7.896,8.158,8.123,8.085,8.2,7.919,7.618,7.618,7.542,7.18,7.072,7.08,6.788,6.632,6.767,6.722,6.494,6.547,6.704,6.573,6.683,7.075,7.187,7.324,7.906,8.288,8.377,8.769,9.135,9.016,9.03,9.275,9.123,8.927,9.142,9.264,9.212,9.504,10.06,10.3,10.7,11.66,12.26,12.54,13.1,13.38,12.93,12.59,12.38,11.61,10.91,10.78,10.48,10.06,10.16,10.32,10.14,10.23,10.58,10.56,10.47,10.89,11.11,11.06
25ppb_S5,25,Ac TW 25ppb.xlsx,-0.245,-0.483,4.151,8.183,11.82,14.88,17.67,20.39,17.66,15.58,13.61,12.05,11.09,10.23,9.555,9.429,9.688,9.597,10.35,11.44,12.12,12.74,13.57,13.91,13.21,13.12,12.49,11.46,10.9,10.19,9.674,9.009,8.519,8.113,7.549,7.21,7.028,6.653,6.265,6.44,6.097,6.002,6.121,6.055,6.041,6.268,6.419,6.608,6.811,7.014,7.483,7.231,7.304,7.721,7.605,7.682,7.717,7.686,7.779,7.756,7.955,8.029,8.512,8.869,9.359,9.751,10.72,11.02,10.83,11.26,11.52,11.17,10.69,10.44,10.21,9.404,9.593,9.366,9.051,9.254,9.054,9.086,9.189,9.331,9.285,9.439,9.32,9.667,9.978
25ppb_S6,25,Ac TW 25ppb.xlsx,9.233,13.82,17.86,21.39,24.48,22.4,19.43,16.83,14.84,13.17,11.62,10.43,9.611,9.065,8.722,8.561,8.897,9.058,9.688,10.39,10.79,11.37,11.7,11.79,11.12,10.9,10.77,9.761,9.257,8.89,8.505,8.06,7.899,7.483,7.126,6.8,6.877,6.503,6.195,6.401,6.219,6.027,6.324,6.314,6.433,6.513,7.066,7.371,7.35,7.934,8.162,8.211,8.144,8.291,8.277,8.162,8.162,8.246,8.071,8.365,8.687,8.694,9.338,9.873,10.25,10.38,11.34,11.64,11.25,11.61,11.29,10.56,10.48,10.0,9.744,9.201,9.25,9.18,8.806,8.858,9.025,8.972,9.124,9.228,9.273,9.273,9.725,10.16,10.3
25ppb_S7,25,Ac TW 25ppb.xlsx,0.196,-0.42,0.21,0.945,3.815,8.12,11.86,15.05,17.72,20.54,18.18,15.73,13.85,12.42,11.26,10.42,10.4,9.919,10.41,11.35,12.09,12.86,13.72,14.24,14.12,13.68,13.73,12.96,11.79,11.51,10.86,9.674,9.422,8.939,8.463,7.994,7.721,7.434,6.93,6.86,6.629,6.587,6.426,6.608,6.447,6.657,6.846,6.846,7.091,7.504,7.637,7.752,7.917,7.952,7.819,7.756,8.036,7.651,7.875,7.987,8.162,8.106,8.813,8.918,9.604,9.856,10.59,11.23,11.38,12.05,11.58,11.28,11.26,11.26,10.54,9.695,9.779,9.758,9.641,9.569,9.457,9.135,9.576,9.289,9.432,9.268,9.936,10.28,10.15
25ppb_S8,25,Ac TW 25ppb.xlsx,0.028,0.784,-0.441,1.211,6.034,10.17,13.82,16.76,19.48,20.13,17.51,14.99,13.36,11.86,10.83,10.09,10.0,9.723,10.03,11.17,12.03,12.73,13.59,14.22,14.29,14.2,13.92,12.7,11.98,11.54,10.61,9.541,9.366,8.953,8.141,7.784,7.539,7.049,6.615,6.706,6.545,6.457,6.237,6.342,6.02,6.195,6.503,6.517,6.608,7.063,7.133,7.119,7.329,7.553,7.392,7.476,7.472,7.56,7.462,7.609,7.98,7.805,8.288,8.862,9.149,9.52,10.38,10.87,11.07,11.58,11.79,11.37,11.36,11.07,10.38,10.07,10.15,9.569,9.401,9.471,9.513,9.431,9.331,9.408,9.254,9.397,9.88,9.758,10.12
25ppb_S9,25,Ac TW 25ppb.xlsx,0.021,-0.343,3.64,8.141,11.91,15.21,18.21,20.73,19.28,16.85,14.64,12.78,11.37,10.16,9.093,8.393,7.938,7.406,7.245,7.406,7.49,7.525,7.864,8.127,8.155,8.358,8.389,8.186,7.938,7.794,7.563,7.122,6.919,6.664,6.3,6.062,5.967,5.68,5.495,5.498,5.446,5.148,5.203,5.304,5.257,5.295,5.549,5.628,5.715,6.025,6.242,6.281,6.529,6.818,6.842,6.848,7.128,7.212,7.178,7.423,7.658,7.71,7.992,8.452,8.701,8.988,9.574,9.868,9.891,10.12,10.09,9.67,9.39,9.224,8.745,8.288,8.213,8.018,7.742,7.758,7.724,7.698,7.803,7.912,7.878,8.018,8.092,8.19,8.15
25ppb_S10,25,Ac TW 25ppb.xlsx,-0.147,0.588,-0.413,-0.623,4.459,8.519,11.98,14.97,17.46,19.97,17.18,14.83,13.1,11.51,10.14,9.254,8.582,7.882,7.497,7.483,7.385,7.427,7.84,8.085,8.113,8.351,8.505,8.302,8.109,7.943,7.679,7.283,7.108,6.737,6.394,6.221,5.981,5.695,5.599,5.516,5.403,5.291,5.363,5.368,5.316,5.508,5.603,5.698,5.897,6.12,6.207,6.381,6.586,6.772,6.854,6.947,7.159,7.279,7.307,7.563,7.882,8.085,8.407,9.006,9.524,9.828,10.58,10.91,10.98,11.21,11.19,10.69,10.26,10.04,9.413,8.857,8.729,8.475,8.167,8.178,8.152,8.12,8.144,8.239,8.365,8.328,8.627,8.748,8.727
25ppb_S11,25,Ac TW 25ppb.xlsx,-0.301,0.427,5.173,9.947,13.98,17.44,20.56,23.57,20.44,17.86,15.41,13.29,11.92,10.6,9.45,8.757,8.288,7.637,7.385,7.574,7.609,7.609,8.064,8.316,8.263,8.438,8.512,8.178,7.878,7.8,7.425,7.093,6.89,6.667,6.225,6.055,5.981,5.457,5.452,5.448,5.323,5.363,5.455,5.456,5.517,5.687,5.96,6.022,6.24,6.558,6.799,6.939,7.142,7.422,7.409,7.458,7.79,7.909,7.913,8.312,8.711,8.965,9.34,10.04,10.4,10.74,11.46,11.67,11.56,11.62,11.42,10.74,10.29,9.998,9.429,8.979,8.972,8.816,8.596,8.696,8.825,8.69,8.773,8.877,9.035,9.009,9.385,9.602,9.639
25ppb_S12,25,Ac TW 25ppb.xlsx,-0.497,-0.063,0.749,-0.826,4.809,9.212,12.77,15.89,18.58,21.02,17.96,15.36,13.33,11.57,10.05,8.848,8.001,7.049,6.489,6.139,5.768,5.46,5.516,5.523,5.432,5.551,5.747,5.649,5.663,5.81,5.663,5.505,5.491,5.421,5.218,5.145,5.131,4.966,4.921,4.952,4.963,4.917,4.896,5.04,5.061,5.11,5.172,5.367,5.463,5.587,5.794,5.982,6.181,6.352,6.491,6.604,6.747,6.957,6.966,7.217,7.561,7.78,8.061,8.725,9.215,9.47,10.11,10.45,10.51,10.7,10.66,10.17,9.767,9.474,8.928,8.407,8.302,8.12,7.863,7.931,8.025,7.959,8.018,8.123,8.269,8.246,8.508,8.577,8.594
25ppb_S13,25,Ac TW 25ppb.xlsx,0.343,-0.469,-0.427,-0.217,0.504,3.157,7.245,10.76,13.73,16.39,17.98,17.29,15.06,13.1,11.38,10.33,9.436,8.491,8.008,7.98,7.644,7.567,7.833,8.05,8.046,8.41,8.645,8.512,8.333,8.351,7.973,7.507,7.353,6.989,6.517,6.23,6.069,5.715,5.474,5.477,5.33,5.159,5.201,5.176,5.173,5.277,5.397,5.362,5.39,5.705,5.803,5.803,6.013,6.23,6.247,6.268,6.524,6.552,6.51,6.783,6.968,7.042,7.329,7.784,7.983,8.263,8.858,9.114,9.17,9.376,9.38,8.981,8.757,8.641,8.221,7.864,7.882,7.766,7.506,7.682,7.829,7.775,7.924,8.065,8.274,8.314,8.655,8.802,8.802
25ppb_S14,25,Ac TW 25ppb.xlsx,-0.231,0.308,-0.329,0.805,6.51,11.49,15.74,19.38,22.43,23.99,20.37,17.35,15.05,13.07,11.38,10.19,9.268,8.295,7.714,7.476,7.049,6.72,6.874,6.811,6.643,6.755,6.651,6.611,6.594,6.734,6.429,6.156,6.142,5.932,5.589,5.56,5.344,5.166,5.084,5.169,5.007,4.985,5.133,5.138,5.096,5.214,5.428,5.463,5.638,5.856,5.967,6.066,6.279,6.419,6.43,6.527,6.692,6.737,6.792,7.032,7.261,7.447,7.74,8.33,8.73,9.005,9.766,10.11,10.15,10.35,10.31,9.751,9.404,9.168,8.62,8.193,8.169,7.985,7.78,7.919,8.045,7.957,8.073,8.365,8.375,8.37,8.72,8.878,8.86
25ppb_S15,25,Ac TW 25ppb.xlsx,-0.469,-0.546,-0.336,-0.4515,-0.427,-0.497,2.842,6.825,10.16,13.17,15.66,17.83,16.77,14.48,12.47,11.07,9.94,8.764,8.022,7.602,7.0,6.503,6.405,6.202,5.838,5.831,5.682,5.523,5.537,5.649,5.537,5.397,5.411,5.285,5.085,5.054,5.103,4.949,4.858,4.998,5.029,5.073,5.131,5.134,5.096,5.229,5.474,5.416,5.593,5.896,6.026,6.118,6.415,6.632,6.646,6.863,7.14,7.188,7.222,7.461,7.732,7.84,8.09,8.599,8.958,9.169,9.878,10.28,10.34,10.63,10.66,10.23,9.956,9.765,9.203,8.75,8.668,8.444,8.179,8.255,8.367,8.258,8.382,8.683,8.678,8.664,8.988,9.126,9.091
25ppb_S16,25,Ac TW 25ppb.xlsx,0.147,-0.322,-0.42,-0.392,0.266,-0.322,0.658,5.404,9.611,13.31,16.29,18.91,20.39,17.51,15.03,13.25,11.79,10.35,9.38,8.862,8.078,7.42,7.252,6.937,6.433,6.328,6.307,5.95,5.81,5.936,5.768,5.565,5.533,5.453,5.347,5.194,5.208,5.043,4.994,5.152,5.12,5.05,5.092,5.086,5.087,5.113,5.232,5.256,5.37,5.578,5.695,5.724,5.946,6.082,6.092,6.243,6.369,6.436,6.501,6.7,6.933,7.087,7.291,7.825,8.246,8.47,9.18,9.6,9.73,10.04,10.05,9.604,9.317,9.121,8.55,8.111,8.045,7.833,7.558,7.707,7.847,7.74,7.864,8.174,8.223,8.22,8.554,8.731,8.739
25ppb_S17,25,Ac TW 25ppb.xlsx,-0.035,-0.371,-0.371,-0.21,0.049,0.644,5.719,10.05,13.64,16.77,19.4,20.67,17.7,15.04,12.87,11.17,9.8,8.519,7.525,6.923,6.237,5.635,5.39,5.054,4.669,4.543,4.494,4.207,4.102,4.179,4.081,3.913,4.025,4.046,3.892,3.969,4.046,3.955,4.004,4.214,4.214,4.228,4.417,4.532,4.553,4.69,4.945,5.064,5.043,5.346,5.523,5.588,5.889,6.132,6.239,6.33,6.608,6.662,6.704,6.958,7.161,7.161,7.476,7.87,8.048,8.328,8.867,9.17,9.243,9.46,9.45,9.032,8.713,8.473,7.943,7.495,7.376,7.142,6.916,6.961,6.968,7.039,6.96,7.219,7.361,7.306,7.484,7.754,7.714
25ppb_S18,25,Ac TW 25ppb.xlsx,-0.504,-0.238,0.287,-0.294,-0.504,-0.28,0.259,4.228,8.554,12.26,15.6,18.23,21.29,18.21,15.67,13.64,12.13,10.54,9.422,8.813,7.903,7.224,6.958,6.496,5.908,5.838,5.761,5.348,5.166,5.264,5.033,4.83,4.865,4.748,4.655,4.641,4.596,4.539,4.55,4.63,4.711,4.721,4.822,4.942,4.912,5.082,5.035,5.134,5.304,5.47,5.606,5.694,5.887,6.027,6.062,6.165,6.371,6.481,6.539,6.762,7.003,7.141,7.373,7.916,8.254,8.49,9.229,9.63,9.753,10.03,10.04,9.62,9.359,9.135,8.599,8.155,8.069,7.836,7.583,7.688,7.812,7.693,7.836,8.15,8.172,8.19,8.505,8.671,8.652
25ppb_S19,25,Ac TW 25ppb.xlsx,0.006999,0.784,-0.371,-0.483,0.006999,4.48,9.226,13.11,16.46,19.52,22.9,19.56,16.95,14.8,12.85,11.53,10.51,9.289,8.603,8.148,7.595,6.909,6.832,6.482,6.027,5.88,5.859,5.488,5.411,5.432,5.292,5.117,5.159,5.051,4.977,4.952,4.985,5.019,4.991,5.19,5.267,5.239,5.355,5.525,5.49,5.573,5.639,5.638,5.825,6.155,6.289,6.353,6.67,6.906,6.905,7.038,7.336,7.371,7.416,7.788,8.102,8.216,8.592,9.21,9.545,9.769,10.59,10.79,10.82,11.0,10.9,10.37,10.01,9.817,9.285,8.86,8.865,8.717,8.465,8.647,8.829,8.711,8.879,9.219,9.25,9.275,9.663,9.891,9.929
25ppb_S20,25,Ac TW 25ppb.xlsx,-0.238,0.224,-0.308,-0.427,-0.294,0.301,2.1,7.091,11.56,15.4,18.63,21.45,21.63,18.68,16.04,14.17,12.7,11.13,10.12,9.499,8.673,7.889,7.637,7.196,6.594,6.377,6.307,5.88,5.663,5.705,5.446,5.271,5.299,5.208,4.977,4.903,5.054,4.945,4.935,5.045,5.176,5.124,5.236,5.411,5.344,5.439,5.478,5.521,5.704,6.0,6.127,6.197,6.478,6.722,6.723,6.934,7.237,7.332,7.298,7.682,7.967,8.057,8.397,9.034,9.325,9.58,10.41,10.74,10.82,11.1,11.1,10.62,10.32,10.14,9.537,9.047,8.993,8.79,8.507,8.62,8.769,8.668,8.808,9.144,9.166,9.189,9.59,9.777,9.789
25ppb_S21,25,Ac TW 25ppb.xlsx,0.287,-0.322,-0.49,0.385,5.593,10.63,14.92,18.53,21.73,24.42,20.66,17.46,14.99,12.9,11.0,9.709,8.694,7.518,6.776,6.328,5.754,5.292,5.194,4.977,4.662,4.704,4.662,4.452,4.487,4.55,4.522,4.473,4.585,4.711,4.55,4.69,4.77,4.742,4.873,4.952,5.026,5.012,5.113,5.343,5.339,5.491,5.925,5.96,6.085,6.471,6.732,6.715,6.965,7.238,7.208,7.409,7.555,7.637,7.612,7.894,8.139,8.148,8.508,9.033,9.287,9.607,10.28,10.69,10.76,11.04,11.05,10.6,10.19,9.942,9.322,8.804,8.682,8.419,8.169,8.235,8.37,8.221,8.325,8.447,8.627,8.615,8.928,9.088,9.039
25ppb_S22,25,Ac TW 25ppb.xlsx,0.063,-0.434,-0.462,-0.329,0.224,1.162,5.957,9.877,13.26,16.24,18.8,19.58,16.89,14.55,12.52,11.02,9.968,8.708,7.91,7.441,6.846,6.342,6.125,5.866,5.516,5.432,5.334,5.124,4.956,5.173,5.019,4.844,4.963,4.928,4.809,4.879,4.868,4.914,5.025,5.131,5.187,5.173,5.348,5.481,5.435,5.656,5.854,5.934,6.06,6.361,6.676,6.781,7.061,7.385,7.45,7.49,7.945,8.006,8.006,8.311,8.543,8.585,8.855,9.312,9.557,9.852,10.54,10.9,11.04,11.34,11.45,10.99,10.7,10.4,9.861,9.296,9.182,8.93,8.598,8.666,8.776,8.68,8.781,9.088,9.158,9.147,9.513,9.723,9.686
25ppb_S23,25,Ac TW 25ppb.xlsx,-0.441,-0.245,-0.3605,-0.357,-0.399,1.855,7.385,12.06,16.09,19.68,22.64,22.41,19.27,16.59,14.21,12.45,11.1,9.744,8.722,8.141,7.441,6.699,6.573,6.174,5.733,5.579,5.551,5.159,5.11,5.152,5.047,4.921,5.005,5.019,4.886,4.907,4.984,4.956,5.079,5.166,5.211,5.155,5.269,5.453,5.385,5.381,5.32,5.366,5.535,5.8,5.955,6.005,6.265,6.527,6.639,6.673,7.005,7.105,7.099,7.419,7.774,7.943,8.238,8.911,9.338,9.608,10.46,10.85,10.94,11.28,11.38,10.94,10.59,10.38,9.763,9.212,9.103,8.86,8.547,8.661,8.802,8.724,8.822,9.18,9.231,9.257,9.635,9.854,9.863
25ppb_S24,25,Ac TW 25ppb.xlsx,-0.343,-0.273,0.224,0.742,7.105,12.72,17.44,21.44,25.02,26.65,22.68,19.29,16.6,14.33,12.43,10.88,9.681,8.484,7.602,7.07,6.447,5.831,5.621,5.313,4.984,4.816,4.802,4.557,4.438,4.599,4.522,4.41,4.48,4.518,4.319,4.469,4.56,4.452,4.459,4.623,4.676,4.648,4.502,4.309,4.374,4.569,4.716,4.869,5.063,5.307,5.526,5.587,5.927,6.135,6.156,6.205,6.535,6.679,6.622,6.988,7.423,7.591,7.864,8.62,9.019,9.289,10.11,10.53,10.57,10.94,10.9,10.44,10.14,9.905,9.341,8.836,8.797,8.584,8.312,8.409,8.564,8.452,8.547,8.883,8.893,8.893,9.252,9.474,9.476
2ppb_S1,2,Ac TW 2ppb.xlsx,-0.077,0.098,-0.0945,-0.252,-0.147,3.003,10.33,16.74,22.01,26.91,31.16,30.55,26.7,23.34,20.43,18.4,17.0,15.02,13.52,12.77,11.53,10.19,9.781,9.023,8.109,7.707,7.476,6.848,6.513,6.543,6.242,5.885,5.706,5.505,5.085,5.148,5.159,4.868,4.912,5.049,5.022,4.976,5.111,5.299,5.211,5.386,5.624,5.673,5.782,6.142,6.366,6.41,6.619,6.883,6.837,6.877,6.904,6.886,6.786,6.654,6.699,6.522,6.452,6.71,6.73,6.896,6.989,7.153,7.045,7.203,7.409,7.312,7.475,7.57,7.607,7.521,7.944,8.174,8.225,8.559,8.941,8.99,9.184,9.613,9.737,9.781,10.32,10.69,10.85
2ppb_S2,2,Ac TW 2ppb.xlsx,0.119,1.05,-0.147,0.0,0.406,1.232,-0.252,5.46,12.01,17.84,22.7,27.03,32.12,27.86,24.13,21.48,19.33,16.97,15.07,14.21,12.75,11.29,10.77,9.922,8.855,8.372,8.169,7.388,6.928,6.944,6.559,5.97,5.922,5.611,5.252,5.253,5.141,4.867,4.896,4.926,4.984,4.956,5.099,5.178,5.078,5.226,5.421,5.49,5.539,5.827,6.002,6.065,6.243,6.471,6.455,6.531,6.617,6.583,6.545,6.446,6.535,6.385,6.367,6.646,6.653,6.856,6.978,7.145,7.048,7.173,7.38,7.306,7.435,7.495,7.559,7.43,7.83,8.116,8.12,8.508,8.888,8.956,9.184,9.644,9.767,9.83,10.33,10.71,10.83
2ppb_S3,2,Ac TW 2ppb.xlsx,1.302,-0.322,-0.091,-0.252,-0.238,-0.357,-0.084,3.29,8.897,13.86,18.07,21.62,25.05,24.25,20.95,18.7,16.8,14.87,13.52,12.54,11.3,10.16,9.691,8.935,7.976,7.647,7.329,6.655,6.303,6.296,5.943,5.588,5.605,5.476,5.22,5.141,5.145,4.986,4.9,4.667,4.677,4.689,4.799,4.883,4.925,5.044,5.142,5.203,5.339,5.528,5.764,5.803,5.947,6.205,6.262,6.21,6.368,6.357,6.301,6.228,6.252,6.142,6.051,6.224,6.314,6.188,6.5,6.667,6.611,6.747,6.92,6.858,6.938,6.961,7.011,6.863,7.115,7.319,7.353,7.56,7.968,7.941,8.122,8.494,8.584,8.617,9.004,9.243,9.289
2ppb_S4,2,Ac TW 2ppb.xlsx,-0.098,0.105,-0.06125,-0.07,-0.182,0.371,1.169,4.879,10.49,15.76,20.14,23.97,29.02,25.92,22.9,20.92,19.34,17.3,15.79,15.13,13.73,12.31,11.82,10.96,9.737,9.345,8.946,8.046,7.43,7.455,7.105,6.653,6.646,6.482,6.167,6.065,5.988,5.834,5.635,5.806,5.761,5.684,5.778,5.883,5.792,5.862,6.121,6.118,6.271,6.377,6.468,6.426,6.576,6.762,6.657,6.59,6.786,6.674,6.499,6.58,6.583,6.377,6.443,6.474,6.538,6.538,6.87,6.965,6.891,7.08,7.072,6.947,6.995,7.074,7.175,7.18,7.539,7.73,7.766,8.111,8.501,8.584,8.83,9.305,9.443,9.546,10.07,10.43,10.59
50ppb_S1,50,Ac TW 50ppb.xlsx,-0.252,0.322,-0.28,-0.259,-1.036,5.012,9.394,13.05,16.17,18.84,20.86,17.49,14.97,12.73,10.87,9.597,8.589,7.63,7.14,7.014,6.727,6.622,6.965,7.175,7.224,7.581,7.724,7.588,7.598,7.663,7.472,7.145,7.24,7.135,6.804,6.743,6.79,6.526,6.41,6.583,6.487,6.319,6.527,6.66,6.506,6.771,7.152,7.296,7.495,8.046,8.356,8.451,8.823,9.18,9.084,9.159,9.49,9.555,9.509,9.994,10.41,10.66,11.43,12.53,13.33,14.32,16.02,17.06,17.61,18.33,18.45,17.45,16.51,15.72,14.34,13.06,12.58,11.91,11.21,11.15,11.16,10.85,10.86,10.97,11.13,11.06,11.51,11.76,11.7
50ppb_S2,50,Ac TW 50ppb.xlsx,-0.329,-0.049,0.728,-0.35,3.668,8.876,13.29,16.95,20.11,22.12,20.74,17.38,14.83,12.68,10.82,9.611,8.708,7.756,7.357,7.273,7.077,7.056,7.434,7.735,7.7,7.941,8.27,8.102,8.05,8.176,7.941,7.644,7.742,7.595,7.29,7.227,7.283,7.017,6.856,7.045,6.958,6.741,6.923,7.063,6.954,7.178,7.556,7.672,7.826,8.326,8.585,8.645,8.904,9.212,9.075,9.1,9.471,9.485,9.509,10.03,10.5,10.83,11.62,12.77,13.58,14.54,16.13,17.02,17.35,17.86,17.75,16.6,15.73,14.94,13.6,12.46,12.04,11.41,10.78,10.72,10.72,10.38,10.4,10.51,10.65,10.6,11.11,11.38,11.43
50ppb_S3,50,Ac TW 50ppb.xlsx,0.553,-0.266,-0.266,1.19,6.503,10.94,14.63,17.78,20.33,21.22,17.84,15.04,12.95,11.0,9.485,8.428,7.658,6.937,6.517,6.496,6.356,6.3,6.65,6.888,6.951,7.196,7.378,7.217,7.122,7.093,6.902,6.62,6.641,6.446,6.118,6.233,6.158,5.869,5.87,5.939,5.834,5.733,5.91,5.969,5.831,6.158,6.489,6.558,6.774,7.273,7.483,7.515,7.868,8.121,7.944,8.062,8.443,8.438,8.491,9.103,9.72,10.13,11.1,12.47,12.82,13.78,15.25,16.08,16.39,16.78,16.61,15.46,14.47,13.68,12.37,11.27,10.77,10.17,9.551,9.467,9.432,9.096,9.084,9.166,9.271,9.212,9.59,9.819,9.842
50ppb_S4,50,Ac TW 50ppb.xlsx,-0.301,0.161,-0.182,0.042,4.599,8.939,12.58,15.58,18.16,20.4,17.19,14.57,12.58,10.83,9.394,8.379,7.686,6.986,6.615,6.58,6.496,6.454,6.818,7.056,7.063,7.245,7.462,7.29,7.054,7.171,6.989,6.702,6.769,6.688,6.38,6.37,6.386,6.148,6.046,6.218,6.141,5.981,6.205,6.328,6.284,6.475,6.932,7.073,7.206,7.763,7.989,8.038,8.374,8.715,8.641,8.75,9.116,9.191,9.226,9.751,10.28,10.66,11.51,12.68,13.51,14.48,15.95,16.72,16.89,17.18,16.83,15.61,14.61,13.77,12.49,11.41,10.99,10.41,9.842,9.782,9.753,9.443,9.438,9.516,9.614,9.567,9.973,10.16,10.17
5ppb_S1,5,Ac TW 5ppb.xlsx,-0.14,0.665,-0.406,-0.413,3.388,7.938,11.82,14.87,17.62,19.52,17.95,15.12,13.01,11.19,9.625,8.652,7.931,7.287,6.986,6.972,7.014,7.042,7.49,7.812,7.815,8.165,8.466,8.358,8.186,8.34,8.092,7.731,7.742,7.563,7.241,7.122,7.073,6.863,6.622,6.804,6.653,6.485,6.604,6.678,6.58,6.674,7.059,7.161,7.294,7.843,8.113,8.214,8.55,8.813,8.624,8.536,8.676,8.473,8.214,8.27,8.232,8.025,8.141,8.372,8.344,8.379,8.792,8.897,8.795,8.998,9.072,8.816,8.753,8.967,8.802,8.701,9.019,9.163,9.156,9.499,9.863,9.821,9.971,10.37,10.38,10.34,10.78,11.02,11.01
5ppb_S2,5,Ac TW 5ppb.xlsx,-0.133,0.49,-0.364,0.175,5.544,9.884,13.74,16.9,19.53,21.03,17.77,14.99,12.92,11.1,9.555,8.561,7.875,7.133,6.706,6.804,6.692,6.678,7.014,7.322,7.406,7.637,7.92,7.892,7.693,7.903,7.717,7.437,7.455,7.36,7.045,6.947,7.035,6.804,6.587,6.79,6.667,6.475,6.625,6.72,6.594,6.776,7.126,7.304,7.507,8.025,8.431,8.547,8.974,9.278,9.089,8.97,9.072,8.837,8.477,8.554,8.473,8.277,8.368,8.536,8.505,8.536,8.911,9.037,8.925,9.107,9.187,8.883,8.851,8.988,8.816,8.666,8.963,9.065,9.016,9.327,9.639,9.628,9.793,10.16,10.17,10.15,10.54,10.79,10.76
5ppb_S3,5,Ac TW 5ppb.xlsx,-0.343,0.028,0.84,2.583,7.714,11.93,15.69,18.7,21.36,20.85,17.67,15.01,13.06,11.37,9.982,9.065,8.407,7.728,7.378,7.434,7.371,7.42,7.777,8.113,8.144,8.424,8.704,8.568,8.501,8.645,8.459,8.144,8.144,8.095,7.679,7.658,7.675,7.437,7.199,7.402,7.311,7.143,7.213,7.332,7.161,7.311,7.668,7.78,7.931,8.456,8.718,8.778,9.149,9.418,9.25,9.166,9.352,9.138,8.82,8.932,8.907,8.655,8.785,9.03,8.984,9.037,9.541,9.695,9.663,9.957,10.16,9.933,10.0,10.05,10.16,10.1,10.51,10.71,10.73,11.14,11.57,11.55,11.76,12.23,12.23,12.47,12.61,12.79,12.68
5ppb_S4,5,Ac TW 5ppb.xlsx,0.525,-0.294,-0.371,-0.006999,-0.441,5.215,9.527,13.11,16.19,18.92,20.44,17.21,14.71,12.54,10.81,9.562,8.687,7.826,7.378,7.343,7.21,7.217,7.658,7.91,7.994,8.319,8.725,8.547,8.4,8.603,8.34,8.029,8.018,7.899,7.504,7.416,7.416,7.122,6.923,7.105,6.968,6.765,6.867,7.0,6.811,6.954,7.304,7.465,7.588,8.151,8.522,8.648,9.072,9.369,9.247,9.145,9.348,9.117,8.837,8.893,8.9,8.617,8.708,8.984,8.956,8.995,9.429,9.579,9.516,9.73,9.8,9.509,9.471,9.628,9.432,9.282,9.597,9.737,9.709,10.07,10.46,10.43,10.63,11.06,11.11,11.06,11.52,11.74,11.71
5ppb_S5,5,Ac TW 5ppb.xlsx,0.077,2.877,10.54,17.53,23.71,29.43,36.2,31.47,27.14,23.58,20.29,17.5,15.34,13.52,11.94,11.1,10.68,10.4,10.58,11.61,12.45,13.15,14.43,15.1,15.01,14.99,14.6,13.6,12.57,12.03,11.19,10.32,9.772,9.282,8.498,8.106,7.805,7.28,6.804,6.748,6.475,6.174,6.167,6.209,6.02,6.118,6.391,6.447,6.482,6.888,7.119,7.091,7.294,7.469,7.259,7.105,7.245,7.007,6.762,6.853,6.853,6.664,6.769,7.014,6.919,6.982,7.406,7.563,7.504,7.77,7.966,7.777,7.822,7.892,8.015,7.955,8.333,8.47,8.442,8.778,9.107,9.023,9.159,9.562,9.576,9.527,10.02,10.34,10.37
5ppb_S6,5,Ac TW 5ppb.xlsx,-0.546,-0.441,2.114,7.028,11.36,15.04,18.44,21.26,20.8,18.05,15.65,13.56,12.12,10.91,9.912,9.415,9.282,9.226,9.611,10.63,11.44,12.32,13.5,14.13,14.13,13.94,13.61,12.73,11.75,11.27,10.35,9.527,9.093,8.603,7.938,7.574,7.336,6.867,6.524,6.454,6.237,6.048,6.027,6.062,5.894,5.943,6.195,6.209,6.286,6.657,6.804,6.79,6.993,7.182,6.972,6.881,6.979,6.783,6.566,6.664,6.636,6.489,6.573,6.639,6.73,6.762,7.199,7.322,7.28,7.514,7.668,7.507,7.539,7.573,7.647,7.598,7.927,8.057,8.057,8.358,8.582,8.535,8.682,9.058,9.051,8.967,9.427,9.676,9.705
5ppb_S7,5,Ac TW 5ppb.xlsx,0.903,-0.539,-0.35,0.0,2.184,6.097,9.555,12.43,14.96,17.18,17.0,14.64,13.06,11.63,10.5,9.905,9.709,9.548,9.842,10.82,11.47,12.13,13.13,13.57,13.4,13.26,13.01,12.16,11.42,10.96,10.22,9.506,9.135,8.722,8.099,7.742,7.518,7.077,6.699,6.692,6.489,6.258,6.307,6.384,6.251,6.328,6.629,6.727,6.825,7.273,7.553,7.56,7.77,8.029,7.812,7.686,7.791,7.588,7.343,7.399,7.413,7.189,7.301,7.553,7.525,7.567,7.938,8.064,7.983,8.193,8.284,8.053,8.039,8.06,8.12,8.025,8.319,8.442,8.431,8.718,9.002,8.942,9.079,9.354,9.385,9.354,9.793,10.06,10.11
5ppb_S8,5,Ac TW 5ppb.xlsx,-0.168,-0.434,0.077,4.781,9.66,13.95,17.63,20.83,23.27,20.18,17.37,14.95,13.18,11.72,10.54,9.891,9.59,9.499,9.835,10.87,11.87,12.69,13.99,14.74,14.66,14.6,14.28,13.33,12.31,11.7,10.86,9.919,9.436,8.855,8.183,7.721,7.539,7.035,6.601,6.552,6.342,6.097,6.048,6.055,5.908,5.971,6.258,6.293,6.398,6.783,7.0,7.049,7.294,7.49,7.315,7.217,7.378,7.168,6.888,6.972,6.944,6.762,6.853,7.105,7.07,7.112,7.56,7.623,7.595,7.875,8.025,7.854,7.885,7.945,8.05,7.99,8.344,8.477,8.456,8.788,9.117,9.068,9.191,9.604,9.614,9.534,9.999,10.25,10.24
5ppb_S9,5,Ac TW 5ppb.xlsx,-0.378,-0.301,0.203,0.035,5.488,9.779,13.65,16.8,19.57,21.84,18.76,16.23,14.31,12.68,11.3,10.3,9.618,8.911,8.568,8.631,8.47,8.603,9.03,9.341,9.467,9.758,10.01,9.737,9.453,9.394,8.974,8.505,8.242,7.826,7.325,6.968,6.776,6.387,6.139,6.118,5.964,5.712,5.768,5.834,5.687,5.715,5.88,5.901,5.908,6.177,6.352,6.331,6.534,6.692,6.657,6.622,6.755,6.681,6.545,6.608,6.58,6.436,6.51,6.727,6.706,6.769,7.101,7.196,7.161,7.332,7.297,7.105,7.066,7.189,7.112,6.897,7.109,7.271,7.282,7.426,7.765,7.768,7.898,8.251,8.293,8.305,8.626,8.83,8.858
5ppb_S10,5,Ac TW 5ppb.xlsx,0.896,-0.455,4.732,9.408,13.22,16.72,19.75,22.2,19.87,17.28,14.98,13.09,11.72,10.53,9.471,8.946,8.512,8.085,8.008,8.323,8.428,8.547,9.089,9.39,9.425,9.558,9.618,9.219,8.827,8.715,8.309,7.766,7.546,7.224,6.79,6.545,6.38,6.107,5.852,5.887,5.834,5.691,5.806,5.88,5.761,5.897,6.149,6.23,6.303,6.632,6.832,6.797,6.965,7.14,6.979,6.923,7.059,6.933,6.8,6.87,6.919,6.842,6.954,7.196,7.227,7.287,7.605,7.703,7.581,7.728,7.628,7.418,7.357,7.488,7.396,7.214,7.487,7.675,7.688,7.947,8.192,8.179,8.312,8.626,8.664,8.655,9.06,9.294,9.397
5ppb_S11,5,Ac TW 5ppb.xlsx,-0.259,0.006999,1.155,7.035,11.94,16.3,20.19,23.43,23.81,20.62,17.66,15.26,13.26,11.59,10.09,8.988,8.127,7.308,6.741,6.51,6.258,6.132,6.328,6.468,6.51,6.713,6.891,6.758,6.72,6.608,6.407,6.155,5.918,5.627,5.407,5.192,5.03,4.863,4.768,4.704,4.666,4.586,4.579,4.636,4.687,4.685,4.768,4.826,4.955,5.032,5.151,5.272,5.446,5.533,5.657,5.637,5.638,5.62,5.61,5.595,5.624,5.635,5.617,5.803,5.96,5.955,6.24,6.471,6.443,6.512,6.648,6.531,6.341,6.433,6.379,6.145,6.282,6.442,6.442,6.551,6.845,6.994,6.969,7.304,7.457,7.338,7.576,7.716,7.684
5ppb_S12,5,Ac TW 5ppb.xlsx,-0.308,-0.273,0.098,0.98,2.436,7.455,11.6,15.13,18.25,21.01,20.52,17.65,15.33,13.42,11.63,10.4,9.373,8.407,7.728,7.378,6.93,6.461,6.58,6.503,6.279,6.391,6.524,6.408,6.242,6.373,6.233,5.953,5.883,5.723,5.527,5.385,5.25,5.086,5.071,4.967,4.943,4.982,4.979,4.989,5.051,5.122,5.19,5.319,5.414,5.577,5.673,5.797,5.919,6.047,6.102,6.095,6.18,6.141,6.074,6.08,6.103,6.126,6.131,6.346,6.456,6.425,6.769,6.978,6.949,6.991,7.094,7.01,6.807,6.914,6.874,6.662,6.821,7.009,7.018,7.154,7.415,7.443,7.556,7.91,7.945,7.95,8.256,8.423,8.44
5ppb_S13,5,Ac TW 5ppb.xlsx,-0.63,-0.504,0.322,4.137,7.861,11.21,14.07,16.39,19.11,16.59,14.26,12.38,11.17,10.14,9.1,8.666,8.274,7.714,7.539,7.84,7.675,7.738,8.176,8.361,8.351,8.522,8.547,8.368,8.092,8.06,7.668,7.231,7.01,6.748,6.391,6.181,6.051,5.81,5.617,5.652,5.589,5.404,5.509,5.638,5.533,5.645,5.859,5.876,5.915,6.247,6.408,6.366,6.555,6.699,6.583,6.548,6.695,6.597,6.454,6.58,6.611,6.489,6.548,6.776,6.776,6.8,6.895,7.038,6.963,7.087,7.034,6.95,7.022,7.025,7.079,6.953,7.278,7.512,7.57,7.88,8.207,8.199,8.354,8.701,8.752,8.776,9.172,9.399,9.46
5ppb_S14,5,Ac TW 5ppb.xlsx,-0.504,-0.441,-0.105,0.784,-0.434,3.948,7.98,11.4,14.34,16.99,19.8,16.81,14.77,13.01,11.38,10.32,9.541,8.582,8.05,7.861,7.399,6.972,7.084,6.972,6.664,6.741,6.842,6.657,6.503,6.706,6.461,6.212,6.244,5.904,5.577,5.591,5.549,5.323,5.273,5.294,5.214,5.239,5.342,5.362,5.344,5.477,5.649,5.758,5.834,6.051,6.164,6.296,6.44,6.686,6.728,6.827,6.939,6.955,6.809,6.929,7.062,7.017,7.185,7.277,7.383,7.311,7.701,7.877,7.773,7.876,7.962,7.745,7.684,7.821,7.756,7.854,7.871,7.969,7.975,8.297,8.589,8.615,8.76,9.158,9.217,9.247,9.649,9.884,9.924
5ppb_S15,5,Ac TW 5ppb.xlsx,-0.175,-0.168,0.504,-0.343,0.553,6.552,11.8,16.17,19.96,23.3,24.28,20.61,17.79,15.4,13.24,11.75,10.52,9.317,8.386,7.882,7.238,6.622,6.531,6.195,5.817,5.74,5.838,5.547,5.414,5.586,5.474,5.33,5.4,5.211,4.98,4.902,4.917,4.788,4.753,4.67,4.563,4.576,4.656,4.689,4.794,4.841,4.972,5.084,5.269,5.389,5.582,5.657,5.852,6.089,6.154,6.155,6.296,6.306,6.179,6.274,6.376,6.35,6.315,6.588,6.716,6.618,6.98,7.219,7.134,7.219,7.363,7.208,7.031,7.195,7.194,6.96,7.169,7.381,7.372,7.562,7.878,7.931,8.102,8.47,8.557,8.58,8.934,9.138,9.138
5ppb_S16,5,Ac TW 5ppb.xlsx,-0.469,-0.364,-0.4515,-0.406,-0.567,-0.273,3.332,7.707,11.47,14.81,17.62,19.46,18.5,15.99,13.85,12.17,10.96,9.66,8.785,8.344,7.553,6.979,6.832,6.524,6.041,6.048,6.006,5.663,5.425,5.638,5.439,5.316,5.337,5.302,5.012,5.036,4.902,4.847,4.851,4.846,4.811,4.797,4.783,4.825,4.865,4.967,5.001,5.081,5.175,5.323,5.479,5.617,5.708,5.809,5.901,5.906,5.988,6.073,5.972,6.002,6.062,6.016,5.957,6.146,6.26,6.195,6.458,6.651,6.597,6.695,6.83,6.737,6.544,6.667,6.63,6.429,6.597,6.758,6.755,6.874,7.227,7.381,7.394,7.794,7.852,7.878,8.216,8.395,8.426
5ppb_S17,5,Ac TW 5ppb.xlsx,-0.371,0.07,0.756,3.724,8.61,12.7,16.19,19.26,21.13,20.17,17.3,14.9,13.19,11.68,10.4,9.464,8.841,7.931,7.378,7.161,6.65,6.209,6.048,5.803,5.411,5.351,5.33,5.103,4.987,5.057,5.005,4.96,4.889,4.889,4.753,4.723,4.853,4.779,4.551,4.656,4.748,4.794,4.924,5.023,5.149,5.281,5.374,5.583,5.691,5.893,6.068,6.118,6.234,6.398,6.406,6.386,6.385,6.356,6.259,6.325,6.496,6.441,6.478,6.728,6.873,6.77,7.073,7.185,7.024,7.006,7.096,6.989,6.818,7.009,7.094,6.942,7.262,7.516,7.58,7.835,8.115,8.129,8.279,8.626,8.696,8.732,9.149,9.464,9.599
5ppb_S18,5,Ac TW 5ppb.xlsx,-0.364,-0.399,-0.147,0.791,-0.504,3.101,7.049,10.61,13.64,16.28,18.55,17.04,14.73,12.74,11.05,9.863,8.918,7.945,7.308,6.909,6.426,5.992,5.887,5.621,5.243,5.208,5.187,4.935,4.865,5.005,4.893,4.753,4.879,4.854,4.644,4.711,4.826,4.781,4.798,4.842,4.9,4.888,4.879,4.956,5.017,5.244,5.388,5.491,5.649,5.849,6.013,6.216,6.335,6.504,6.558,6.546,6.729,6.766,6.71,6.75,6.799,6.859,6.876,7.175,7.339,7.252,7.611,7.805,7.718,7.78,7.872,7.71,7.468,7.59,7.512,7.314,7.514,7.692,7.595,7.828,8.134,8.167,8.326,8.675,8.755,8.771,9.121,9.343,9.368
5ppb_S19,5,Ac TW 5ppb.xlsx,0.182,1.141,-0.315,-0.392,0.294,-0.287,0.231,6.251,11.03,15.25,18.87,22.04,23.74,20.42,17.58,15.41,13.73,11.94,10.79,9.891,8.897,8.022,7.63,7.21,6.496,6.251,6.041,5.705,5.474,5.537,5.278,5.068,5.075,4.943,4.83,4.798,4.769,4.735,4.833,4.9,4.928,4.882,4.97,5.089,5.024,5.051,5.019,5.071,5.159,5.383,5.552,5.656,5.894,6.108,6.17,6.198,6.387,6.463,6.379,6.476,6.589,6.553,6.497,6.772,6.89,6.8,7.182,7.423,7.345,7.505,7.655,7.567,7.364,7.526,7.479,7.225,7.413,7.605,7.532,7.787,8.062,8.123,8.298,8.685,8.795,8.839,9.221,9.439,9.452
5ppb_S20,5,Ac TW 5ppb.xlsx,0.0,0.861,-0.469,-0.42,0.021,1.211,5.082,9.765,13.84,17.34,20.42,23.1,20.0,17.3,14.95,13.33,12.08,10.6,9.66,9.135,8.323,7.581,7.245,6.86,6.191,6.062,5.971,5.551,5.386,5.421,5.285,5.047,5.078,4.944,4.697,4.774,4.702,4.669,4.669,4.593,4.497,4.536,4.71,4.738,4.78,4.985,5.134,5.249,5.326,5.526,5.715,5.834,5.968,6.208,6.297,6.237,6.465,6.491,6.338,6.425,6.53,6.392,6.367,6.603,6.646,6.531,6.877,7.045,6.97,7.084,7.25,7.165,7.183,7.183,7.135,6.938,7.185,7.374,7.355,7.56,7.952,7.975,8.167,8.563,8.652,8.711,9.089,9.338,9.394
5ppb_S21,5,Ac TW 5ppb.xlsx,0.252,-0.336,-0.378,1.141,6.391,10.67,14.38,17.56,20.29,21.05,17.9,15.22,13.22,11.53,9.961,8.967,8.127,7.315,6.615,6.398,5.887,5.453,5.467,5.201,4.963,4.9,4.977,4.774,4.564,4.809,4.69,4.662,4.763,4.784,4.503,4.569,4.751,4.535,4.655,4.718,4.756,4.905,4.936,5.061,5.141,5.232,5.376,5.455,5.615,5.714,5.84,5.94,5.978,6.044,6.119,5.991,6.113,6.143,6.081,6.12,6.256,6.352,6.343,6.586,6.8,6.744,7.072,7.247,7.19,7.171,7.232,7.119,7.11,7.048,7.043,6.885,7.087,7.326,7.287,7.53,7.826,7.892,8.036,8.379,8.466,8.522,8.86,9.117,9.219
5ppb_S22,5,Ac TW 5ppb.xlsx,0.623,-0.266,-0.448,1.862,7.441,12.29,16.15,19.61,22.6,22.76,19.4,16.58,14.38,12.6,10.97,9.835,8.918,7.959,7.287,7.028,6.538,6.048,5.922,5.677,5.411,5.313,5.327,5.131,5.019,5.187,5.061,4.921,5.001,4.998,4.872,4.959,5.12,5.005,4.874,5.036,5.105,5.001,4.908,4.957,5.072,5.166,5.294,5.455,5.57,5.769,5.965,5.925,6.124,6.296,6.328,6.397,6.471,6.492,6.358,6.43,6.524,6.492,6.646,6.727,6.843,6.771,7.176,7.409,7.375,7.498,7.66,7.572,7.559,7.513,7.49,7.27,7.472,7.648,7.654,7.934,8.199,8.239,8.442,8.808,8.874,8.907,9.271,9.471,9.492
5ppb_S23,5,Ac TW 5ppb.xlsx,-0.231,0.434,-0.434,-0.413,-0.399,0.658,5.824,10.17,13.71,16.93,19.71,21.09,18.37,16.02,14.04,12.61,11.48,10.32,9.492,9.086,8.414,7.679,7.465,7.14,6.573,6.492,6.317,6.016,5.729,5.838,5.652,5.439,5.365,5.297,5.091,5.07,5.18,5.115,5.054,4.862,4.83,4.939,4.981,5.104,5.174,5.275,5.365,5.435,5.484,5.755,5.895,5.952,6.111,6.409,6.38,6.489,6.585,6.581,6.445,6.539,6.667,6.631,6.612,6.918,7.029,6.931,7.352,7.576,7.472,7.571,7.762,7.609,7.396,7.619,7.571,7.387,7.643,7.815,7.807,8.087,8.409,8.473,8.683,9.016,9.196,9.277,9.711,9.994,10.04
5ppb_S24,5,Ac TW 5ppb.xlsx,-0.315,0.35,-0.175,-0.336,3.633,9.107,13.75,17.62,20.89,23.54,21.88,18.46,15.8,13.58,11.58,10.07,8.939,7.777,7.042,6.461,5.915,5.411,5.264,4.991,4.732,4.641,4.564,4.368,4.354,4.445,4.41,4.426,4.403,4.445,4.305,4.368,4.508,4.452,4.529,4.683,4.658,4.714,4.921,5.11,4.954,5.119,5.393,5.486,5.588,5.88,6.092,6.19,6.414,6.669,6.701,6.72,6.9,6.865,6.855,6.816,6.839,6.727,6.753,6.925,6.942,6.967,7.289,7.425,7.413,7.612,7.674,7.509,7.437,7.43,7.425,7.129,7.243,7.408,7.372,7.504,7.858,7.843,7.987,8.33,8.417,8.449,8.76,8.907,8.878
75ppb_S1,75,Ac TW 75ppb.xlsx,-0.385,-0.308,0.203,-0.343,1.736,7.287,12.19,16.24,19.55,22.62,22.58,18.89,16.04,13.58,11.54,10.0,8.897,7.798,7.182,6.881,6.552,6.37,6.622,6.804,6.811,7.119,7.416,7.329,7.213,7.413,7.142,6.897,6.958,6.919,6.561,6.496,6.585,6.382,6.132,6.342,6.288,6.114,6.274,6.41,6.34,6.498,6.986,7.11,7.278,7.829,8.101,8.186,8.589,9.002,9.016,9.1,9.662,9.796,9.942,10.62,11.27,11.82,12.88,14.45,15.84,17.35,19.79,21.53,22.06,23.04,23.17,21.89,20.56,19.27,17.24,15.3,14.27,13.08,11.94,11.51,11.25,10.73,10.58,10.78,10.66,10.51,10.9,11.11,11.07
75ppb_S2,75,Ac TW 75ppb.xlsx,-0.392,-0.441,-0.371,0.245,3.297,8.82,13.58,17.6,20.89,23.79,22.41,18.77,16.02,13.64,11.62,10.16,9.072,8.099,7.525,7.301,7.063,6.902,7.203,7.434,7.427,7.731,7.896,7.875,7.66,7.835,7.705,7.371,7.457,7.331,6.991,6.874,7.03,6.772,6.536,6.769,6.692,6.459,6.613,6.841,6.757,6.916,7.331,7.462,7.644,8.125,8.435,8.473,8.788,9.256,9.203,9.324,9.8,9.991,10.1,10.78,11.49,12.07,13.22,14.85,16.26,17.86,20.31,21.94,22.2,22.95,22.88,21.37,19.9,18.59,16.53,14.72,13.74,12.69,11.63,11.28,11.08,10.6,10.48,10.69,10.57,10.44,10.83,11.05,11.05
75ppb_S3,75,Ac TW 75ppb.xlsx,0.175,-0.371,-0.49,4.697,9.835,14.21,17.92,21.09,24.52,20.94,17.65,14.86,12.71,10.92,9.359,8.295,7.497,6.727,6.3,6.174,6.041,6.041,6.265,6.44,6.545,6.783,6.867,6.755,6.65,6.617,6.477,6.256,6.022,5.892,5.758,5.717,5.633,5.478,5.562,5.497,5.441,5.407,5.572,5.648,5.621,5.939,6.3,6.408,6.641,7.149,7.428,7.454,7.902,8.291,8.263,8.437,9.037,9.324,9.509,10.49,11.46,12.22,13.56,14.61,15.92,17.4,19.53,20.85,20.87,21.27,20.9,19.38,17.91,16.66,14.81,13.18,12.31,11.33,10.43,10.09,9.877,9.453,9.31,9.467,9.369,9.254,9.604,9.803,9.807
7ppb_S1,7,Ac TW 7ppb.xlsx,0.252,1.085,-0.245,-0.063,0.315,-0.133,4.319,10.82,16.47,21.52,25.7,29.48,27.19,23.5,20.26,17.97,16.16,14.15,12.71,11.77,10.6,9.436,8.892,8.276,7.376,7.079,6.904,6.331,6.029,6.141,5.836,5.579,5.637,5.518,5.264,5.224,4.777,4.668,4.678,4.735,4.756,4.759,4.943,5.005,5.049,5.247,5.332,5.439,5.53,5.659,5.873,5.867,6.058,6.286,6.311,6.395,6.481,6.5,6.327,6.394,6.469,6.43,6.373,6.696,6.821,6.748,7.175,7.442,7.456,7.604,7.802,7.716,7.514,7.712,7.652,7.409,7.663,7.809,7.801,8.062,8.374,8.384,8.543,8.949,8.993,9.025,9.401,9.679,9.733
7ppb_S2,7,Ac TW 7ppb.xlsx,1.085,-0.154,0.021,0.399,1.19,-0.931,8.4,15.8,22.32,27.99,33.19,35.17,30.44,26.37,22.84,20.17,18.14,15.91,14.17,13.03,11.55,10.25,9.543,8.801,7.831,7.467,7.213,6.618,6.251,6.391,6.113,5.871,5.424,5.18,4.827,4.849,4.806,4.625,4.636,4.714,4.678,4.711,4.879,4.934,4.901,5.012,5.211,5.276,5.33,5.577,5.687,5.76,5.856,6.115,6.149,6.19,6.243,6.253,6.188,6.12,6.137,6.051,6.068,6.404,6.555,6.401,6.785,7.097,7.06,7.206,7.397,7.311,7.33,7.319,7.292,7.059,7.315,7.498,7.489,7.721,8.216,8.265,8.458,8.85,8.942,9.012,9.424,9.737,9.833
7ppb_S3,7,Ac TW 7ppb.xlsx,-0.035,0.112,0.658,-0.189,4.389,12.1,18.84,24.51,29.57,35.99,30.85,26.12,22.29,19.1,16.35,14.28,12.62,10.88,9.611,8.855,7.882,7.105,6.713,6.237,5.733,5.523,5.481,5.159,4.977,5.061,4.893,4.795,4.77,4.707,4.585,4.546,4.648,4.581,4.511,4.538,4.592,4.566,4.741,4.49,4.598,4.754,4.919,5.055,5.21,5.411,5.61,5.729,5.96,6.107,6.211,6.185,6.293,6.29,6.145,6.101,6.168,6.085,6.042,6.295,6.432,6.391,6.757,7.009,7.002,7.164,7.325,7.262,7.227,7.18,7.138,6.884,7.053,7.218,7.141,7.282,7.587,7.656,7.712,8.024,8.073,8.045,8.363,8.531,8.54
7ppb_S4,7,Ac TW 7ppb.xlsx,-0.196,-0.168,0.252,1.092,-0.21,2.016,9.282,15.61,21.07,25.96,30.06,30.04,26.12,22.71,19.77,17.64,16.02,14.13,12.73,11.82,10.61,9.506,8.935,8.272,7.409,7.131,6.916,6.422,6.106,6.179,5.896,5.617,5.703,5.647,5.339,4.865,4.77,4.588,4.604,4.656,4.635,4.645,4.802,4.889,4.882,5.046,5.192,5.295,5.353,5.611,5.806,5.85,6.051,6.325,6.297,6.367,6.444,6.401,6.4,6.341,6.411,6.3,6.288,6.561,6.688,6.63,7.076,7.357,7.311,7.5,7.753,7.662,7.705,7.725,7.68,7.423,7.658,7.847,7.836,8.115,8.407,8.438,8.594,8.988,9.051,9.082,9.562,9.858,9.926
