concentration_ppb,E_-0.8999,E_-0.8897,E_-0.8795,E_-0.8693,E_-0.859,E_-0.8488,E_-0.8386,E_-0.8284,E_-0.8182,E_-0.808,E_-0.7978,E_-0.7876,E_-0.7774,E_-0.7672,E_-0.757,E_-0.7468,E_-0.7366,E_-0.7263,E_-0.7161,E_-0.7059,E_-0.6957,E_-0.6855,E_-0.6753,E_-0.6651,E_-0.6549,E_-0.6447,E_-0.6345,E_-0.6243,E_-0.6141,E_-0.6039,E_-0.5937,E_-0.5834,E_-0.5732,E_-0.563,E_-0.5528,E_-0.5426,E_-0.5324,E_-0.5222,E_-0.512,E_-0.5018,E_-0.4916,E_-0.4814,E_-0.4712,E_-0.461,E_-0.4507,E_-0.4405,E_-0.4303,E_-0.4201,E_-0.4099,E_-0.3997,E_-0.3895,E_-0.3793,E_-0.3691,E_-0.3589,E_-0.3487,E_-0.3385,E_-0.3283,E_-0.318,E_-0.3078,E_-0.2976,E_-0.2874,E_-0.2772,E_-0.267,E_-0.2568,E_-0.2466,E_-0.2364,E_-0.2262,E_-0.216,E_-0.2058,E_-0.1956,E_-0.1853,E_-0.1751,E_-0.1649,E_-0.1547,E_-0.1445,E_-0.1343,E_-0.1241,E_-0.1139,E_-0.1037,E_-0.0935,E_-0.0833,E_-0.0731,E_-0.0629,E_-0.0526,E_-0.0424,E_-0.0322,E_-0.022,E_-0.0118,E_-0.0016
11.3,-9.446,-8.907,-7.717,-3.006,1.142,4.872,8.092,10.942,11.822,9.432,7.232,5.422,4.162,3.082,2.032,1.472,1.212,0.742,0.692,1.092,1.202,1.302,1.762,2.032,1.872,1.992,2.182,1.862,1.572,1.772,1.502,1.262,1.262,1.222,0.862,0.792,0.922,0.623,0.42,0.448,0.301,-0.08,0.035,0.196,0,0.161,0.672,0.802,0.942,1.552,1.892,1.952,2.412,2.822,2.702,2.682,3.022,2.842,2.552,2.752,2.822,2.622,2.842,3.282,3.372,3.562,4.362,4.652,4.642,5.002,5.142,4.652,4.472,4.472,4.022,3.602,3.782,3.702,3.442,3.662,3.912,3.732,3.812,4.222,4.182,4.082,4.582,4.832,4.792
4.3,-10.556,-9.961,-7.119,-1.89,2.545,6.635,10.105,13.255,14.205,11.575,9.095,7.025,5.575,4.295,3.135,2.495,2.005,1.445,1.245,1.575,1.585,1.535,2.075,2.325,2.235,2.435,2.545,2.255,2.025,2.105,1.845,1.515,1.455,1.355,0.955,0.815,0.835,0.505,0.115,0.315,0.255,-0.056,0.045,0.215,0,0.155,0.575,0.655,0.795,1.325,1.695,1.775,2.105,2.495,2.375,2.285,2.525,2.365,2.065,2.205,2.185,1.905,2.025,2.075,2.185,2.165,2.575,2.585,2.575,2.565,2.385,2.255,2.165,2.375,2.225,2.135,2.525,2.655,2.615,2.965,3.335,3.275,3.425,3.865,3.905,3.885,4.395,4.745,4.825
8.9,-7.577,-7.542,-4.56,0.844,5.39,9.36,12.91,15.84,15.51,12.53,9.9,7.71,6.12,4.82,3.73,3.17,2.87,2.636,2.825,3.53,4.11,4.6,5.59,6.09,5.99,6.15,6,5.26,4.63,4.33,3.64,2.94,2.643,2.3,1.677,1.407,1.25,0.777,0.476,0.504,0.28,0.049,0.088,0.175,0,0.144,0.511,0.609,0.767,1.285,1.53,1.582,1.88,2.1,1.848,1.782,1.953,1.663,1.453,1.568,1.544,1.323,1.505,1.813,1.792,1.936,2.489,2.636,2.664,2.99,3.13,2.88,2.92,2.86,2.88,2.97,3.05,3.08,2.93,3.25,3.51,3.35,3.51,3.92,3.89,3.86,4.37,4.67,4.69
10,-7.994,-7.049,-8.47,-8.281,-8.4788,-8.589,-8.575,-8.344,-7.602,-2.233,3.498,8.358,12.768,16.788,19.788,16.158,13.388,10.868,9.208,8.738,8.198,7.828,8.448,8.968,9.018,9.558,10.098,9.748,9.418,9.558,8.838,7.868,7.368,6.638,5.468,4.668,4.048,3.158,2.268,1.958,1.372,0.77,0.595,0.42,0,-0.154,-0.063,-0.182,-0.294,-0.042,0.042,-0.035,0.168,0.378,0.28,0.294,0.402,0.567,0.469,0.651,0.735,0.602,0.763,1.036,1.064,1.155,1.648,1.858,1.808,2.128,2.288,2.088,2.048,2.188,1.898,1.708,1.878,1.848,1.658,1.828,2.008,1.878,1.928,2.038,2.218,2.118,2.428,2.538,2.378
14,-9.924,-9.476,-10.253,-10.056999,-9.91,-9.336,-10.218,-8.132,-1.118,5.34,11.03,15.86,20.44,21.53,17.4,14.54,12.37,10.19,8.89,8.7,8.07,7.72,8.25,8.51,8.23,8.63,8.95,8.32,7.95,8.02,7.31,6.39,6.08,5.38,4.3,3.69,3.26,2.33,1.71,1.53,1.07,0.56,0.5,0.44,0,0.04,0.1,0.21,0.15,0.62,0.84,0.72,1.08,1.43,1.32,1.41,1.5,1.69,1.58,1.93,2.01,1.79,2.06,2.48,2.42,2.5,3.15,3.32,3.26,3.63,3.78,3.39,3.39,3.59,3.19,2.94,3.16,3.01,2.68,2.93,3.15,2.87,3.02,3.17,3.41,3.37,3.9,4.11,3.99
14,-11.818,-11.405,-11.741,-11.888,-11.852997,-11.454,-10.551,-11.468,-4.174,2.28,7.77,12.52,17.29,20.23,16.12,13.32,11.2,8.89,7.54,7.23,6.54,6.01,6.57,6.72,6.29,6.75,7.07,6.43,6.14,6.37,5.72,4.88,4.76,4.24,3.18,2.79,2.55,1.8,1.15,1.23,0.82,0.26,0.38,0.44,0,0.17,0.32,0.53,0.57,1.22,1.54,1.53,2.13,2.7,2.55,2.73,3.36,3.33,3.53,3.67,3.75,3.47,3.8,4.31,4.14,4.26,4.6,5.07,4.93,5.35,5.46,4.9,4.9,5.1,4.58,4.24,4.6,4.45,4.1,4.44,4.72,4.35,4.57,5.16,5.08,4.97,5.7,5.97,5.8
14,-7.147,-6.937,-6.377,-7.182,-6.909,-6.951,-6.356,-6.79,0.714,7.733,13.833,18.973,23.893,26.413,21.283,17.433,14.213,11.183,9.313,8.473,7.533,7.103,7.593,7.823,7.753,8.143,8.473,7.973,7.613,7.553,6.883,6.023,5.623,4.643,3.853,3.193,2.744,2.023,1.4,1.218,0.868,0.455,0.378,0.336,0,0.091,0.294,0.28,0.301,0.742,0.7,0.868,1.127,1.379,1.302,1.316,1.638,1.575,1.428,1.61,1.729,1.603,1.785,2.156,2.24,2.38,2.905,3.059,3.055,3.293,3.353,3.073,2.961,3.038,2.723,2.45,2.604,2.418,2.219,2.373,2.541,2.361,2.462,2.737,2.712,2.628,2.901,3.082,3.001
14,-6.03,-5.526,-6.548,-6.212,-6.1,-6.2558,-6.401,-6.31,-5.61,2.146,9.031,14.621,19.971,24.491,24.971,20.491,16.821,13.161,10.711,9.351,7.951,7.211,7.491,7.671,7.561,8.121,8.581,8.141,7.791,7.881,7.161,6.311,5.851,5.151,4.081,3.455,2.884,2.114,1.498,1.243,0.868,0.469,0.343,0.259,0,-0.007,0.006,0.042,-0.014,0.263,0.389,0.399,0.599,0.774,0.767,0.851,1.089,1.064,1.04,1.229,1.309,1.274,1.463,1.764,1.862,2.006,2.52,2.72,2.797,3.052,3.178,2.968,2.909,2.979,2.72,2.489,2.629,2.498,2.307,2.51,2.671,2.587,2.706,2.839,3.031,3.031,3.374,3.551,3.474
5.4,-8.107,-3.312,1.17,5.07,8.66,11.99,13.14,10.92,9.08,7.66,6.19,4.88,4.07,3.3,2.44,1.99,1.62,1.16,0.88,0.88,0.72,0.54,0.71,0.71,0.65,0.71,0.84,0.75,0.82,0.85,0.83,0.78,0.7,0.72,0.52,0.43,0.53,0.32,0.17,0.25,0.21,0.03,0.1,0.03,0,-0.01,0.2,0.13,0.02,0.21,0.27,0.14,0.24,0.21,0.22,0.24,0.46,0.43,0.31,0.46,0.55,0.38,0.48,0.61,0.57,0.53,0.82,0.94,0.87,1.07,1.21,1.11,1.12,1.19,1.3,1.24,1.57,1.65,1.59,1.83,2.12,2.12,2.22,2.62,2.71,2.76,3.14,3.34,3.39
2.8,-8.568,-3.983,0.112,3.966,7.186,10.386,12.896,10.646,8.856,7.456,5.996,4.766,3.916,3.146,2.306,1.806,1.446,0.926,0.636,0.57,0.367,0.136,0.185,0.22,0.091,0.129,0.122,0.154,0.223,0.325,0.29,0.192,0.29,0.367,0.147,0.234,0.29,0.143,0.024,0.206,0.136,0.014,0.108,0.178,0,0.031,0.22,0.192,0.27,0.304,0.364,0.217,0.395,0.525,0.406,0.395,0.626,0.556,0.616,0.626,0.656,0.525,0.626,0.591,0.636,0.766,0.906,0.956,0.876,1.086,1.246,1.136,1.236,1.486,1.456,1.436,1.776,1.886,1.856,2.106,2.396,2.376,2.536,2.916,2.986,3.026,3.456,3.686,3.706
8.1,-8.631,-8.379,-7.322,-2.016,2.358,6.198,9.738,12.758,14.918,12.528,10.278,8.418,7.108,5.928,4.868,4.348,4.018,3.618,3.528,3.888,4.078,4.408,5.118,5.688,5.838,6.168,6.218,5.918,5.508,5.308,4.788,4.118,3.708,3.268,2.648,2.218,1.928,1.456,0.983,0.903,0.658,0.336,0.28,0.189,0,-0.084,-0.056,-0.116,-0.098,-0.098,-0.123,-0.245,-0.186,-0.116,-0.305,-0.357,-0.207,-0.263,-0.441,-0.291,-0.214,-0.298,-0.217,-0.161,-0.072,-0.06,0.287,0.425,0.401,0.595,0.765,0.651,0.674,0.812,0.716,0.637,0.829,0.875,0.824,0.999,1.178,1.141,1.253,1.508,1.531,1.519,1.858,2.018,2.038
2,-8.865,-8.627,-8.795,-8.858,-8.83,-3.58,1.954,6.834,11.114,14.944,19.444,16.224,13.694,11.414,9.354,7.834,6.724,5.594,4.814,4.524,4.104,3.924,4.224,4.384,4.274,4.554,4.744,4.564,4.274,4.374,3.974,3.554,3.264,2.964,2.464,2.074,1.854,1.393,1.005,0.907,0.704,0.364,0.259,0.207,0,-0.049,-0.028,-0.112,-0.09,-0.129,-0.091,-0.22,-0.154,-0.059,-0.161,-0.245,-0.091,-0.192,-0.29,-0.224,-0.224,-0.42,-0.472,-0.383,-0.434,-0.435,-0.178,-0.112,-0.133,-0.026,0.16,0.088,0.135,0.245,0.396,0.361,0.618,0.76,0.762,1.084,1.264,1.292,1.46,1.794,1.884,1.914,2.274,2.454,2.504
14.2,-9.709,-9.338,-10.108,-4.074,0.406,4.489,8.099,11.259,14.609,12.149,9.939,8.039,6.789,5.559,4.399,3.769,3.339,2.839,2.529,2.619,2.589,2.609,2.909,3.149,3.199,3.229,3.439,3.289,3.029,3.129,2.879,2.489,2.309,2.159,1.729,1.529,1.399,1.039,0.729,0.719,0.514,0.294,0.217,0.241,0,-0.063,0.077,-0.004,0.025,0.003,0.024,-0.147,-0.049,0.101,-0.014,-0.077,0.129,0.122,0.166,0.182,0.231,0.175,0.304,0.542,0.567,0.619,1.009,1.149,1.169,1.369,1.539,1.389,1.399,1.479,1.319,1.179,1.399,1.379,1.249,1.449,1.639,1.589,1.709,2.049,2.079,2.099,2.489,2.669,2.729
14.2,-6.335,-5.502,-6.839,-6.678,-3.962,0.119,3.856,6.876,9.686,12.266,12.016,9.776,8.146,6.676,5.406,4.656,4.046,3.43,3.15,3.255,3.146,3.251,3.696,3.976,4.046,4.276,4.506,4.386,4.196,4.076,3.786,3.332,3.136,2.793,2.324,1.921,1.708,1.309,0.938,0.801,0.609,0.332,0.231,0.175,0,-0.021,-0.021,-0.091,-0.165,-0.067,-0.056,-0.112,-0.084,-0.049,-0.102,-0.154,-0.021,-0.046,-0.014,-0.018,0.028,0.01,0.136,0.315,0.388,0.462,0.787,0.805,0.821,1.027,1.473,1.425,1.409,1.39,1.348,1.121,1.178,1.288,0.906,1.034,1.2,1.183,1.253,1.535,1.575,1.587,1.883,2.072,2.109
14.2,-6.709,-6.59,-6.492,-1.627,2.076,5.39,8.52,10.92,13.11,10.95,9.04,7.4,6.28,5.25,4.34,3.812,3.588,3.189,3.196,3.311,3.5,3.672,4.2,4.45,4.49,4.66,4.73,4.4,4.11,3.95,3.539,3.073,2.786,2.426,1.971,1.628,1.449,1.12,0.76,0.693,0.511,0.242,0.214,0.175,0,-0.017,0.018,-0.045,-0.108,-0.024,-0.035,-0.014,-0.024,-0.048,-0.059,-0.022,0.021,-0.003,-0.056,0.084,0.158,0.161,0.259,0.483,0.574,0.658,0.884,1.035,1.094,1.499,1.651,1.601,1.448,1.546,1.187,1.04,1.136,1.145,1.068,1.164,1.318,1.318,1.386,1.633,1.684,1.696,1.987,2.184,2.258
14.2,-7.56,-8.946,-8.939,-8.19,-4.277,0.049,3.781,7.081,10.021,13.741,11.281,9.151,7.661,6.261,5.011,4.261,3.661,3.121,2.791,2.991,2.891,2.921,3.281,3.571,3.551,3.711,3.891,3.711,3.501,3.471,3.241,2.841,2.691,2.421,1.931,1.68,1.48,1.106,0.784,0.7,0.504,0.231,0.22,0.168,0,-0.116,0.01,-0.067,-0.071,-0.123,-0.105,-0.231,-0.165,-0.07,-0.161,-0.231,-0.06,-0.081,-0.175,-0.032,0.052,0.031,0.122,0.29,0.387,0.364,0.677,0.868,0.926,1.09,1.218,1.12,1.108,1.23,1.104,0.973,1.132,1.122,1.059,1.218,1.391,1.374,1.475,1.761,1.791,1.811,2.141,2.331,2.391
14.2,-7.301,-6.496,-7.931,-3.458,0.658,4.223,7.383,10.263,13.563,11.513,9.383,7.593,6.243,5.093,4.053,3.413,2.983,2.415,2.275,2.359,2.408,2.422,2.793,3.133,3.183,3.443,3.563,3.383,3.133,3.203,2.893,2.495,2.334,2.075,1.669,1.403,1.239,0.941,0.637,0.605,0.43,0.238,0.231,0.189,0,-0.046,0.094,0,-0.06,0.063,0.112,-0.011,0.056,0.168,0.063,0.028,0.231,0.175,0.105,0.248,0.329,0.283,0.402,0.633,0.696,0.773,1.109,1.176,1.164,1.365,1.5,1.396,1.372,1.498,1.358,1.239,1.349,1.323,1.216,1.354,1.508,1.475,1.549,1.811,1.843,1.904,2.194,2.373,2.397
14.2,-5.88,-5.796,-1.666,4.57,9.84,14.67,18.69,22.2,20.89,17.49,14.47,11.81,9.84,8.08,6.49,5.48,4.76,4.018,3.598,3.654,3.584,3.654,4.095,4.48,4.52,4.81,4.92,4.7,4.389,4.214,3.783,3.325,3.024,2.618,2.114,1.778,1.47,1.148,0.773,0.686,0.469,0.213,0.164,0.157,0,-0.077,0.073,-0.018,-0.081,0.007,0.021,-0.06,-0.053,-0.075,-0.081,-0.109,-0.007,-0.042,-0.123,0.014,0.101,0.08,0.196,0.406,0.355,0.458,0.786,1.068,1.074,1.19,1.389,1.369,1.349,1.325,1.311,1.26,1.143,1.261,1.179,1.206,1.267,1.307,1.377,1.617,1.682,1.675,1.998,2.191,2.24
14.2,-6.429,-6.31,-6.086,-5.337,-6.562,-1.326,3.273,7.218,10.458,13.348,16.578,13.518,11.168,9.158,7.448,6.128,5.168,4.258,3.721,3.623,3.406,3.238,3.714,4.098,4.278,4.688,4.938,4.868,4.618,4.528,4.198,3.619,3.329,2.923,2.356,1.922,1.694,1.257,0.889,0.774,0.557,0.333,0.245,0.165,0,-0.077,-0.028,-0.101,-0.189,-0.175,-0.199,-0.28,-0.241,-0.258,-0.241,-0.269,-0.154,-0.203,-0.128,-0.094,-0.063,-0.052,0.042,0.133,0.202,0.268,0.665,0.905,0.921,1.037,1.254,1.218,1.101,1.24,0.986,0.854,0.984,1.015,0.958,1.092,1.281,1.281,1.369,1.675,1.761,1.791,2.123,2.33,2.396
14.2,-5.432,-4.942,-5.327,-5.523,-4.641,-0.028,3.675,6.922,9.792,12.202,13.662,11.092,9.152,7.502,6.052,4.984,4.235,3.549,3.08,3.017,2.905,2.905,3.325,3.615,3.773,4.067,4.413,4.256,3.99,3.969,3.615,3.153,2.824,2.513,1.995,1.69,1.452,1.109,0.759,0.661,0.493,0.213,0.189,0.097,0,-0.014,-0.009,0,-0.021,0.045,0.133,0.045,0.091,0.185,0.147,0.119,0.227,0.245,0.157,0.273,0.353,0.294,0.437,0.64,0.689,0.742,1.099,1.232,1.274,1.456,1.585,1.41,1.361,1.452,1.353,1.178,1.277,1.321,1.222,1.278,1.516,1.581,1.573,1.88,2.019,1.989,2.261,2.531,2.607
14.2,-4.973,-5.995,-5.981,-6.205,0.809,6.908,11.968,16.308,20.418,22.828,18.858,15.438,12.738,10.388,8.358,6.878,5.748,4.598,3.777,3.497,3.175,2.874,3.021,3.164,3.241,3.623,4.015,3.98,3.822,3.931,3.679,3.112,2.916,2.548,2.016,1.663,1.481,1.071,0.749,0.697,0.445,0.231,0.186,0.104,0,-0.003,0.07,0.021,0.064,0.081,0.084,0.014,0.046,0.073,0.14,0.091,0.252,0.231,0.137,0.287,0.371,0.326,0.462,0.679,0.77,0.882,1.281,1.362,1.42,1.735,1.875,2.004,1.813,1.957,1.698,1.514,1.619,1.683,1.458,1.584,1.743,1.693,1.777,2.093,2.142,2.176,2.498,2.699,2.718
18.8,-4.945,-4.112,-5.078,-5.071,-4.658,-3.86,-5.246,0.851,5.792,9.962,13.502,16.482,18.412,14.942,12.082,9.912,8.182,6.612,5.392,4.638,3.847,2.965,2.727,2.128,1.572,1.379,1.229,0.854,0.592,0.644,0.406,0.179,0.214,0.133,-0.091,-0.133,-0.119,-0.241,-0.297,-0.136,-0.246,-0.288,-0.12,-0.085,0,0.099,0.291,0.451,0.69,0.952,1.25,1.522,1.873,2.213,2.427,2.5,2.76,2.894,2.74,2.773,2.845,2.748,2.647,2.865,2.898,2.825,3.19,3.444,3.43,3.552,3.472,3.276,3.142,3.131,2.932,2.688,2.772,2.941,2.715,2.853,3.08,3.126,3.245,3.591,3.679,3.693,3.98,4.153,4.139
18.8,-4.011,-5.257,-5.446,-4.935,-2.009,2.604,6.554,9.804,12.694,15.114,13.914,11.284,9.244,7.504,6.024,4.844,4.179,3.479,3.087,2.996,2.961,3.08,3.538,3.958,4.175,4.469,4.704,4.539,4.179,4.063,3.685,3.171,2.8,2.457,1.907,1.543,1.337,0.959,0.654,0.525,0.388,0.171,0.098,0.084,0,-0.105,-0.077,-0.175,-0.196,-0.105,-0.095,-0.179,-0.098,0.014,-0.025,0.024,0.063,0.045,-0.007,0.14,0.224,0.241,0.374,0.577,0.682,0.798,1.095,1.263,1.33,1.508,1.61,1.417,1.342,1.361,1.22,1.038,1.094,1.102,1.012,1.046,1.2,1.258,1.237,1.46,1.616,1.579,1.798,2.042,2.115
18.8,-5.383,-4.886,-5.4267,-5.558,-5.88,-0.434,3.43,6.792,9.522,12.302,14.252,11.492,9.512,7.772,6.262,5.222,4.466,3.682,3.227,3.164,3.003,2.968,3.293,3.696,4.018,4.403,4.858,4.686,4.497,4.413,3.927,3.356,3.013,2.604,2.089,1.718,1.393,1.036,0.717,0.623,0.406,0.234,0.164,0.094,0,-0.116,-0.018,-0.116,-0.189,-0.067,-0.091,-0.14,-0.095,0.021,-0.084,-0.13,0.035,0.042,0.021,0.21,0.29,0.283,0.437,0.668,0.763,0.871,1.214,1.4,1.494,1.715,1.75,1.69,1.612,1.708,1.663,1.544,1.387,1.419,1.319,1.331,1.515,1.578,1.53,1.814,1.94,1.936,2.18,2.458,2.382
18.8,-5.516,-5.285,-4.606,-5.173,-5.642,-0.259,4.13,7.848,11.078,13.958,16.298,13.248,10.858,8.888,7.138,5.918,4.914,3.997,3.36,3.241,2.807,2.551,2.737,2.933,2.95,3.262,3.549,3.468,3.419,3.419,3.125,2.73,2.527,2.191,1.76,1.396,1.235,0.878,0.63,0.584,0.413,0.241,0.154,0.168,0,-0.021,0.031,-0.049,-0.088,0,0.021,-0.035,-0.011,-0.004,0.031,0,0.15,0.199,0.175,0.35,0.451,0.472,0.623,0.91,1.022,1.165,1.522,1.729,1.802,2.012,2.128,1.991,1.904,1.822,1.627,1.41,1.459,1.424,1.334,1.316,1.533,1.612,1.578,1.861,2.051,2.017,2.267,2.54,2.494
18.8,-5.315,-5.147,-5.2712,-5.238,-5.385,-2.949,1.566,5.353,8.583,11.393,13.883,13.843,11.363,9.223,7.413,6.103,5.129,4.121,3.449,3.064,2.665,2.343,2.322,2.301,2.073,2.21,2.162,2.177,2.187,2.315,2.133,1.946,1.786,1.622,1.242,1.009,0.876,0.656,0.455,0.4,0.26,0.18,0.085,0.108,0,-0.018,0.024,-0.018,-0.042,0.028,0.063,0.05,0.08,0.14,0.187,0.189,0.292,0.292,0.33,0.476,0.577,0.628,0.763,0.988,1.121,1.214,1.569,1.797,1.851,2.084,2.187,2.094,1.977,1.995,1.785,1.555,1.562,1.506,1.45,1.457,1.646,1.72,1.687,1.96,2.137,2.117,2.369,2.639,2.558
18.8,-5.805,-5.847,-0.044,5.875,11.165,15.825,20.035,22.575,18.835,15.685,12.865,10.535,8.645,7.075,5.715,4.875,4.254,3.736,3.645,3.981,4.296,4.705,5.585,6.195,6.495,6.785,6.845,6.245,5.635,5.215,4.515,3.753,3.267,2.84,2.196,1.849,1.59,1.191,0.838,0.768,0.572,0.33,0.344,0.117,0,0.01,0.138,0.148,0.203,0.217,0.308,0.288,0.39,0.514,0.418,0.437,0.475,0.537,0.509,0.686,0.768,0.642,0.96,1.261,1.307,1.576,2.094,2.324,2.367,2.819,3.039,2.863,2.857,2.933,2.576,2.276,2.339,2.191,1.944,2.059,2.18,2.01,2.11,2.226,2.39,2.394,2.763,2.954,2.948
18.8,-5.946,-5.533001,-4.833,-2.453,1.747,5.5,8.7,11.33,13.72,13.02,10.62,8.54,7.14,5.85,4.79,4.204,3.854,3.427,3.455,3.917,4.316,4.63,5.46,6.03,6.24,6.47,6.44,5.88,5.27,4.94,4.253,3.497,3.035,2.615,1.974,1.6,1.358,0.998,0.602,0.581,0.424,0.175,0.147,0.154,0,-0.017,0.077,0.07,0.113,0.144,0.161,0.07,0.2,0.273,0.214,0.217,0.385,0.357,0.273,0.473,0.574,0.55,0.707,1.033,1.11,1.208,1.628,1.848,1.901,2.17,2.335,2.149,2.104,2.17,1.939,1.687,1.761,1.57,1.416,1.525,1.649,1.635,1.788,1.868,1.999,1.923,2.227,2.496,2.503
18.8,-5.859,-6.622,-6.643,-4.417,0.651,5.093,9.003,12.263,15.263,16.043,13.043,10.593,8.843,7.223,5.883,5.123,4.593,4.043,3.853,4.123,4.203,4.343,5.023,5.453,5.533,5.913,6.143,5.793,5.343,5.173,4.573,3.883,3.468,2.985,2.32,1.872,1.627,1.218,0.815,0.766,0.535,0.255,0.262,0.224,0,-0.056,0.119,0.052,-0.077,0.115,0.178,0.08,0.189,0.353,0.241,0.245,0.338,0.469,0.395,0.595,0.749,0.71,0.903,1.277,1.358,1.477,2.026,2.254,2.313,2.639,2.835,2.649,2.593,2.74,2.439,2.117,2.261,2.152,1.911,2.051,2.247,2.121,2.219,2.572,2.628,2.607,3.052,3.304,3.311
18.8,-5.015,-4.112,-5.337,-5.421,-4.322,0.284,4.162,7.44,10.42,12.83,14.1,11.51,9.55,7.85,6.36,5.37,4.596,3.973,3.623,3.637,3.686,3.84,4.519,4.991,5.3,5.78,6.01,5.79,5.42,5.22,4.687,4.071,3.64,3.126,2.51,2.079,1.701,1.344,0.966,0.805,0.55,0.315,0.245,0.179,0,-0.021,-0.061,-0.101,-0.122,-0.049,-0.007,-0.07,0.011,0.084,0.049,0.122,0.175,0.179,0.133,0.235,0.326,0.333,0.431,0.658,0.788,0.847,1.176,1.355,1.456,1.67,1.813,1.726,1.705,1.806,1.523,1.336,1.392,1.306,1.193,1.156,1.341,1.447,1.351,1.615,1.781,1.715,1.947,2.212,2.266
18.8,-5.448,-5,-5.574,-0.289,6.209,11.739,16.529,20.729,25.179,21.519,17.719,14.499,11.839,9.659,7.709,6.329,5.309,4.296,3.652,3.491,3.225,3.183,3.449,3.764,3.795,4.128,4.261,4.065,3.869,3.827,3.403,2.98,2.626,2.35,1.867,1.454,1.226,0.925,0.589,0.509,0.351,0.094,0.047,0.071,0,0.033,0.143,0.138,0.105,0.211,0.302,0.234,0.29,0.381,0.372,0.412,0.437,0.458,0.365,0.514,0.621,0.631,0.736,0.985,1.153,1.221,1.65,1.87,1.912,2.143,2.262,2.101,2.017,2.023,1.776,1.524,1.571,1.513,1.374,1.323,1.532,1.603,1.486,1.758,1.92,1.859,2.066,2.268,2.269
18.8,-5.376,-5.18,-4.256,-3.598,0.721,4.662,8.026,10.906,13.246,14.416,11.826,9.616,8.026,6.596,5.336,4.48,3.934,3.304,2.947,3.087,3.017,3.08,3.503,3.787,3.934,4.298,4.497,4.291,3.993,3.818,3.391,2.933,2.565,2.187,1.729,1.365,1.172,0.892,0.602,0.518,0.364,0.189,0.154,0.154,0,-0.018,0.077,0.021,-0.06,0.073,0.112,0.105,0.164,0.259,0.245,0.266,0.402,0.437,0.399,0.567,0.661,0.679,0.85,1.116,1.179,1.319,1.645,1.82,1.851,2.037,2.149,1.895,1.851,1.918,1.739,1.533,1.547,1.584,1.52,1.481,1.704,1.803,1.717,2.003,2.194,2.128,2.383,2.647,2.635
25.2,-8.526,-8.694,-4.886,-1.148,1.979,4.859,7.559,9.849,9.439,8.009,6.669,5.539,5.129,4.689,4.279,4.419,4.869,5.089,5.499,6.489,7.089,7.419,8.199,8.429,8.079,7.909,7.579,6.789,5.959,5.669,4.929,4.089,3.639,3.129,2.399,1.979,1.648,1.123,0.651,0.626,0.378,0.052,0.15,0.196,0,0.157,0.416,0.483,0.49,0.854,0.98,0.896,1.057,1.218,1.029,0.969,1.186,1.088,0.952,1.221,1.421,1.417,1.771,2.329,2.609,2.899,3.689,4.029,4.069,4.389,4.509,4.089,3.879,3.879,3.409,2.979,3.029,2.819,2.449,2.509,2.389,2.319,2.279,2.359,2.459,2.369,2.729,2.969,2.959
25.2,-8.365,-8.246,-7.518,-8.295,-6.538,-2.177,1.701,4.999,7.809,10.589,11.909,9.539,7.929,6.659,5.459,4.919,4.759,4.519,4.789,5.579,6.149,6.769,7.709,8.179,8.269,8.299,8.209,7.469,6.689,6.319,5.509,4.679,4.159,3.579,2.789,2.259,1.925,1.323,0.791,0.714,0.476,0.105,0.091,0.126,0,0.07,0.357,0.49,0.553,1.029,1.232,1.253,1.512,1.764,1.61,1.519,1.687,1.568,1.372,1.54,1.638,1.568,1.848,2.329,2.559,2.879,3.669,4.119,4.279,4.679,4.889,4.519,4.329,4.289,3.749,3.259,3.229,2.949,2.549,2.549,2.399,2.279,2.239,2.469,2.389,2.269,2.599,2.769,2.719
25.2,-7.637,-9.128,-5.579,-2.352,0.266,3.064,5.504,7.634,7.184,6.044,4.854,4.064,3.664,3.334,2.944,3.074,3.364,3.394,3.754,4.614,5.064,5.434,6.214,6.594,6.454,6.514,6.414,5.824,5.174,4.944,4.334,3.574,3.284,2.824,2.144,1.714,1.484,0.966,0.556,0.56,0.329,-0.018,0.094,0.15,0,0.073,0.507,0.528,0.64,1.109,1.323,1.374,1.674,1.964,1.884,1.834,1.944,2.084,1.984,2.274,2.424,2.344,2.654,3.234,3.494,3.774,4.624,4.994,5.104,5.464,5.634,5.214,5.024,5.004,4.504,4.004,4.014,3.744,3.304,3.334,3.174,3.054,3.004,3.284,3.164,3.034,3.374,3.504,3.434
25.2,-8.085,-8.043,-7.952,-4.368,-0.231,3.666,7.046,9.936,11.806,11.696,9.516,7.826,6.716,5.866,5.116,4.896,5.106,5.076,5.506,6.576,7.276,7.916,9.006,9.596,9.456,9.456,9.286,8.346,7.456,6.926,6.086,5.066,4.526,3.876,3.036,2.496,2.128,1.512,1.008,0.882,0.588,0.189,0.196,0.21,0,0.077,0.378,0.462,0.455,0.861,1.043,0.959,1.176,1.393,1.19,1.127,1.309,1.239,1.008,1.218,1.33,1.316,1.54,2.093,2.326,2.626,3.476,3.906,4.076,4.536,4.786,4.456,4.306,4.326,3.866,3.376,3.396,3.166,2.756,2.796,2.636,2.506,2.476,2.526,2.616,2.516,2.876,3.076,3.026
25.2,-8.036,-7.987,-4.48,-0.119,3.56,7.03,10.2,12.91,12.4,10.72,9.22,8.06,7.71,7.43,7.29,7.8,8.6,9.05,10.18,11.75,12.77,13.52,14.66,14.99,14.5,14.12,13.56,12.22,10.91,10.14,8.85,7.53,6.62,5.73,4.56,3.74,3.14,2.29,1.547,1.309,0.84,0.406,0.287,0.273,0,0.056,0.308,0.245,0.376,0.483,0.469,0.43,0.364,0.406,0.126,0.035,0.196,0.07,-0.091,0.182,0.35,0.357,0.77,1.309,1.61,1.988,2.88,3.35,3.54,4.12,4.44,4.17,4.23,4.39,3.96,3.6,3.73,3.5,3.1,3.21,3.06,2.95,3,3.12,3.29,3.23,3.78,4.07,4.08
25.2,-8.057,-8.022,-6.111,-1.26,3.011,6.681,10.091,12.821,13.921,11.691,9.631,8.141,7.361,6.791,6.431,6.951,7.811,8.481,9.811,11.701,12.991,13.961,15.151,15.361,14.591,13.881,12.991,11.291,9.851,8.891,7.591,6.231,5.441,4.561,3.541,2.831,2.371,1.631,1.036,0.91,0.581,0.161,0.196,0.175,0,0.112,0.378,0.413,0.434,0.791,0.882,0.763,0.903,1.015,0.742,0.714,0.896,0.763,0.623,0.882,1.078,1.12,1.533,2.086,2.381,2.881,3.461,4.091,4.251,4.751,5.031,4.681,4.611,4.691,4.231,3.811,3.931,3.711,3.311,3.441,3.541,3.211,3.251,3.371,3.531,3.491,4.041,4.341,4.361
25.2,-7.406,-7.35,-6.832,-7.385,-3.591,1.351,5.597,9.117,12.267,14.437,13.827,11.167,9.307,7.787,6.567,6.147,6.157,6.307,7.097,8.607,9.757,10.767,12.147,12.767,12.457,12.147,11.477,10.077,8.797,8.017,6.757,5.537,4.887,4.157,3.157,2.604,2.177,1.491,0.945,0.882,0.539,0.203,0.21,0.21,0,0.14,0.42,0.406,0.434,0.77,0.896,0.833,0.77,0.815,0.854,0.805,0.987,0.861,0.728,0.994,1.141,1.141,1.484,1.995,2.296,2.66,3.527,4.007,4.167,4.737,5.017,4.657,4.577,4.637,4.117,3.657,3.707,3.407,3.017,3.097,3.157,2.947,3.097,3.187,3.087,3.047,3.557,3.827,3.867
150,-9.075,-6.688,-0.682,4.442,8.762,12.572,16.072,16.352,12.812,10.052,7.532,5.342,3.802,2.352,1.096,0.27,-0.304,-1.032,-1.543,-1.704,-2.026,-2.299,-2.152,-2.278,-2.348,-2.32,-2.301,-2.25,-2.081,-1.921,-1.851,-1.928,-1.655,-1.501,-1.592,-1.445,-1.218,-1.239,-1.214,-0.826,-0.766,-0.806,-0.409,-0.042,0,0.289,0.875,1.138,1.342,2.022,2.382,2.492,3.042,3.682,3.952,4.462,5.492,6.272,7.042,8.562,10.162,11.592,13.732,16.532,18.392,20.622,23.832,25.852,26.732,27.442,26.852,24.412,21.792,19.302,15.962,12.792,10.822,8.742,6.882,5.852,5.172,4.302,3.872,3.892,3.622,3.432,3.732,3.892,3.832
150,-1.536,-6.856,-0.241,5.091,9.431,13.271,16.561,18.701,14.911,11.751,8.991,6.731,4.901,3.329,1.978,1.033,0.249,-0.514,-1.025,-1.263,-1.606,-1.879,-1.963,-1.998,-2.082,-2.061,-2.072,-2.082,-2.061,-1.816,-1.788,-1.83,-1.627,-1.508,-1.529,-1.403,-1.172,-1.179,-1.158,-0.843,-0.731,-0.682,-0.381,-0.105,0,0.27,0.781,0.874,1.042,1.602,1.974,2.19,2.706,3.374,3.798,4.371,5.541,6.481,7.491,9.311,11.291,13.141,15.751,18.991,21.171,23.601,26.741,28.431,28.601,28.551,27.131,23.941,20.771,17.921,14.441,11.331,9.231,7.451,5.701,4.761,4.101,3.374,2.993,2.982,2.697,2.543,2.785,2.888,2.846
150,-7.598,-8.095,-3.636,2.738,8.168,12.938,17.048,20.538,18.548,14.658,11.258,8.338,6.128,4.178,2.478,1.306,0.347,-0.598,-1.263,-1.543,-1.921,-2.264,-2.264,-2.299,-2.322,-2.418,-2.306,-2.355,-2.182,-2.033,-2.033,-2.019,-1.767,-1.578,-1.697,-1.564,-1.337,-1.337,-1.246,-0.959,-0.784,-0.763,-0.413,-0.052,0,0.44,1.108,1.416,1.546,2.278,2.728,2.908,3.468,4.198,4.488,4.978,6.038,6.828,7.668,9.388,11.258,12.958,15.548,18.968,21.198,24.028,27.918,30.368,31.388,32.268,31.518,28.558,25.428,22.438,18.388,14.648,12.218,9.758,7.538,6.328,5.488,4.468,4.028,4.038,3.758,3.518,3.868,4.038,3.998
150,-8.461,-2.231,3.26,8.07,12.08,15.77,16.82,13.08,9.97,7.59,5.26,3.3,2.08,0.79,-0.4,-0.992,-1.517,-2.196,-2.581,-2.574,-2.903,-3.169,-2.966,-2.994,-3.183,-3.064,-3.059,-3.001,-2.987,-2.824,-2.613,-2.697,-2.422,-2.142,-2.394,-2.137,-1.711,-1.757,-1.404,-1.137,-1.01,-1.011,-0.52,-0.06,0,0.41,1.14,1.34,1.49,2.23,2.68,2.77,3.4,4.17,4.46,5.02,6.32,7.19,7.92,9.71,11.39,12.74,14.86,16.9,18.73,20.6,23.28,24.56,24.62,24.59,23.52,20.85,18.38,16.27,13.42,10.83,9.4,7.81,6.28,5.56,5.11,4.32,4.02,4.21,3.98,3.77,4.17,4.34,4.17
22.7,-7.053,-6.689,-6.9025,-6.934,-6.934,-5.002,-0.151,3.745,7.175,9.905,12.405,12.435,9.625,7.265,5.095,3.655,2.551,1.375,0.619,0.234,-0.256,-0.683,-0.844,-0.83,-0.907,-1.033,-0.921,-1.054,-1.033,-0.912,-0.767,-0.795,-0.561,-0.354,-0.526,-0.772,-0.23,-0.538,-0.282,-0.493,-0.36,-0.387,-0.015,0.11,0,0.4,0.511,0.779,1.067,1.728,1.829,1.98,2.362,2.716,2.894,2.429,3.219,2.811,2.703,2.806,2.9,3.107,3.475,4.075,4.355,4.675,5.545,6.005,6.205,6.735,6.715,6.075,5.935,5.755,4.725,4.495,3.865,3.775,3.795,3.685,3.845,3.685,3.795,4.125,4.175,4.325,4.405,4.585,4.545
22.7,-7.125,-6.453,-6.964,-7.398,-6.362,-1.483,2.577,5.966,8.836,11.436,12.316,9.426,6.936,5.226,3.316,2.367,1.205,0.295,-0.195,-0.559,-0.979,-1.483,-1.371,-1.441,-1.425,-1.434,-1.455,-1.434,-1.56,-1.294,-1.147,-1.28,-1.098,-0.79,-0.909,-0.843,-0.542,-0.843,-0.479,-0.528,-0.403,-0.487,-0.214,0.009,0,0.158,0.87,0.819,1.684,2.113,2.879,3.286,3.196,3.536,3.646,3.996,3.906,4.086,3.116,3.896,3.356,3.546,3.946,4.246,4.456,4.806,5.806,5.876,6.346,6.416,6.126,5.806,5.946,5.316,4.826,4.196,4.066,3.776,3.586,3.136,3.746,3.266,3.646,3.646,3.876,3.656,4.046,4.106,4.386
22.7,-5.908,-6.335,-5.663,-6.216,-6.804,-0.406,4.443,8.493,11.983,14.933,16.683,12.993,10.133,7.603,5.453,3.903,2.478,1.533,0.714,0.182,-0.245,-0.791,-0.693,-0.777,-1.064,-1.064,-1.041,-1.008,-1.029,-0.714,-0.518,-0.742,-0.455,-0.431,-0.518,-0.252,-0.053,-0.228,-0.383,-0.082,-0.023,-0.089,-0.107,0.081,0,0.337,0.997,1.223,1.289,2.299,2.62,2.593,3.324,3.903,3.608,3.893,4.173,3.943,3.698,3.618,3.953,3.81,4.363,4.433,4.953,5.303,5.993,6.313,7.133,6.923,6.853,6.753,6.583,6.543,5.123,4.833,4.803,4.373,3.635,4.273,3.843,4.103,3.913,4.523,4.263,4.113,4.723,5.023,4.703
22.7,-7.038,-7.451,-6.807,-7.682,-1.41,4.362,9.372,13.562,17.112,20.052,15.852,12.172,9.442,6.992,5.132,3.382,2.475,1.327,0.508,0.186,-0.241,-0.885,-0.626,-0.752,-1.137,-1.074,-1.058,-0.962,-1.06,-0.665,-0.602,-0.759,-0.57,-0.393,-0.542,-0.367,-0.44,-0.584,-0.521,-0.418,-0.416,-0.445,-0.279,0.377,0,0.299,0.659,1.239,0.87,1.976,1.956,2.316,2.812,3.082,3.392,2.782,3.532,3.042,2.892,3.222,3.722,3.472,4.072,4.482,4.602,4.762,5.942,6.522,6.852,7.172,7.092,6.772,6.472,6.372,5.232,4.752,4.632,4.482,4.352,4.212,4.072,4.142,4.202,4.542,4.442,4.742,4.972,5.362,5.032
17.5,-7.574,-3.934,-0.553,2.282,4.777,7.207,9.367,8.387,7.017,6.017,5.027,4.427,4.067,3.987,3.867,4.307,4.847,5.127,5.757,6.827,7.447,7.897,8.607,8.827,8.577,7.967,7.877,6.917,6.107,5.617,4.857,4.027,3.597,3.117,2.352,1.932,1.645,1.141,0.721,0.64,0.476,0.353,0.129,0.164,0,0.084,0.413,0.49,0.591,0.997,1.176,1.204,1.47,1.662,1.54,1.494,1.708,1.54,1.382,1.515,1.564,1.48,1.652,2.016,2.117,2.359,2.967,3.227,3.317,3.677,3.827,3.557,3.537,3.567,3.217,2.917,3.027,2.917,2.604,2.754,2.877,2.674,2.751,2.84,2.997,2.937,3.327,3.507,3.457
17.5,-7.556,-7.486,-7.108,-5.603,-2.488,0.333,2.65,4.795,6.735,7.765,6.245,5.145,4.655,4.295,3.985,4.335,4.885,5.345,6.145,7.555,8.435,9.195,10.115,10.455,10.005,9.645,9.135,8.025,6.985,6.375,5.365,4.415,3.905,3.215,2.443,1.964,1.691,0.977,0.637,0.56,0.308,0.084,0.109,0.133,0,0.193,0.508,0.595,0.693,1.103,1.379,1.351,1.621,1.859,1.498,1.565,1.726,1.558,1.358,1.512,1.544,1.449,1.652,1.978,2.139,2.359,3.005,3.305,3.405,3.745,3.905,3.685,3.285,3.545,3.165,2.842,2.954,2.814,2.552,2.734,2.849,2.657,2.807,2.839,2.975,2.919,3.315,3.505,3.455
17.5,-7.252,-6.461,-7.623,-7.105,-3.339,0.175,3.412,6.022,8.392,11.252,9.012,7.282,6.272,5.382,4.742,4.742,4.822,5.182,5.872,7.042,7.952,8.672,9.692,10.152,9.842,9.642,9.222,8.152,7.242,6.632,5.672,4.662,4.132,3.482,2.635,2.184,1.844,1.19,0.773,0.668,0.399,0.017,0.112,0.171,0,0.122,0.455,0.574,0.693,1.155,1.41,1.417,1.718,1.949,1.729,1.638,1.844,1.662,1.431,1.571,1.62,1.452,1.673,2.068,2.212,2.46,3.142,3.432,3.532,3.912,4.082,3.762,3.692,3.792,3.382,3.082,3.302,2.852,2.772,2.962,3.102,2.902,3.002,3.102,3.272,3.232,3.652,3.852,3.812
17.5,-5.358,-2.271,0.788,3.395,5.705,7.895,8.605,7.105,6.175,5.505,4.935,4.465,4.535,4.495,4.495,4.935,5.475,5.715,6.325,7.285,7.775,8.085,8.795,9.065,8.755,8.555,8.305,7.515,6.815,6.415,5.585,4.805,4.325,3.775,3.005,2.552,2.181,1.593,1.11,0.998,0.637,0.305,0.266,0.235,0,0.095,0.28,0.322,0.34,0.644,0.774,0.714,0.889,1.054,0.875,0.854,0.977,0.84,0.669,0.823,0.83,0.763,0.921,1.267,1.348,1.554,2.149,2.412,2.51,2.895,3.095,2.905,2.915,3.075,2.786,2.513,2.646,2.513,2.237,2.335,2.429,2.216,2.265,2.351,2.492,2.429,2.815,2.985,2.945
19.5,-7.156,-6.652,-7.303,-7.338,-7.177,-4.79,-0.716,2.714,5.504,8.184,10.464,9.884,7.654,5.694,4.014,2.84,1.93,1.006,0.418,0.215,-0.114,-0.352,-0.212,-0.135,-0.282,-0.079,0.131,0.068,0.085,0.295,0.323,0.292,0.259,0.292,0.063,0.136,0.213,0.028,-0.072,0.122,0.015,-0.13,0.019,0.15,0,0.189,0.509,0.614,0.728,1.237,1.529,1.624,1.989,2.317,2.187,2.243,2.458,2.339,2.093,2.282,2.35,2.227,2.446,2.829,2.95,3.254,3.944,4.314,4.454,4.854,5.014,4.594,4.414,4.294,3.754,3.334,3.364,3.194,2.964,3.144,3.364,3.214,3.364,3.674,3.644,3.574,3.924,4.074,3.994
19.5,-8.757,-8.414,-8.813,-8.176,-2.492,2.201,6.451,9.871,13.151,15.171,11.791,8.971,6.811,4.871,3.241,2.111,1.239,0.252,-0.252,-0.469,-0.826,-1.071,-0.931,-0.924,-1.071,-0.91,-0.714,-0.802,-0.648,-0.53,-0.548,-0.436,-0.366,-0.301,-0.525,-0.462,-0.247,-0.45,-0.571,-0.285,-0.331,-0.438,-0.18,0.04,0,0.231,0.756,0.955,1.209,1.921,2.321,2.441,2.841,3.211,3.021,2.971,3.211,2.991,2.701,2.921,2.971,2.831,3.151,3.661,3.811,4.091,4.901,5.171,5.191,5.511,5.561,4.971,4.701,4.611,4.011,3.561,3.651,3.531,3.261,3.491,3.701,3.501,3.601,3.721,3.931,3.851,4.301,4.511,4.431
19.5,-8.325,-7.772,-8.311,-8.409,-8.227,-5.406,-1.136,2.427,5.417,8.107,10.507,9.827,7.427,5.337,3.567,2.387,1.447,0.495,-0.114,-0.254,-0.548,-0.863,-0.604,-0.562,-0.709,-0.499,-0.177,-0.359,-0.356,-0.227,-0.018,-0.175,0.019,0.113,-0.132,-0.048,0.12,-0.13,-0.223,0.012,-0.021,-0.27,-0.053,0.112,0,0.194,0.682,0.782,0.91,1.573,1.909,2.017,2.407,2.697,2.517,2.497,2.697,2.487,2.237,2.477,2.477,2.357,2.667,3.137,3.297,3.607,4.427,4.787,4.897,5.347,5.507,5.017,4.787,4.727,4.187,3.687,3.827,3.697,3.427,3.667,3.947,3.767,3.947,4.357,4.337,4.277,4.777,5.077,5.057
19.5,-6.94,-6.359,-7.402,-6.597,-1.095,3.774,7.904,11.334,14.474,15.854,12.494,9.654,7.464,5.534,3.934,2.762,1.852,0.928,0.396,0.186,-0.185,-0.388,-0.297,-0.269,-0.423,-0.248,-0.052,-0.108,0.023,0.144,0.109,0.155,0.177,0.191,0.175,0.14,0.039,-0.072,-0.087,-0.083,-0.031,-0.142,0.07,0.162,0,0.318,0.667,0.735,0.966,1.619,1.973,2.046,2.563,2.984,2.735,2.739,3.064,2.863,2.617,2.863,3.004,2.83,3.174,3.774,3.804,4.104,4.924,5.264,5.374,5.784,5.894,5.444,5.214,5.134,4.584,4.184,4.304,4.164,3.964,4.204,4.484,4.354,4.514,4.944,4.924,4.894,5.354,5.564,5.514
5,-11.856,-11.233,-12.129,-12.031,-11.842,-8.013,-2.175,2.88,7.29,11.34,14.74,14.18,11.12,8.37,6.01,4.33,2.95,1.58,0.67,0.29,-0.38,-0.86,-0.73,-0.78,-1.12,-0.88,-0.55,-0.7,-0.38,-0.13,-0.14,-0.01,0.05,0.17,-0.06,0.04,-0.01,0.03,0.14,0.29,0.24,0.25,0.17,0.29,0,0.12,0.27,0.5,0.45,0.92,1.16,1.08,1.46,1.84,1.7,1.71,2.08,1.86,1.48,1.61,1.5,1.09,1.08,1,0.96,1.17,1.33,1.4,1.28,1.66,1.88,1.63,1.77,1.83,1.98,1.94,2.4,2.61,2.55,3.06,3.57,3.58,3.9,4.53,4.63,4.59,5.19,5.53,5.46
5,-10.726,-10.075,-11.153,-11.153,-10.824,-11.069,-11.16,-11.139,-5.959,-0.72,3.7,7.46,11,15,11.48,8.78,6.46,4.36,2.87,1.89,0.84,0.03,-0.16,-0.44,-0.87,-0.8,-0.66,-0.75,-0.49,-0.27,-0.27,-0.04,0.12,0.27,0.1,0.29,0.53,0.28,0.17,0.48,0.39,0.09,0.24,0.35,0,0.05,0.15,0.31,0.23,0.65,0.8,0.67,0.99,1.35,1.24,1.35,1.74,1.6,1.32,1.46,1.4,0.98,1.01,0.89,0.84,1,1.12,1.14,1.01,1.39,1.59,1.38,1.55,1.87,1.74,1.66,2.07,2.17,2.09,2.56,3.02,3.04,3.38,4.02,4.16,4.22,4.76,5.06,4.95
5,-9.236,-9.712,-9.936,-5.722,-0.738,3.658,7.588,10.768,13.078,12.518,9.508,7.078,5.258,3.688,2.248,1.328,0.578,-0.192,-0.57,-0.619,-0.871,-1.116,-0.836,-0.801,-0.913,-0.703,-0.413,-0.497,-0.324,-0.175,-0.213,-0.287,-0.078,0.055,-0.183,-0.061,0.111,-0.126,-0.239,0.065,0.06,-0.12,0.093,0.252,0,0.202,0.598,0.588,0.618,1.018,1.208,1.148,1.418,1.618,1.378,1.308,1.498,1.298,0.988,1.178,1.108,0.778,0.898,1.138,0.998,1.028,1.498,1.558,1.488,1.808,1.978,1.748,1.878,2.218,2.128,2.158,2.678,2.918,2.968,3.458,3.938,3.928,4.198,4.738,4.768,4.768,5.338,5.718,5.768
5,-8.046,-9.173,-9.054,-9.1397,-9.103,-9.229,-9.096,-8.522,-4.518,0.9,5.53,9.39,12.98,16.85,13.74,10.62,8,5.6,3.82,2.61,1.43,0.501,0.074,-0.381,-0.815,-0.766,-0.78,-0.78,-0.759,-0.553,-0.301,-0.374,0.025,0.139,-0.071,0.105,0.35,0.149,0.062,0.361,0.266,0.268,0.179,0.266,0,0.042,0.179,0.347,0.324,0.788,0.942,0.907,1.31,1.81,1.79,1.96,2.41,2.31,2.08,2.25,2.13,1.72,1.67,1.58,1.5,1.69,1.83,1.86,1.8,2.19,2.45,2.25,2.47,2.78,2.63,2.84,2.95,3.01,2.94,3.42,3.89,3.94,4.31,5.02,5.18,5.23,5.84,6.12,6
15,-7.966,-7.994,-7.455,-7.938,-5.565,-0.735,3.397,6.997,10.187,13.087,12.867,10.087,7.977,6.177,4.567,3.527,2.777,1.988,1.631,1.715,1.694,1.918,2.587,2.967,3.177,3.557,3.767,3.437,3.127,3.087,2.637,2.156,2.005,1.729,1.207,1.043,0.938,0.567,0.301,0.399,0.238,0.014,0.084,0.15,0,0.108,0.392,0.434,0.528,0.934,1.144,1.155,1.417,1.669,1.505,1.48,1.673,1.491,1.295,1.456,1.463,1.333,1.547,1.932,1.995,2.208,2.847,3.167,3.267,3.687,3.897,3.617,3.567,3.587,3.177,2.857,2.987,2.847,2.647,2.817,3.007,2.827,2.957,3.277,3.217,3.167,3.567,3.747,3.737
15,-7.549,-7.71,-7.64,-7.255,-4.693,-0.213,3.605,6.895,9.695,12.325,11.705,9.095,7.155,5.425,3.925,2.955,2.209,1.474,1.159,1.145,1.068,1.117,1.607,1.943,1.992,2.279,2.478,2.247,1.995,2.086,1.747,1.348,1.306,1.113,0.728,0.581,0.567,0.259,0.039,0.172,0.056,-0.094,0,0.116,0,0.147,0.55,0.676,0.854,1.379,1.691,1.785,2.177,2.443,2.324,2.265,2.447,2.237,1.988,2.034,2.079,1.922,2.09,2.443,2.555,2.755,3.375,3.655,3.735,4.035,4.155,3.825,3.645,3.615,3.195,2.815,2.865,2.725,2.482,2.629,2.775,2.622,2.685,2.775,2.905,2.865,3.195,3.375,3.345
15,-8.683,-8.319,-7.703,-5.12,-0.682,3.179,6.559,9.309,11.459,11.239,8.599,6.509,5.019,3.619,2.429,1.709,1.236,0.655,0.515,0.718,0.746,0.893,1.414,1.708,1.789,2.109,2.339,2.029,1.729,1.849,1.498,1.096,1.113,0.928,0.571,0.455,0.515,0.203,0.011,0.2,0.13,0.141,0.074,0.161,0,0.126,0.564,0.56,0.651,1.117,1.351,1.351,1.687,1.939,1.779,1.809,2.079,1.939,1.749,1.959,2.039,1.879,2.079,2.489,2.529,2.719,3.379,3.609,3.629,4.029,4.219,3.839,3.799,3.879,3.489,3.159,3.349,3.239,3.029,3.239,3.449,3.249,3.399,3.789,3.739,3.699,4.159,4.429,4.399
15,-8.025,-7.584,-8.032,-8.109,-3.692,0.991,5.056,8.466,11.476,15.136,11.886,9.136,7.076,5.266,3.706,2.746,2.069,1.32,1.096,1.229,1.341,1.453,2.097,2.456,2.506,2.826,2.976,2.636,2.306,2.316,1.922,1.488,1.386,1.208,0.746,0.644,0.574,0.235,0.07,0.144,0.063,-0.164,0.053,0.158,0,0.203,0.599,0.728,0.879,1.418,1.677,1.733,1.988,2.216,1.971,1.866,2.076,1.866,1.663,1.785,1.887,1.768,2.03,2.446,2.566,2.786,3.456,3.696,3.696,3.976,4.086,3.636,3.476,3.456,3.056,2.726,2.876,2.816,2.616,2.826,3.026,2.876,2.986,3.306,3.296,3.246,3.706,3.976,4.026
13.9,-5.991,-6.684,1.121,7.858,13.528,18.688,23.398,24.248,19.758,15.848,12.548,9.728,7.528,5.558,3.921,2.752,1.863,0.988,0.526,0.281,-0.041,-0.258,-0.16,-0.055,-0.132,0.064,0.26,0.148,0.169,0.421,0.375,0.27,0.269,0.177,0.122,0.048,0.102,-0.074,-0.073,-0.102,-0.143,-0.115,0.02,0.05,0,0.188,0.473,0.57,0.781,1.189,1.439,1.546,1.845,2.102,1.963,1.893,1.983,1.826,1.628,1.723,1.862,1.807,1.929,2.428,2.692,2.817,3.549,3.767,3.797,4.108,4.258,3.905,3.693,3.667,3.268,2.929,3.02,2.95,2.769,2.964,3.186,3.084,3.175,3.469,3.445,3.364,3.725,3.921,3.877
13.9,-6.75,-7.436,-7.38,-7.247,-7.772,-1.808,2.926,7.006,10.326,13.456,15.586,12.006,9.216,6.806,4.826,3.356,2.217,1.132,0.425,0.152,-0.289,-0.597,-0.534,-0.555,-0.758,-0.597,-0.38,-0.443,-0.27,-0.114,-0.142,-0.097,-0.086,-0.163,-0.256,-0.215,-0.277,-0.308,-0.329,-0.165,-0.205,-0.28,-0.055,0.117,0,0.331,0.866,1.034,1.403,2.168,2.759,2.946,3.566,4.096,3.886,3.776,4.026,3.776,3.346,3.466,3.486,3.276,3.326,3.686,3.756,3.896,4.586,4.826,4.846,5.186,5.286,4.856,4.636,4.566,4.096,3.676,3.756,3.636,3.386,3.566,3.796,3.676,3.766,3.896,4.096,4.036,4.456,4.646,4.646
13.9,-7.663,-7.691,-7.236,-7.572,-5.738,-0.012,4.957,9.027,12.557,15.567,15.987,12.347,9.637,7.207,5.207,3.737,2.543,1.465,0.73,0.352,-0.019,-0.313,-0.278,-0.306,-0.432,-0.348,-0.124,-0.208,-0.177,-0.138,-0.03,-0.136,0.072,0.064,0.057,0.02,-0.067,-0.169,-0.177,-0.173,-0.132,-0.212,-0.018,0.054,0,0.24,0.599,0.736,1.084,1.755,2.177,2.425,2.957,3.487,3.337,3.247,3.537,3.297,2.897,3.047,3.117,2.887,2.987,3.307,3.377,3.537,4.197,4.467,4.537,4.887,4.987,4.607,4.387,4.337,3.847,3.437,3.487,3.357,3.127,3.297,3.507,3.397,3.497,3.837,3.797,3.737,4.107,4.287,4.227
13.9,-8.223,-8.37,-8.146,-7.565,-6.312,-0.999,3.609,7.489,10.829,13.749,13.789,10.349,7.869,5.619,3.789,2.449,1.563,0.527,-0.068,-0.187,-0.551,-0.775,-0.621,-0.516,-0.586,-0.404,-0.187,-0.278,-0.282,0.009,-0.077,-0.012,0.004,-0.103,-0.187,-0.217,0.012,-0.178,-0.35,-0.101,-0.107,-0.278,-0.084,0.128,0,0.214,0.676,0.805,0.945,1.577,1.915,1.937,2.279,2.579,2.379,2.229,2.439,2.249,1.959,2.179,2.249,2.109,2.399,2.849,2.959,3.199,3.879,4.199,4.209,4.519,4.589,4.139,3.929,3.939,3.499,3.129,3.359,3.299,3.139,3.409,3.699,3.619,3.739,4.169,4.189,4.139,4.649,4.939,4.999
12.7,-8.624,-8.099,-8.694,-4.753,-1.141,2.146,5.146,7.816,9.916,9.266,7.346,5.706,4.676,3.756,2.866,2.496,2.416,2.146,2.336,2.926,3.276,3.576,4.276,4.596,4.566,4.626,4.596,4.126,3.636,3.546,3.016,2.466,2.246,1.996,1.417,1.169,1.067,0.689,0.388,0.444,0.287,0.052,0.115,0.164,0,0.119,0.434,0.525,0.612,1.043,1.27,1.354,1.641,1.946,1.786,1.766,1.956,1.786,1.494,1.627,1.645,1.459,1.606,1.896,1.966,2.036,2.606,2.786,2.826,3.066,3.196,2.866,2.716,2.796,2.496,2.166,2.326,2.276,2.056,2.236,2.426,2.276,2.296,2.596,2.546,2.436,2.786,2.956,2.926
12.7,-6.993,-8.141,-8.19,-4.158,0.112,3.809,7.199,9.939,12.569,11.389,9.069,7.149,5.779,4.559,3.459,3.019,2.719,2.429,2.609,3.309,3.669,4.069,4.939,5.369,5.249,5.439,5.429,4.919,4.349,4.159,3.609,2.989,2.649,2.309,1.725,1.386,1.228,0.84,0.483,0.448,0.29,0.007,0.059,0.112,0,0.038,0.409,0.434,0.532,1.004,1.228,1.277,1.557,1.799,1.617,1.498,1.669,1.529,1.442,1.281,1.288,1.078,1.232,1.585,1.617,1.75,2.339,2.549,2.569,2.919,3.079,2.809,2.749,2.869,2.559,2.309,2.519,2.489,2.299,2.469,2.689,2.529,2.579,2.709,2.899,2.809,3.219,3.459,3.429
12.7,-7.92,-7.353,-7.836,-8.186,-6.982,-2.565,1.04,4.158,6.958,9.558,11.138,8.818,7.068,5.528,4.288,3.388,2.868,2.428,2.468,2.968,3.328,3.808,4.748,5.388,5.478,5.758,5.958,5.458,4.948,4.738,4.198,3.518,3.188,2.818,2.142,1.88,1.642,1.155,0.756,0.725,0.501,0.186,0.144,0.168,0,0.074,0.357,0.392,0.501,0.9,1.201,1.257,1.579,1.88,1.799,1.733,1.904,1.726,1.425,1.488,1.47,1.253,1.334,1.61,1.624,1.747,2.268,2.558,2.578,2.928,3.118,2.858,2.788,2.888,2.568,2.282,2.398,2.331,2.125,2.286,2.478,2.3,2.356,2.658,2.588,2.488,2.848,3.018,2.958
12.7,-8.057,-7.63,-6.776,-1.61,2.959,6.949,10.579,13.829,14.919,12.199,9.699,7.549,6.119,4.709,3.559,2.969,2.649,2.289,2.419,3.079,3.539,3.839,4.809,5.329,5.299,5.399,5.489,4.939,4.279,4.209,3.629,2.979,2.759,2.329,1.732,1.417,1.316,0.829,0.413,0.479,0.311,-0.014,0.056,0.112,0,0.168,0.528,0.675,0.808,1.417,1.802,1.981,2.409,2.759,2.679,2.519,2.709,2.519,2.169,2.279,2.319,2.079,2.269,2.649,2.699,2.859,3.579,3.839,3.899,4.319,4.519,4.209,4.189,4.359,4.039,3.789,4.049,4.049,3.849,4.109,4.419,4.259,4.379,4.809,4.809,5.069,5.229,5.439,5.349
12.7,-12.082,-11.228,-12.586,-12.439,-11.991,-9.464,-4.508,-0.03,3.73,7.38,10.49,11.2,9.1,7.13,5.35,4.4,3.78,3,2.9,3.45,3.83,4.17,5.18,5.93,5.93,6.27,6.49,5.95,5.34,5.35,4.66,3.9,3.71,3.32,2.54,2.2,2.1,1.45,1,1.07,0.74,0.33,0.32,0.16,0,0,0.16,0.36,0.27,0.79,1,0.9,1.18,1.56,1.33,1.32,1.63,1.47,1.18,1.39,1.49,1.22,1.52,1.92,1.93,2.17,3.02,3.41,3.54,4.06,4.33,3.96,3.83,3.96,3.49,3.01,3.21,3.06,2.75,2.94,3.21,2.96,3.03,3.46,3.39,3.24,3.73,3.94,3.85
12.7,-12.051,-12.009,-11.806,-10.882,-12.156,-10.497,-5.016,-0.32,3.81,7.65,10.98,13.07,10.62,8.43,6.51,5.27,4.58,3.81,3.55,4.1,4.44,4.96,6.18,6.9,7.04,7.4,7.63,6.93,6.24,6.22,5.45,4.59,4.32,3.87,3.04,2.56,2.45,1.79,1.2,1.22,0.93,0.43,0.41,0.39,0,0.02,0.13,0.3,0.22,0.67,0.84,0.78,1.1,1.4,1.21,1.13,1.44,1.3,1.25,1.11,1.13,0.85,0.96,1.32,1.28,1.42,2.12,2.38,2.47,2.91,3.21,2.93,2.91,3.14,2.82,2.49,2.8,2.77,2.53,2.78,3.1,2.94,3.03,3.48,3.43,3.28,3.8,4.03,3.93
12.7,-11.732,-11.767,-11.346999,-10.647,-11.963,-6.706,-2.541,1.04,4.35,7.45,10.44,8.32,6.78,5.3,3.93,3.25,2.88,2.4,2.41,3.14,3.44,3.87,4.98,5.63,5.65,5.85,6.06,5.47,4.97,4.8,4.19,3.48,3.25,2.87,2.19,1.87,1.77,1.22,0.74,0.87,0.58,0.19,0.24,0.11,0,0.21,0.36,0.37,0.36,0.82,1.05,1.03,1.37,1.81,1.64,1.61,1.92,1.74,1.73,1.63,1.63,1.35,1.46,1.82,1.74,1.86,2.6,2.88,2.96,3.42,3.72,3.43,3.4,3.62,3.25,2.9,3.19,3.15,2.9,3.17,3.48,3.31,3.43,3.93,3.88,3.78,4.31,4.55,4.44
12.7,-10.017,-9.569,-8.792,-9.87,-6.811,-1.967,2.291,5.691,8.771,11.971,11.921,9.341,7.571,5.921,4.511,3.731,3.411,2.971,3.051,3.981,4.601,5.181,6.341,7.051,7.101,7.361,7.411,6.731,5.961,5.761,4.991,4.141,3.841,3.351,2.531,2.151,2.031,1.411,0.931,0.991,0.661,0.238,0.238,0.129,0,0.042,0.329,0.35,0.35,0.831,1.071,1.051,1.361,1.721,1.571,1.481,1.781,1.621,1.591,1.481,1.481,1.251,1.361,1.741,1.751,1.861,2.641,2.951,3.001,3.511,3.771,3.481,3.421,3.621,3.251,2.901,3.181,3.111,2.851,3.151,3.461,3.251,3.371,3.841,3.781,3.671,4.181,4.451,4.351
16.9,-11.666,-11.071,-12.086,-12.114,-11.82,-12.0282,-12.128,-12.051,-11.68,-9.769,-6.913,-4.33,-1.5,1.07,3.55,4.69,4.57,4.3,4.55,5.46,6.02,6.66,7.85,8.62,8.79,8.82,8.64,7.39,5.94,5.15,3.66,2.21,1.56,0.84,-0.08,-0.44,-0.43,-0.89,-1.01,-0.64,-0.57,-0.75,-0.27,0.08,0,0.45,1.12,1.33,1.49,2.26,2.6,2.61,3.09,3.56,3.43,3.57,4.25,4.44,4.69,5.65,6.53,7.29,8.8,10.74,12.4,14.62,17.78,20.74,23.97,28.09,32.42,36.6,41.52,46.43,50.33,53.41,55.91,56.98,57.33,58.57,60.64,62.95,66.01,69.39,72.18,74.78,77.91,80.58,83
16.9,-12.091,-12.217,-11.937,-12.1627,-12.28,-12.217,-11.86,-11.125,-9.69,-6.323,-3.299,-0.55,2.63,5.41,6.75,6.77,7.13,7.4,8.14,9.73,10.86,12,13.82,15.11,15.47,15.68,15.38,13.54,11.35,9.81,7.53,5.32,4.02,2.84,1.4,0.74,0.46,-0.21,-0.6,-0.31,-0.39,-0.62,-0.28,0.06,0,0.37,1.08,1.24,1.42,2.17,2.5,2.57,3.08,3.58,3.48,3.73,4.37,4.61,4.83,5.77,6.58,7.25,8.61,10.33,11.74,13.54,16.22,18.53,20.84,23.93,26.81,29.1,31.74,34.03,35.16,35.6,36.36,36.9,37.94,40.45,43.46,46.24,49.7,53.6,56.81,60.04,64.36,68.25,71.69
16.9,-11.068,-10.214,-11.481,-11.439,-10.928,-10.088,-11.383,-9.57,-6.581,-3.382,-0.59,2.06,5.07,6.99,6.32,6.47,6.91,7.17,8,9.42,10.52,11.49,13.17,14.23,14.37,14.39,13.88,12.1,10.04,8.57,6.53,4.51,3.38,2.34,1.03,0.54,0.27,-0.29,-0.64,-0.36,-0.45,-0.55,-0.26,0.04,0,0.35,0.95,1.12,1.31,2.02,2.34,2.37,2.86,3.3,3.25,3.5,4.16,4.38,4.62,5.48,6.3,6.93,8.24,9.87,11.25,12.91,15.47,17.66,19.83,22.7,25.26,27.26,29.52,31.53,32.37,32.73,33.62,34.45,35.73,38.39,41.5,44.3,47.85,51.84,55.15,58.58,62.84,66.69,70.1
16.9,-11.18,-10.921,-10.431,-11.082,-11.285,-10.886,-8.849,-5.027,-1.478,2.17,5.44,7.85,9.8,9.09,8.62,8.86,9.61,10.16,11.3,13.06,14.43,15.64,17.66,18.96,19.06,19.05,18.42,16.08,13.38,11.49,8.76,6.2,4.77,3.31,1.75,1.01,0.64,-0.01,-0.5,-0.28,-0.39,-0.6,-0.26,0.06,0,0.36,1.01,1.25,1.47,2.14,2.51,2.56,3.09,3.54,3.48,3.72,4.4,4.62,4.81,5.72,6.51,7.07,8.27,9.79,10.93,12.33,14.44,15.97,17.27,19.03,20.35,20.83,21.47,22.04,21.8,21.74,22.85,24.11,25.65,28.31,31.21,33.68,36.86,40.77,44.08,47.59,52.3,56.43,60.18
7,-10.267,-10.82,-10.89,-10.848,-10.057,-7.46,-2.63,1.38,4.92,8.43,11.17,11.26,9.21,7.43,5.89,5.1,4.74,4.36,4.57,5.4,6.13,6.72,8,8.62,8.64,8.73,8.65,7.71,6.8,6.44,5.53,4.63,4.18,3.63,2.86,2.35,2.12,1.52,1.03,1.02,0.68,0.29,0.3,0.27,0,0.05,0.18,0.35,0.33,0.78,1.03,0.98,1.25,1.53,1.36,1.26,1.51,1.31,0.98,1.1,1.11,0.81,0.9,1.17,1.11,1.15,1.7,1.9,1.88,2.25,2.42,2.17,2.17,2.15,2.21,2.35,2.46,2.59,2.47,2.83,3.23,3.15,3.31,3.77,3.75,3.66,4.15,4.38,4.32
7,-9.555,-10.269,-10.22,-10.08,-9.345,-8.743,-3.591,0.738,4.488,8.018,11.148,13.068,10.678,8.648,6.838,5.748,5.238,4.768,4.838,5.608,6.278,6.948,8.208,8.988,9.048,9.238,9.148,8.318,7.338,6.948,6.048,5.008,4.598,4.028,3.188,2.678,2.398,1.818,1.208,1.158,0.858,0.368,0.348,0.318,0,0.049,0.122,0.258,0.182,0.588,0.688,0.618,0.868,1.088,0.908,0.788,1.028,0.808,0.508,0.598,0.608,0.348,0.418,0.498,0.628,0.628,1.168,1.348,1.328,1.668,1.878,1.678,1.668,1.698,1.788,1.648,2.018,2.138,2.068,2.438,2.808,2.718,2.868,3.328,3.328,3.248,3.728,3.958,3.938
7,-9.359,-9.38,-9.051,-9.072,-4.053,-0.049,3.531,6.481,9.271,12.201,9.761,7.731,6.491,5.421,4.521,4.231,4.291,4.291,4.721,5.791,6.551,7.281,8.381,8.821,8.751,8.721,8.391,7.541,6.601,6.181,5.351,4.491,4.021,3.521,2.781,2.331,1.991,1.531,1.025,0.973,0.689,0.346,0.276,0.28,0,0.038,0.128,0.252,0.22,0.563,0.682,0.637,0.878,1.043,0.861,0.763,0.959,0.742,0.511,0.623,0.605,0.36,0.437,0.714,0.696,0.749,1.231,1.391,1.411,1.711,1.851,1.641,1.651,1.661,1.721,1.611,1.931,2.051,1.981,2.341,2.621,2.591,2.701,2.851,3.081,3.031,3.451,3.701,3.681
7,-9.425,-10.069,-10.034,-9.999,-9.292,-4,0.326,3.967,7.237,10.397,13.007,10.287,8.477,6.857,5.457,4.767,4.467,3.967,4.067,4.757,5.137,5.507,6.447,6.957,6.867,6.957,6.997,6.247,5.617,5.427,4.757,3.977,3.647,3.207,2.527,2.077,1.917,1.327,0.847,0.827,0.547,0.147,0.193,0.259,0,0.074,0.427,0.467,0.507,1.017,1.327,1.307,1.707,2.077,1.937,1.907,2.167,1.977,1.647,1.797,1.757,1.527,1.607,1.867,1.807,1.877,2.447,2.597,2.607,2.937,3.117,2.807,2.787,3.057,2.797,2.607,3.007,3.087,2.967,3.357,3.727,3.627,3.787,4.277,4.247,4.497,4.647,4.847,4.747
50.6,-9.558,-9.096,-7.682,-5.519,-2.187,0.851,3.459,5.829,8.509,6.819,5.329,4.019,3.359,2.809,2.269,2.339,2.569,2.709,3.189,4.029,4.519,4.839,5.549,5.849,5.679,5.599,5.469,4.809,4.219,3.969,3.359,2.709,2.349,1.929,1.249,0.889,0.665,0.235,-0.175,-0.122,-0.248,-0.486,-0.297,-0.094,0,0.256,0.949,1.339,1.659,2.469,2.939,3.049,3.419,3.609,3.299,3.019,3.109,2.819,2.539,2.799,3.019,3.179,3.839,4.799,5.509,6.269,7.649,8.389,8.639,9.129,9.139,8.289,7.619,7.089,5.949,4.899,4.459,3.769,3.039,2.789,2.639,2.219,2.039,2.229,2.139,1.969,2.349,2.589,2.569
50.6,-8.064,-8.813,-4.774,-1.099,1.887,4.657,7.177,9.857,7.907,6.337,4.897,3.627,3.047,2.417,1.907,1.907,2.027,2.087,2.297,2.957,3.357,3.587,4.167,4.367,4.137,4.107,4.007,3.487,3.037,2.907,2.447,1.877,1.627,1.26,0.731,0.462,0.336,-0.084,-0.347,-0.277,-0.41,-0.564,-0.34,-0.109,0,0.42,1.144,1.578,2.047,2.957,3.597,3.817,4.197,4.537,4.267,4.047,4.117,3.877,3.577,3.857,4.127,4.347,4.987,6.037,6.797,7.627,8.997,9.797,9.937,10.347,10.237,9.237,8.437,7.767,6.567,5.407,4.907,4.227,3.467,3.187,3.027,2.587,2.427,2.577,2.417,2.277,2.637,2.817,2.807
50.6,-9.037,-10.045,-10.108,-9.205,-5.194,-1.547,1.569,4.239,6.629,8.809,6.829,5.169,4.199,3.299,2.499,2.249,2.229,2.189,2.459,3.229,3.629,3.959,4.799,5.179,4.989,5.159,5.139,4.569,3.979,3.859,3.279,2.599,2.309,1.919,1.309,0.949,0.779,0.329,-0.077,-0.032,-0.203,-0.434,-0.242,-0.046,0,0.349,1.039,1.439,1.809,2.749,3.319,3.499,3.949,4.319,3.979,3.729,3.879,3.559,3.229,3.459,3.699,3.749,4.369,5.349,6.089,6.849,8.329,9.199,9.519,10.129,10.229,9.379,8.719,8.179,6.979,5.789,5.309,4.559,3.769,3.489,3.319,2.819,2.639,2.849,2.709,2.549,2.929,3.159,3.139
50.6,-9.173,-9.887,-10.146,-5.54,-2.299,0.55,3.273,5.523,8.113,6.303,4.803,3.543,2.883,2.263,1.793,1.813,2.073,2.203,2.633,3.483,3.923,4.273,4.903,5.153,4.843,4.803,4.733,4.133,3.513,3.363,2.823,2.093,1.843,1.473,0.893,0.578,0.375,-0.059,-0.406,-0.343,-0.42,-0.574,-0.353,-0.084,0,0.445,1.243,1.753,2.173,3.103,3.713,3.883,4.303,4.583,4.233,3.943,4.043,3.723,3.413,3.693,4.013,4.173,4.893,6.023,6.853,7.733,9.303,10.163,10.383,10.853,10.793,9.803,8.933,8.243,6.953,5.723,5.243,4.483,3.673,3.423,3.293,2.793,2.643,2.863,2.733,2.593,3.023,3.253,3.223
63.2,-7.933,-3.904,0.707,5.263,9.763,13.713,15.903,15.583,13.553,11.073,8.713,6.763,5.213,3.933,2.973,2.251,1.694,1.381,1.339,1.361,1.37,1.525,1.755,1.861,1.906,1.916,1.783,1.573,1.407,1.203,0.902,0.681,0.464,0.208,-0.029,-0.145,-0.319,-0.474,-0.528,-0.503,-0.508,-0.423,-0.276,-0.149,0,0.273,0.535,0.797,1.137,1.535,1.87,2.253,2.643,2.933,3.183,3.533,3.863,4.173,4.613,5.183,5.763,6.503,7.443,8.373,9.333,10.413,11.373,11.943,12.203,12.093,11.443,10.463,9.463,8.353,7.243,6.363,5.673,5.083,4.673,4.453,4.283,4.203,4.243,4.303,4.433,4.663,5.023,5.263,5.463
63.2,-8.328,-8.77,-9.1944,-7.9177,-4.697,-0.379,3.889,8.249,11.839,13.579,12.749,10.739,8.489,6.459,4.849,3.639,2.619,1.869,1.479,1.242,1.054,1.054,1.17,1.289,1.449,1.669,1.679,1.599,1.539,1.429,1.143,0.924,0.727,0.43,0.155,-0.007,-0.214,-0.431,-0.489,-0.469,-0.5,-0.43,-0.265,-0.146,0,0.287,0.567,0.83,1.219,1.659,2.019,2.439,2.919,3.289,3.619,4.059,4.429,4.709,5.119,5.619,6.089,6.719,7.599,8.499,9.489,10.699,11.909,12.839,13.559,13.929,13.659,12.969,12.079,10.919,9.619,8.499,7.569,6.699,6.099,5.759,5.499,5.279,5.279,5.309,5.439,5.679,6.059,6.269,6.429
63.2,-5.546,-6.058667,-6.159,-6.4847,-5.8019,-3.352,1.544,6.803,12.083,16.833,19.733,19.803,17.333,14.253,11.373,9.023,7.113,5.613,4.583,3.788,3.21,2.903,2.768,2.654,2.664,2.834,2.912,2.931,2.947,2.908,2.688,2.448,2.179,1.801,1.392,1.058,0.716,0.41,0.233,0.13,-0.003,-0.068,-0.054,-0.048,0,0.136,0.289,0.453,0.727,1.029,1.271,1.536,1.872,2.114,2.345,2.609,2.85,3.023,3.304,3.708,4.143,4.733,5.563,6.493,7.573,8.883,10.213,11.273,12.073,12.463,12.233,11.493,10.503,9.253,7.913,6.753,5.803,4.983,4.403,4.043,3.754,3.576,3.564,3.576,3.58,3.685,3.894,4.023,4.113
63.2,-6.122997,-6.07533,-6.4055,-6.6576,-5.4733,-2.002,3.417,9.01,14.77,19.58,21.91,20.94,18.08,14.81,11.87,9.49,7.49,5.95,4.87,4.08,3.384,2.955,2.807,2.763,2.739,2.748,2.773,2.871,2.96,2.938,2.733,2.49,2.199,1.796,1.393,1.084,0.756,0.435,0.221,0.091,-0.026,-0.05,-0.026,-0.031,0,0.155,0.303,0.441,0.633,0.889,1.097,1.338,1.62,1.83,2.013,2.264,2.513,2.704,3.005,3.413,3.864,4.48,5.37,6.35,7.47,8.83,10.21,11.3,12.12,12.53,12.28,11.52,10.52,9.29,7.97,6.85,5.94,5.16,4.61,4.3,4.07,3.9,3.9,3.92,3.99,4.14,4.39,4.54,4.66
0.8,-5.39,-5.894,-6.146,-5.929,-2.506,2.247,6.247,9.817,12.517,15.487,14.457,11.687,9.717,7.997,6.217,5.387,4.747,3.64,3.402,3.241,3.269,3.143,3.493,3.853,3.818,4.487,4.477,4.245,4.249,4.028,3.685,3.122,3.017,2.548,1.788,1.494,1.449,0.962,0.619,0.56,0.339,0.248,0.255,0.241,0,0.052,0.325,0.336,0.203,0.668,0.5,0.619,0.689,0.767,0.92,0.84,0.99,1.057,0.752,0.759,0.681,0.591,0.619,0.64,0.672,0.675,0.952,0.717,0.94,1.015,0.959,0.877,0.882,0.863,0.829,0.797,0.98,1.245,1.301,1.7,2.023,2.03,2.602,2.688,2.712,2.926,3.103,3.257,3.496
0.8,-6.132,-1.631,4.123,9.171,13.361,17.181,20.401,18.881,15.691,12.981,10.531,8.481,6.781,5.561,4.251,3.374,2.905,2.317,1.883,2.086,1.792,2.03,2.31,2.422,2.636,2.912,2.901,2.688,2.411,2.443,2.054,1.603,1.508,1.295,0.906,0.742,0.605,0.357,0.112,0.185,0.115,-0.049,-0.014,-0.013,0,0.01,0.5,0.287,0.49,0.826,0.969,1.316,1.305,1.464,1.662,1.571,1.59,1.613,1.512,1.473,1.673,1.193,1.361,1.515,1.302,1.487,1.624,1.666,1.659,1.683,1.699,1.563,1.839,1.648,1.574,1.841,1.858,1.974,2.215,2.334,2.665,2.677,2.877,3.071,3.089,3.294,3.509,3.509,3.465
0.8,-5.402,-4.569,-5.458,-4.702,-3.19,0.968,4.566,7.466,10.016,12.366,12.386,9.896,8.096,6.506,5.166,4.132,3.67,2.795,2.242,2.396,2.06,1.969,2.088,2.326,2.214,2.62,2.651,2.427,2.371,2.632,2.095,1.799,1.86,1.531,1.12,0.793,0.905,0.46,0.271,0.168,0.089,0.054,0.026,0.018,0,0.075,0.169,0.22,0.373,0.492,0.634,0.748,0.886,1.062,1.151,1.183,1.23,1.149,1.097,1.087,1.127,1.015,0.941,1.08,1.186,1.154,1.415,1.512,1.535,1.545,1.694,1.666,1.676,1.661,1.684,1.538,1.762,1.908,1.991,2.182,2.448,2.725,2.807,3.024,3.008,3.138,3.481,3.507,3.467
0.8,-5.467,-5.313,-4.648,-5.229,-4.41,-2.275,2.317,6.255,9.585,12.805,15.275,14.345,11.745,9.605,7.595,6.265,5.505,4.039,3.43,3.017,2.73,1.974,2.268,1.739,1.743,1.463,1.767,1.533,1.696,1.839,1.538,1.402,1.414,1.272,0.742,0.775,0.6,0.238,0.115,0.238,0.077,0.18,0.203,0.203,0,0.08,0.188,0.334,0.338,0.446,0.894,0.812,0.917,1.102,1.129,1.055,1.244,1.113,1.034,1.155,1.006,0.803,0.85,0.88,1.092,0.854,1.172,1.169,1.22,1.26,1.279,1.153,1.202,1.025,1.167,1.065,1.346,1.473,1.526,1.829,2.198,2.436,2.49,2.865,2.945,2.826,3.659,3.393,3.836
0,-5.355,-5.313,-5.215,-2.198,3.087,7.576,11.316,14.566,17.306,16.516,13.366,10.686,8.796,7.156,5.606,4.711,3.948,3.01,2.478,2.247,1.736,1.267,1.288,0.941,0.563,0.682,0.483,0.329,0.241,0.311,0.199,0.052,-0.028,-0.012,-0.214,-0.172,-0.042,-0.197,-0.303,-0.271,-0.267,-0.195,-0.146,-0.06,0,0.143,0.222,0.369,0.507,0.673,0.756,0.847,0.934,1.055,1.021,0.931,1.016,0.968,0.795,0.817,0.86,0.835,0.811,0.976,1.054,0.948,1.137,1.233,1.105,1.145,1.22,1.193,1.083,1.308,1.425,1.362,1.666,1.921,1.984,2.217,2.572,2.831,2.998,3.362,3.425,3.503,3.915,4.174,4.305
0.1,-4.926,-4.793,-3.96,-4.961,-0.649,3.999,7.976,11.546,14.476,18.036,14.676,11.746,9.506,7.536,5.866,4.685,3.74,2.732,2.109,1.696,1.164,0.786,0.632,0.373,0.142,0.037,0.016,-0.222,-0.271,-0.117,-0.264,-0.369,-0.25,-0.278,-0.404,-0.418,-0.38,-0.352,-0.345,-0.114,-0.079,-0.121,-0.047,0.012,0,-0.004,0.137,0.215,0.391,0.582,0.781,0.964,1.168,1.357,1.447,1.553,1.703,1.728,1.7,1.67,1.699,1.646,1.617,1.75,1.838,1.69,1.913,2.078,2.022,2.065,2.289,2.129,1.925,2.061,2.096,1.942,2.145,2.311,2.341,2.507,2.847,3.101,3.301,3.631,3.694,3.721,4.025,4.148,4.111
0.2,-4.481,-5.174,-5.23,-4.859,-4.376,-5.048,-3.081,1.973,6.322,10.072,13.352,16.122,16.822,13.812,11.292,9.472,8.082,6.602,5.602,5.095,4.227,3.415,3.198,2.669,2.022,1.899,1.763,1.255,1.028,1.042,0.835,0.597,0.688,0.552,0.317,0.328,0.212,0.132,0.072,0.274,0.305,0.221,0.076,0.067,0,0.163,0.331,0.31,0.412,0.688,0.663,0.793,1.053,1.24,1.195,1.302,1.396,1.378,1.351,1.297,1.331,1.195,1.169,1.332,1.318,1.431,1.484,1.59,1.532,1.68,1.84,1.797,1.899,1.962,1.997,1.891,2.232,2.452,2.501,2.754,3.19,3.457,3.697,4.138,4.271,4.339,4.754,4.979,4.985
0.3,-5.67,-5.348,-5.6035,-5.635,-5.761,-2.303,2.415,6.348,9.808,12.918,15.598,14.568,12.058,9.888,8.018,6.738,5.808,4.683,4.032,3.71,3.017,2.415,2.233,1.897,1.365,1.235,1.102,0.672,0.574,0.602,0.427,0.178,0.318,0.322,0.052,-0.04,0.126,-0.056,-0.075,-0.148,-0.199,-0.216,0,0.089,0,0.262,0.429,0.417,0.574,0.891,1.076,1.13,1.419,1.66,1.567,1.623,1.834,1.739,1.733,1.676,1.684,1.507,1.514,1.743,1.718,1.826,1.868,1.974,1.824,1.975,2.097,1.96,1.874,2.007,2.117,2.077,2.446,2.865,2.891,3.258,3.603,3.635,3.904,4.329,4.394,4.489,4.928,5.178,5.248
