sample_id,concentration_ppb,source_file,Ip_corr,Ep,Area_peak,Peak_to_bg,Slope_rise,Slope_fall,Symmetry,dIdE_max,d2IdE2_max,Mean,Var,Skew,Kurtosis,Energy
0ppb_S1,0,Ac TW  0ppb.xlsx,3.046,-0.0833,0.44059737,2.345313992,6.498965585,-51.56862745,-0.126025568,26.30392157,744.9058055,1.787192,0.256199019,0.980720952,3.161942961,86.2563566
0ppb_S2,0,Ac TW  0ppb.xlsx,2.655,-0.0833,0.41495074,2.036042945,4.941242415,-45.08823529,-0.109590504,26.29411765,761.7262591,1.680248,0.14977578,0.923843928,3.518208511,74.32522804
0ppb_S3,0,Ac TW  0ppb.xlsx,2.4266,-0.0833,0.31548698,2.774779308,6.061659958,-40.41176471,-0.149997408,24.39215686,647.8277586,1.282128,0.233507232,1.001469252,2.795888909,46.933986
0ppb_S4,0,Ac TW  0ppb.xlsx,3.2844,-0.0833,0.45823589,2.795614722,8.670027548,-54.51960784,-0.15902586,27.76470588,1095.251826,1.856288,0.406883923,0.713464792,2.597422187,96.31722656
0ppb_S5,0,Ac TW  0ppb.xlsx,2.1286,-0.0833,0.20706874,8.023974668,7.590789012,-35.76470588,-0.212242456,24.25490196,632.9296424,0.844088,0.346479911,0.835862393,2.341701657,26.47411156
0ppb_S6,0,Ac TW  0ppb.xlsx,2.3676,-0.0833,0.25191928,5.617348391,7.953064219,-39.11764706,-0.203311416,25.18627451,579.5847751,1.02576,0.366571338,0.776296312,2.376911684,35.46887288
0ppb_S7,0,Ac TW  0ppb.xlsx,2.2854,-0.0833,0.27182278,3.614995255,6.28222996,-37.60784314,-0.167045739,24.00980392,583.4294502,1.105832,0.247414505,0.981126708,2.779107056,36.75697292
0ppb_S8,0,Ac TW  0ppb.xlsx,2.5342,-0.0833,0.28464471,4.688448161,7.927438223,-42.28431373,-0.187479411,26.95098039,677.6239908,1.157448,0.367938554,0.843868588,2.52980017,42.69061068
0ppb_S9,0,Ac TW  0ppb.xlsx,1.9312,-0.0833,0.23792419,3.246805649,4.353867313,-29.42156863,-0.147982161,23.59803922,622.8373702,0.968064,0.134999023,1.09799573,3.431730325,26.80367328
0ppb_S10,0,Ac TW  0ppb.xlsx,2.5536,-0.0833,0.41876187,1.996247655,4.847971431,-44.59803922,-0.10870369,25.03921569,525.2787389,1.693056,0.123901816,0.477008685,3.44155143,74.75851088
0ppb_S11,0,Ac TW  0ppb.xlsx,2.4306,-0.0833,0.37738626,2.585414628,6.121491311,-40.91176471,-0.149626675,19.90196078,502.2106882,1.52448,0.179036144,0.048467211,2.584346784,62.57688536
0ppb_S12,0,Ac TW  0ppb.xlsx,2.0958,-0.0833,0.30126981,2.452260601,4.222038716,-32.89215686,-0.128360044,21.79411765,509.4194541,1.222248,0.113507716,0.903609691,3.46921574,40.18494724
0ppb_S13,0,Ac TW  0ppb.xlsx,2.1606,-0.0833,0.24317669,4.205793039,6.510763412,-35.85294118,-0.181596354,22.2745098,617.0703576,0.989648,0.26164729,0.920776928,2.531566044,31.02626136
0ppb_S14,0,Ac TW  0ppb.xlsx,3.2596,-0.0833,0.47963237,2.47622231,7.468830697,-58.17647059,-0.128382327,27.31372549,701.6532103,1.940128,0.315007475,0.791908385,3.07244449,101.9776033
0ppb_S15,0,Ac TW  0ppb.xlsx,2.536,-0.0833,0.3878798,2.505037734,5.867273646,-41.16666667,-0.142524866,21.79411765,593.041138,1.5684,0.174358576,0.259623586,2.984279737,65.8559284
0ppb_S16,0,Ac TW  0ppb.xlsx,2.321,-0.0833,0.33400928,2.618811211,5.47380962,-37.2745098,-0.146851284,20.80392157,499.3271819,1.35328,0.15973855,0.594320516,2.903754962,49.77763272
0ppb_S17,0,Ac TW  0ppb.xlsx,2.5204,-0.0833,0.3281678,3.363762545,6.782457515,-41.18627451,-0.164677616,23.28431373,435.8900423,1.329968,0.257892089,0.727601718,2.761973944,50.66767424
0ppb_S18,0,Ac TW  0ppb.xlsx,2.8194,-0.0833,0.49283545,1.902531851,5.097301902,-47.52941176,-0.107245213,32.2745098,562.283737,1.989136,0.136537039,-0.264501171,3.887671922,102.3299766
0ppb_S19,0,Ac TW  0ppb.xlsx,3.1198,-0.0833,0.44873421,2.769217113,8.096106133,-51.51960784,-0.157146113,24.74509804,590.1576317,1.81636,0.328911002,0.487204477,2.586981366,90.70186628
0ppb_S20,0,Ac TW  0ppb.xlsx,3.4582,-0.0833,0.5187177,2.395074383,7.777120045,-60.28431373,-0.129007358,29.61764706,677.1434064,2.09836,0.329389603,0.707244756,3.080368285,118.3126073
0ppb_S21,0,Ac TW  0ppb.xlsx,2.276,-0.0833,0.30596061,3.364276001,6.361894489,-38.95098039,-0.163330792,20.59803922,546.4244521,1.238,0.210775594,0.576410304,2.673839883,43.58548984
0ppb_S22,0,Ac TW  0ppb.xlsx,3.5886,-0.0833,0.66096587,1.618527873,5.486854066,-62.49019608,-0.087803438,47.94117647,561.3225682,2.6684,0.167494416,-0.127703145,4.133167332,182.1963244
0ppb_S23,0,Ac TW  0ppb.xlsx,3.3494,-0.0833,0.46347248,3.429232533,10.17119443,-58.6372549,-0.173459594,25.32352941,590.1576317,1.873216,0.497364054,0.359231973,2.306599116,100.1575559
0ppb_S24,0,Ac TW  0ppb.xlsx,2.7174,-0.0833,0.39153449,2.868876689,7.044425855,-44,-0.160100588,22.85294118,578.1430219,1.584448,0.249868641,0.398482746,2.664596851,69.00860264
100ppb_S1,100,Ac TW 100ppb.xlsx,20.448,-0.1956,2.83582922,3.160510925,167.5769916,-144.9432348,-1.156156008,214.9019608,3316.032295,11.228816,35.03475853,0.176043352,1.619234166,4028.026682
100ppb_S2,100,Ac TW 100ppb.xlsx,20.136,-0.2058,2.87191568,2.807209297,168.484492,-137.9522532,-1.221324684,197.5490196,3037.293349,11.378624,33.13346902,0.106699504,1.616317368,4065.163829
100ppb_S3,100,Ac TW 100ppb.xlsx,18.903,-0.1956,2.64074954,3.140450558,154.4326752,-134.4164633,-1.148911907,200.0980392,3001.730104,10.456752,29.85555782,0.16249863,1.618472601,3479.980505
100ppb_S4,100,Ac TW 100ppb.xlsx,19.182,-0.1956,2.9131825,2.818229901,143.9819005,-124.8745853,-1.153012041,172.745098,2950.788158,11.56544,25.15120625,0.068452565,1.685908251,3972.765216
10ppb_S1,10,Ac TW 10ppb.xlsx,3.617,-0.1751,0.72236284,1.909472928,17.60615303,-6.561497326,-2.683252336,40.24509804,855.9207997,2.90108,0.408758534,-0.896162581,2.824709716,220.6255925
10ppb_S2,10,Ac TW 10ppb.xlsx,3.456,-0.2058,0.68364695,1.711874146,18.01925134,-7.487754674,-2.406495955,42.50980392,826.1245675,2.745608,0.270935173,-0.78802854,3.171833119,195.2324616
10ppb_S3,10,Ac TW 10ppb.xlsx,3.824,-0.0833,0.76011392,1.976513397,8.711038759,-69.05882353,-0.126139403,41.50980392,816.5128797,3.0532,0.46827529,-1.028076506,3.035455341,244.7576382
10ppb_S4,10,Ac TW 10ppb.xlsx,3.615,-0.0833,0.7208317,2.004769299,8.331992336,-65.03921569,-0.128107208,38.50980392,838.1391772,2.895176,0.447612868,-0.95870559,2.848199074,220.7414235
10ppb_S5,10,Ac TW 10ppb.xlsx,2.5114,-0.0833,0.46410331,2.991756409,8.379653269,-45.59803922,-0.183772228,23.60784314,655.9976932,1.861328,0.370740876,-0.853247592,2.275961226,95.88207
10ppb_S6,10,Ac TW 10ppb.xlsx,2.7614,-0.0833,0.50574415,3.078072053,9.70009607,-50.92156863,-0.190490912,24.5,733.3717801,2.028328,0.480080236,-0.741961424,2.064518004,114.8548678
10ppb_S7,10,Ac TW 10ppb.xlsx,2.7328,-0.1751,0.52813963,2.356918619,15.57736285,-5.31989579,-2.928133081,24.56862745,703.0949635,2.11844,0.344254736,-0.840555713,2.380183067,120.8010692
10ppb_S8,10,Ac TW 10ppb.xlsx,2.7254,-0.0833,0.5102364,2.721154998,8.883093012,-49.60784314,-0.179066302,22.78431373,541.6186082,2.04696,0.411305274,-0.770860069,2.180420571,115.0337629
10ppb_S9,10,Ac TW 10ppb.xlsx,2.2822,-0.1956,0.42611758,2.238767903,14.5455231,-6.059048448,-2.400628288,22.40196078,647.8277586,1.708416,0.1949304,-0.663214243,2.66568151,77.84039072
10ppb_S10,10,Ac TW 10ppb.xlsx,2.5254,-0.2058,0.47380223,1.953494848,15.79518717,-6.161357148,-2.56358896,28.58823529,600.2499039,1.900128,0.18084918,-0.628974984,2.987651325,94.78338992
10ppb_S11,10,Ac TW 10ppb.xlsx,2.716,-0.1956,0.51107378,2.559366755,18.41203894,-5.397687014,-3.411097919,24.15686275,659.8423683,2.048432,0.355678345,-0.842860611,2.533341128,113.7938001
10ppb_S12,10,Ac TW 10ppb.xlsx,2.9216,-0.1956,0.54326671,2.285571236,19.25407925,-6.992533415,-2.753519806,29.44117647,752.1145713,2.176888,0.318017869,-0.804983291,2.903702165,126.4214808
10ppb_S13,10,Ac TW 10ppb.xlsx,2.343,-0.0833,0.43368969,2.331064947,5.573044221,-40.39215686,-0.137973425,21.99019608,636.7743176,1.74304,0.193337088,-0.968165422,2.990489499,80.78813824
10ppb_S14,10,Ac TW 10ppb.xlsx,3.4626,-0.1956,0.6943576,1.807315698,18.50390786,-7.543779539,-2.452869647,43.09803922,613.7062668,2.785376,0.330859505,-1.041405421,3.443029764,202.2294742
10ppb_S15,10,Ac TW 10ppb.xlsx,3.0254,-0.0833,0.58517711,2.238715406,7.675207401,-54.18627451,-0.141644862,30.62745098,668.012303,2.348728,0.352323603,-1.052569281,2.997514514,146.7211705
10ppb_S16,10,Ac TW 10ppb.xlsx,3.333,-0.1751,0.67055016,1.938196367,16.46086508,-6.003907857,-2.741691823,38.26470588,574.7789312,2.691392,0.368165848,-1.012676293,3.064255322,190.2939186
10ppb_S17,10,Ac TW 10ppb.xlsx,2.9802,-0.2058,0.5969816,1.962310367,19.44991087,-3.556250798,-5.469217999,34.80392157,643.502499,2.3966,0.283344368,-1.175408084,3.680094041,150.6758982
10ppb_S18,10,Ac TW 10ppb.xlsx,2.8954,-0.1956,0.56255217,2.093564714,17.30385301,-5.928983276,-2.91851945,31.16666667,761.7262591,2.2566,0.295410093,-0.919794202,2.963776413,134.6913413
10ppb_S19,10,Ac TW 10ppb.xlsx,3.2468,-0.1956,0.64913538,2.016495665,19.01679693,-5.299271064,-3.588568446,36.44117647,761.7262591,2.605016,0.370498323,-1.042669004,3.150447603,178.9151671
10ppb_S20,10,Ac TW 10ppb.xlsx,3.5984,-0.0833,0.73045438,1.882599142,7.75604674,-65.18627451,-0.11898282,43.34313725,630.5267205,2.932352,0.39454891,-1.201976249,3.582106832,224.830929
10ppb_S21,10,Ac TW 10ppb.xlsx,2.6662,-0.2058,0.52042208,2.10069335,18.91497326,-3.032149362,-6.238140342,29.89215686,630.5267205,2.088576,0.244693591,-1.149339775,3.682085609,115.1710825
10ppb_S22,10,Ac TW 10ppb.xlsx,5.955,-0.0833,0.9253572,3.569031237,20.58445554,-106.6078431,-0.193085752,37.8627451,630.0461361,3.723584,1.876312557,-0.327699232,1.99858996,393.534759
10ppb_S23,10,Ac TW 10ppb.xlsx,3.712,-0.1751,0.73959298,1.964270595,18.78095601,-7.886877828,-2.381291611,42.15686275,679.5463283,2.967032,0.459388437,-0.983106914,3.039784087,231.5666832
10ppb_S24,10,Ac TW 10ppb.xlsx,3.5064,-0.1751,0.71159549,1.944370508,17.55763998,-6.013368984,-2.91976761,40.25490196,613.2256824,2.856088,0.422825875,-1.04082761,3.090144182,214.5016135
12ppb_S1,12,Ac TW 12ppb.xlsx,4.1188,-0.1751,0.84797324,1.782042851,18.92290973,-8.003359386,-2.364370862,51,660.8035371,3.403904,0.483433632,-1.117782218,3.393881319,301.7499018
12ppb_S2,12,Ac TW 12ppb.xlsx,3.2352,-0.1751,0.62606368,2.298576179,17.92640242,-6.380227616,-2.809680704,30.92156863,653.5947712,2.51148,0.46499048,-0.828856884,2.43651546,169.3130568
12ppb_S3,12,Ac TW 12ppb.xlsx,3.8428,-0.1751,0.73702343,2.205666269,20.53714741,-9.993966817,-2.054954532,37.65686275,786.2360631,2.95488,0.59415129,-0.765155813,2.377863639,233.1366776
12ppb_S4,12,Ac TW 12ppb.xlsx,3.1334,-0.1751,0.58837492,2.754976437,19.20194039,-5.851021527,-3.281809903,26.06862745,745.3863899,2.359584,0.5562288,-0.784369399,2.234328191,153.0966363
150ppb_S1,150,Ac TW 150ppb.xlsx,29.987,-0.1956,4.15985252,2.977547503,239.3632936,-222.896995,-1.073874027,305.6862745,4541.522491,16.464456,78.70133201,0.112772245,1.617551403,8744.491085
150ppb_S2,150,Ac TW 150ppb.xlsx,27.911,-0.2058,3.88428384,2.817335024,235.1504456,-196.4951307,-1.196724035,275.9803922,4200.307574,15.378552,66.88058071,0.103548199,1.610659062,7584.511058
150ppb_S3,150,Ac TW 150ppb.xlsx,27.728,-0.2058,3.83864474,2.8898746,239.0078431,-196.26615,-1.217774146,282.745098,3700.499808,15.187952,67.56163792,0.088406974,1.607561304,7455.888097
150ppb_S4,150,Ac TW 150ppb.xlsx,28.456,-0.1956,3.98889362,3.031284354,227.391197,-212.3275213,-1.07094547,279.8039216,4238.754325,15.783216,70.20298687,0.08356087,1.612734425,7982.822354
15ppb_S1,15,Ac TW 15ppb.xlsx,4.287,-0.1853,0.80017378,2.26451572,25.97694045,-12.35003232,-2.103390483,41.31372549,967.8969627,3.205528,0.718485603,-0.648392284,2.499827905,274.847384
15ppb_S2,15,Ac TW 15ppb.xlsx,4.495,-0.2058,0.82699644,1.880879055,26.86203209,-15.15937894,-1.771974445,52.3627451,898.2122261,3.3124,0.60141783,-0.301395028,2.503276526,289.3352898
15ppb_S3,15,Ac TW 15ppb.xlsx,4.144,-0.1751,0.76283346,2.207072859,22.85746951,-13.9379542,-1.639944369,40.7745098,964.0522876,3.05536,0.637756182,-0.510020472,2.389699806,249.3245228
15ppb_S4,15,Ac TW 15ppb.xlsx,4.428,-0.1751,0.80550622,2.194686757,24.31445482,-16.46455505,-1.4767757,43.75490196,999.6155325,3.225088,0.725478285,-0.389379422,2.316469083,278.1667723
15ppb_S5,15,Ac TW 15ppb.xlsx,3.3684,-0.1956,0.61487084,2.742818057,24.43617167,-9.604872968,-2.54414314,33.07843137,760.284506,2.459024,0.576714103,-0.736388122,2.432733432,165.5878284
15ppb_S6,15,Ac TW 15ppb.xlsx,3.0848,-0.1751,0.55409169,2.786529845,20.12889172,-10.53688468,-1.91032666,29.47058824,684.3521722,2.21496,0.48862079,-0.631168291,2.310232337,134.8667148
15ppb_S7,15,Ac TW 15ppb.xlsx,3.4684,-0.1751,0.62975656,2.797096774,22.37550772,-10.77732072,-2.076166081,32.73529412,775.1826221,2.519016,0.623782144,-0.718605158,2.327765604,174.2305938
15ppb_S8,15,Ac TW 15ppb.xlsx,3.4106,-0.1751,0.61532117,2.774740473,22.09841851,-11.07993967,-1.994452964,32.39215686,765.5709343,2.460712,0.592840935,-0.665573997,2.329274701,166.198612
15ppb_S9,15,Ac TW 15ppb.xlsx,2.9506,-0.1956,0.52754749,2.270810245,19.54922528,-11.12813586,-1.756738553,29.54901961,500.768935,2.108736,0.347038783,-0.382407653,2.369892479,119.8451575
15ppb_S10,15,Ac TW 15ppb.xlsx,3.4184,-0.2058,0.61369714,2.013903617,23.26238859,-11.67155888,-1.993083258,39.3627451,464.7251057,2.454096,0.396523085,-0.366582341,2.522789278,160.4777566
15ppb_S11,15,Ac TW 15ppb.xlsx,3.8532,-0.1956,0.6878942,2.217439344,24.96702317,-14.62928453,-1.706646906,39.90196078,646.8665898,2.750096,0.57058658,-0.349715017,2.37029939,203.3403647
15ppb_S12,15,Ac TW 15ppb.xlsx,4.0506,-0.1956,0.73488099,2.241367862,26.53482792,-13.85658662,-1.914961357,41.65686275,736.2552864,2.939128,0.625045244,-0.508563368,2.551460466,231.5879661
15ppb_S13,15,Ac TW 15ppb.xlsx,2.9006,-0.2058,0.56375102,1.898199047,19.43244207,-4.264308438,-4.556997307,35.64705882,658.8811995,2.2616,0.233254835,-1.096898466,3.844861718,133.7022349
15ppb_S14,15,Ac TW 15ppb.xlsx,3.3622,-0.2058,0.63250365,2.176688419,23.6688057,-8.257615417,-2.866300319,35.7745098,705.017301,2.53276,0.402986883,-0.856819714,3.088309577,170.4465025
15ppb_S15,15,Ac TW 15ppb.xlsx,3.4776,-0.1956,0.63945643,2.088297463,21.36665295,-11.7024499,-1.825827339,38.25490196,664.1676278,2.55944,0.416310902,-0.481873987,2.589712658,174.1761004
15ppb_S16,15,Ac TW 15ppb.xlsx,3.6722,-0.1956,0.68467703,2.172436641,23.07088989,-10.73759005,-2.148609677,38.74509804,706.9396386,2.74144,0.485972701,-0.676557967,2.761712886,200.0366494
15ppb_S17,15,Ac TW 15ppb.xlsx,3.5502,-0.2058,0.67360323,1.803193759,22.79821747,-7.913593204,-2.880893278,45.80392157,681.4686659,2.700192,0.332722325,-0.694562605,3.287338973,190.593979
15ppb_S18,15,Ac TW 15ppb.xlsx,3.5142,-0.1956,0.64662828,2.245552602,22.9544769,-10.4239159,-2.202097285,35.65686275,734.8135333,2.588648,0.459876254,-0.62976154,2.691450903,179.024368
15ppb_S19,15,Ac TW 15ppb.xlsx,3.9738,-0.1956,0.74569623,2.094781234,24.41814068,-11.94579011,-2.044079165,43.04901961,771.8185313,2.98596,0.545754944,-0.665389564,2.784114037,236.5428016
15ppb_S20,15,Ac TW 15ppb.xlsx,5.1294,-0.1956,0.921531,2.279652279,34.37796517,-18.86845992,-1.821980454,52.71568627,876.1053441,3.682808,1.05329419,-0.466474451,2.48576356,365.4092239
15ppb_S21,15,Ac TW 15ppb.xlsx,4.6068,-0.1956,0.8633863,2.096172397,28.1364322,-14.60240474,-1.926835525,49.7745098,781.4302191,3.456376,0.747419143,-0.615768752,2.650454557,317.3488549
15ppb_S22,15,Ac TW 15ppb.xlsx,4.1588,-0.1853,0.75362615,2.301647038,25.54674805,-15.13800905,-1.687589693,41.23529412,769.8961938,3.014576,0.690748206,-0.478430818,2.44728099,244.4604166
15ppb_S23,15,Ac TW 15ppb.xlsx,4.0878,-0.1751,0.76502986,2.185101242,22.57285205,-13.82798574,-1.632403481,42.97058824,693.4832757,3.062368,0.629591631,-0.660464382,2.61288631,250.192235
15ppb_S24,15,Ac TW 15ppb.xlsx,4.3554,-0.1751,0.83740841,2.25383453,24.84487226,-11.25497052,-2.207457782,43.93137255,749.7116494,3.35432,0.77308577,-0.897479191,2.777623671,300.6137108
200ppb_S1,200,Ac TW 200ppb.xlsx,35.196,-0.2058,4.83061662,2.402024482,284.4192513,-254.3864587,-1.118059714,377.7058824,5185.505575,19.127776,116.8461468,0.020746638,1.605166861,12067.94904
200ppb_S2,200,Ac TW 200ppb.xlsx,35.645,-0.2058,4.97895802,2.660900698,294.542246,-257.4870431,-1.143910942,348.8823529,5195.117263,19.707656,113.0371723,0.040874081,1.613919208,12535.72193
200ppb_S3,200,Ac TW 200ppb.xlsx,35.536,-0.2058,4.887365,2.535677589,293.9090909,-254.8423982,-1.153297462,363.3333333,5070.165321,19.34712,115.9405277,0.044709901,1.606004334,12256.2895
200ppb_S4,200,Ac TW 200ppb.xlsx,38.13,-0.1956,5.4819183,2.980955657,295.408611,-285.1365963,-1.03602489,351.5686275,5411.380238,21.70032,121.0897311,0.05142729,1.634365245,14799.84048
20ppb_S1,20,Ac TW 20ppb.xlsx,4.7772,-0.1956,0.88054659,2.368514993,32.51480872,-14.68383873,-2.214326193,46.66666667,888.6005383,3.521992,0.947395486,-0.709618025,2.692552357,333.7955784
20ppb_S2,20,Ac TW 20ppb.xlsx,5.1556,-0.2058,0.95398764,2.214262399,37.24313725,-14.83519119,-2.510458866,55.03921569,854.4790465,3.815416,0.992752678,-0.743821351,2.905733083,388.7537983
20ppb_S3,20,Ac TW 20ppb.xlsx,5.185,-0.1853,0.9321595,2.365721899,32.49324499,-20.41047188,-1.591988915,49.80392157,884.2752787,3.725864,1.139370924,-0.450551599,2.35433396,375.5358368
20ppb_S4,20,Ac TW 20ppb.xlsx,4.7574,-0.1956,0.86990508,2.427789912,33.24304127,-14.63292045,-2.271798128,45.8627451,866.9742407,3.478384,0.960810909,-0.70796674,2.707410576,326.499154
25ppb_S1,25,Ac TW 25ppb.xlsx,6.785,-0.1956,1.14679388,2.478448276,47.63156451,-29.5426938,-1.612295914,62.94117647,1235.101884,4.577456,2.083906872,-0.129406601,2.115377271,575.9252576
25ppb_S2,25,Ac TW 25ppb.xlsx,5.394,-0.1956,0.87795804,2.634200656,38.23124914,-26.97723337,-1.417167158,48.49019608,1016.916571,3.500488,1.476091965,0.026087018,1.939017431,343.2377051
25ppb_S3,25,Ac TW 25ppb.xlsx,5.863,-0.1853,1.02082388,2.523717695,37.89881352,-24.39959061,-1.553256123,52.32352941,1121.683968,4.079104,1.548978813,-0.289300898,2.186067924,454.7017064
25ppb_S4,25,Ac TW 25ppb.xlsx,6.335,-0.1853,1.04943398,2.603011028,40.93228068,-32.47349709,-1.260482681,54.60784314,1254.32526,4.187296,1.97262578,-0.011400763,1.948998569,487.6518393
25ppb_S5,25,Ac TW 25ppb.xlsx,5.119,-0.1956,0.86218726,2.783093752,37.97744412,-23.14667479,-1.640730017,50.97058824,865.0519031,3.437424,1.360023975,-0.237589967,2.059370494,329.3976933
25ppb_S6,25,Ac TW 25ppb.xlsx,4.993,-0.2058,0.80803262,2.38361213,38.51889483,-22.73476328,-1.694272967,50.64705882,781.4302191,3.221488,1.189946499,0.012659899,1.950099911,289.1982858
25ppb_S7,25,Ac TW 25ppb.xlsx,5.063,-0.1853,0.83595332,3.098379516,37.09331706,-24.77925016,-1.496950748,48.11764706,918.8773549,3.330304,1.47966594,-0.207336745,2.011310319,314.2647668
25ppb_S8,25,Ac TW 25ppb.xlsx,5.414,-0.1853,0.90384034,3.130275908,38.69251522,-25.47586727,-1.518790894,50.55882353,998.1737793,3.603192,1.667870158,-0.308062381,2.051958626,366.2715687
25ppb_S9,25,Ac TW 25ppb.xlsx,4.6708,-0.1956,0.80004642,2.151133872,30.42287125,-23.10538753,-1.316700324,50.8627451,668.012303,3.191392,0.993155432,-0.111052984,1.960680516,279.4534582
25ppb_S10,25,Ac TW 25ppb.xlsx,5.68,-0.1956,0.9423479,2.377444415,40.00952969,-29.34938061,-1.36321547,57.45098039,862.1683968,3.754368,1.657079538,-0.053993527,1.880785757,393.8089654
25ppb_S11,25,Ac TW 25ppb.xlsx,6.029,-0.2058,1.01816138,2.049899358,42.69215686,-26.70348449,-1.598748541,71.28431373,955.8823529,4.063024,1.587141412,-0.041599353,1.960208645,452.3826359
25ppb_S12,25,Ac TW 25ppb.xlsx,5.437,-0.1956,0.91211495,2.335601491,38.20944742,-26.32679507,-1.451352028,56.06862745,904.9404075,3.636336,1.439511762,-0.072656423,1.953277534,366.5612817
25ppb_S13,25,Ac TW 25ppb.xlsx,4.0312,-0.1956,0.69716461,2.434181924,28.47312491,-16.53704496,-1.721778285,39.46078431,745.8669742,2.783416,0.720551017,-0.272894748,2.267785912,211.6988912
25ppb_S14,25,Ac TW 25ppb.xlsx,5.0412,-0.2058,0.84097676,2.466581857,38.29750446,-22.37164873,-1.711876712,48.97058824,940.9842368,3.354336,1.204823337,-0.072108171,2.061018129,311.4098334
25ppb_S15,25,Ac TW 25ppb.xlsx,5.332,-0.1956,0.9283342,2.227458058,34.96558344,-24.05330023,-1.453670935,56.25490196,849.1926182,3.705832,1.215715548,-0.197333444,2.124953103,373.722659
25ppb_S16,25,Ac TW 25ppb.xlsx,4.7178,-0.1956,0.77504777,2.732042343,34.75387358,-22.39736414,-1.551694805,43.15686275,932.3337178,3.089816,1.142707718,-0.082785249,2.026246274,267.2417658
25ppb_S17,25,Ac TW 25ppb.xlsx,4.718,-0.1956,0.80463931,2.018205773,28.88907171,-24.00749949,-1.203335305,54.2254902,804.9788543,3.211504,0.989037261,-0.048312003,1.910609523,282.5698801
25ppb_S18,25,Ac TW 25ppb.xlsx,4.9026,-0.1956,0.82241477,2.533119769,34.75298231,-23.01916281,-1.509741366,45.98039216,875.1441753,3.279936,1.164777094,-0.119033352,2.045844598,298.0689314
25ppb_S19,25,Ac TW 25ppb.xlsx,5.33,-0.2058,0.91887474,2.230685528,38.70427807,-21.86726917,-1.769963948,57.1372549,949.6347559,3.668528,1.190785078,-0.184449166,2.192609839,366.2220691
25ppb_S20,25,Ac TW 25ppb.xlsx,5.532,-0.1956,0.95645832,2.316544111,37.79692856,-24.53842676,-1.540315886,56.52941176,945.7900807,3.817176,1.356282535,-0.207874218,2.148497927,398.1778788
25ppb_S21,25,Ac TW 25ppb.xlsx,5.489,-0.1956,0.92882856,2.174102475,35.42431098,-27.12749011,-1.305845504,58.60784314,972.2222222,3.70644,1.352445878,-0.035729203,1.946816463,377.2535838
25ppb_S22,25,Ac TW 25ppb.xlsx,5.709,-0.1956,0.99849916,2.05380398,34.71143562,-27.19333704,-1.276468407,64.41176471,949.1541715,3.9874,1.33803489,-0.133526425,2.057203333,430.9348412
25ppb_S23,25,Ac TW 25ppb.xlsx,5.693,-0.1956,0.9619269,2.586833639,41.12395448,-26.51025107,-1.551247265,53.04901961,1031.334102,3.83536,1.614089261,-0.191312756,2.08430517,408.1018898
25ppb_S24,25,Ac TW 25ppb.xlsx,6.302,-0.1956,1.1175365,2.285983749,42.74962293,-25.93482867,-1.648347998,65.75490196,934.7366398,4.461448,1.689797303,-0.375531564,2.326946329,539.857889
2ppb_S1,2,Ac TW 2ppb.xlsx,3.5688,-0.0833,0.52665308,2.839502244,10.0202211,-62.37254902,-0.16065114,25.70588235,489.2349097,2.128456,0.473364674,0.331857015,2.330953607,125.0922404
2ppb_S2,2,Ac TW 2ppb.xlsx,3.6532,-0.0833,0.54231554,2.949554321,10.38004369,-63.45098039,-0.163591541,25.62745098,529.1234141,2.190224,0.503154817,0.19823512,2.376901824,132.5058997
2ppb_S3,2,Ac TW 2ppb.xlsx,2.8638,-0.0833,0.44908623,2.538109756,7.649668812,-49.6372549,-0.15411144,23.8627451,475.7785467,1.81344,0.268665603,0.094641153,2.310992051,88.93075592
2ppb_S4,2,Ac TW 2ppb.xlsx,2.5664,-0.0833,0.3188243,4.104663809,7.869305928,-42.08823529,-0.186971629,23.19607843,540.1768551,1.29312,0.328757606,0.592444412,2.411083945,50.02292352
50ppb_S1,50,Ac TW 50ppb.xlsx,11.274,-0.1956,1.70369672,3.039108916,86.05806938,-67.91571886,-1.267130361,107.745098,1955.97847,6.771752,8.138151828,0.149615254,1.753420247,1349.869424
50ppb_S2,50,Ac TW 50ppb.xlsx,10.362,-0.1956,1.52833764,3.031278157,81.60516934,-64.63337546,-1.262585603,104.9019608,1855.055748,6.068728,7.350751596,0.175571261,1.703655041,1104.505278
50ppb_S3,50,Ac TW 50ppb.xlsx,10.433,-0.1956,1.55247168,2.781154367,80.28493076,-65.75512489,-1.220968417,99.01960784,1772.395233,6.163856,7.477459688,0.134440467,1.686316945,1136.764512
50ppb_S4,50,Ac TW 50ppb.xlsx,10.43,-0.2058,1.53440864,2.71971546,84.41675579,-63.96155404,-1.31980464,102.9411765,1808.439062,6.094056,7.466882994,0.175723981,1.678738975,1115.110038
5ppb_S1,5,Ac TW 5ppb.xlsx,3.082,-0.0833,0.53141446,2.156270114,6.823628488,-53.87254902,-0.12666244,29.47058824,625.7208766,2.142632,0.229518767,-0.359356051,2.972076158,120.5097664
5ppb_S2,5,Ac TW 5ppb.xlsx,2.8866,-0.0833,0.5423348,1.771659343,5.02420268,-50.53921569,-0.099411964,33.89215686,619.4732795,2.185856,0.143541662,-0.744130807,3.647997627,123.0377029
5ppb_S3,5,Ac TW 5ppb.xlsx,4.189,-0.0833,0.65064241,2.815188172,12.14570317,-74,-0.164131124,30.56862745,775.6632065,2.624752,0.668606801,-0.022863536,2.224228776,188.9482466
5ppb_S4,5,Ac TW 5ppb.xlsx,3.4488,-0.0833,0.62673798,1.948166392,6.942873225,-60.3627451,-0.115019176,36.30392157,732.8911957,2.525832,0.250668585,-0.615707367,3.167447514,165.7623969
5ppb_S5,5,Ac TW 5ppb.xlsx,2.8818,-0.0833,0.40628213,4.132679401,10.14791686,-50.78431373,-0.199823845,18.7745098,644.4636678,1.639136,0.467443334,0.003959491,1.944897066,78.855254
5ppb_S6,5,Ac TW 5ppb.xlsx,2.5488,-0.0833,0.36386713,4.098012734,8.942451554,-45.3627451,-0.197132064,16.61764706,608.9004229,1.467512,0.363335203,-0.06662384,1.937200978,62.92316684
5ppb_S7,5,Ac TW 5ppb.xlsx,2.5834,-0.0833,0.42046699,2.640649276,6.98722421,-45.55882353,-0.15336709,19.49019608,592.0799692,1.694848,0.228503646,-0.273215167,2.441819386,77.52533472
5ppb_S8,5,Ac TW 5ppb.xlsx,3.016,-0.0833,0.44925442,3.398999234,9.76299336,-53.21568627,-0.183460818,18.28431373,625.7208766,1.81196,0.430225773,-0.050873189,2.059159316,92.83562036
5ppb_S9,5,Ac TW 5ppb.xlsx,1.9408,-0.0833,0.32602958,2.51568414,4.734915004,-32.68627451,-0.144859427,15.41176471,538.2545175,1.31412,0.117580826,-0.530323584,2.642081322,46.112305
5ppb_S10,5,Ac TW 5ppb.xlsx,2.3026,-0.0833,0.4026328,2.250214995,4.850758616,-40.32352941,-0.120295983,22.29411765,544.5021146,1.621064,0.13897646,-0.717316302,3.388302291,69.1706238
5ppb_S11,5,Ac TW 5ppb.xlsx,2.0732,-0.0833,0.3716202,2.447928966,5.28041555,-35.48039216,-0.148826302,18.58823529,591.5993849,1.49468,0.154136278,-0.820158873,2.659198118,59.70511452
5ppb_S12,5,Ac TW 5ppb.xlsx,2.2662,-0.0833,0.40613425,2.362593828,5.630275593,-39.90196078,-0.14110273,21.12745098,476.2591311,1.633384,0.169038473,-0.827391692,2.830622354,70.92454412
5ppb_S13,5,Ac TW 5ppb.xlsx,2.509,-0.0833,0.37137596,2.734426087,6.145237553,-42.98039216,-0.142977699,21.32352941,490.1960784,1.500624,0.19641947,0.3730159,2.999887074,61.20729648
5ppb_S14,5,Ac TW 5ppb.xlsx,3.1032,-0.0833,0.56231321,2.071838697,6.796390463,-54.74509804,-0.124146101,34.45098039,402.2491349,2.262976,0.235982759,-0.851970482,3.560769014,133.9260784
5ppb_S15,5,Ac TW 5ppb.xlsx,2.975,-0.0833,0.53335274,2.169505863,6.865160185,-52.41176471,-0.130985099,30.50980392,545.4632834,2.146536,0.238387561,-0.772672654,3.15892774,121.150109
5ppb_S16,5,Ac TW 5ppb.xlsx,2.2612,-0.0833,0.39736247,2.200381457,5.134719307,-38.2254902,-0.134327102,22.56862745,600.7304883,1.60096,0.134775309,-0.637498318,2.961042233,67.44620576
5ppb_S17,5,Ac TW 5ppb.xlsx,2.8386,-0.0833,0.45713621,2.463549261,6.594070099,-50.16666667,-0.131443258,25.69607843,552.6720492,1.842792,0.22470275,-0.122416813,3.261039181,90.51462764
5ppb_S18,5,Ac TW 5ppb.xlsx,2.993,-0.0833,0.58692767,1.84734841,5.626769582,-52.83333333,-0.106500371,36.28431373,553.633218,2.359744,0.209512232,-1.223272119,4.00049346,144.4475994
5ppb_S19,5,Ac TW 5ppb.xlsx,2.9364,-0.0833,0.53377729,2.185146599,7.096726647,-51.67647059,-0.137329941,29.98039216,592.5605536,2.147408,0.25428451,-0.80451882,2.904387138,121.6411407
5ppb_S20,5,Ac TW 5ppb.xlsx,3.0218,-0.0833,0.53382932,2.057045609,6.649724744,-52.5,-0.126661424,31.60784314,580.0653595,2.15136,0.212793277,-0.502292702,3.079972288,121.0285782
5ppb_S21,5,Ac TW 5ppb.xlsx,2.5732,-0.0833,0.44330701,2.541683129,6.341971777,-44.46078431,-0.142641923,23.74509804,490.1960784,1.78312,0.215506698,-0.838676016,3.238618553,84.8755908
5ppb_S22,5,Ac TW 5ppb.xlsx,3.0216,-0.0833,0.5302121,2.358193113,7.70733092,-53.37254902,-0.144406274,29.35294118,549.3079585,2.133344,0.290620558,-0.697967401,2.776793503,121.0444295
5ppb_S23,5,Ac TW 5ppb.xlsx,3.1178,-0.0833,0.534639,2.418924371,7.825709748,-54.37254902,-0.143927586,28.56862745,551.7108804,2.152368,0.29811133,-0.624247424,2.898231642,123.2699834
5ppb_S24,5,Ac TW 5ppb.xlsx,2.7588,-0.0833,0.55269754,1.682400293,4.849297152,-48.70588235,-0.099562864,35.01960784,628.6043829,2.224328,0.150864764,-1.043874662,3.574390026,127.4624954
75ppb_S1,75,Ac TW 75ppb.xlsx,15.998,-0.1956,2.3004253,3.337477886,127.5007541,-108.9897768,-1.16984141,162.9411765,2628.796617,9.120448,19.36065969,0.167202518,1.655219833,2563.580785
75ppb_S2,75,Ac TW 75ppb.xlsx,15.511,-0.1956,2.18225602,3.339548383,126.4221171,-106.4968001,-1.1870978,166.2745098,2609.573241,8.647816,18.83121113,0.194922815,1.642967438,2340.398317
75ppb_S3,75,Ac TW 75ppb.xlsx,15.063,-0.2058,2.19851004,2.71258779,121.7928699,-98.18709298,-1.240416293,143.1372549,2301.999231,8.72132,16.81536328,0.121034337,1.656281953,2321.919646
7ppb_S1,7,Ac TW 7ppb.xlsx,3.1838,-0.0833,0.54989852,2.577892214,8.99402707,-56.51960784,-0.159131095,27.07843137,570.4536717,2.212248,0.383396999,-0.620623208,2.381433805,131.9359553
7ppb_S2,7,Ac TW 7ppb.xlsx,3.1288,-0.0833,0.50987665,2.826071248,8.950232147,-53.01960784,-0.168809852,22.71568627,724.7212611,2.054512,0.375109431,-0.448426978,2.302601995,114.9032247
7ppb_S3,7,Ac TW 7ppb.xlsx,2.8776,-0.0833,0.54240088,2.115198024,7.229818319,-51.24509804,-0.14108312,29.15686275,577.1818531,2.181176,0.269529428,-0.776962813,2.509953775,125.6764543
7ppb_S4,7,Ac TW 7ppb.xlsx,3.396,-0.0833,0.58198416,2.565807368,9.765355789,-60.65686275,-0.16099342,27.80392157,614.6674356,2.34244,0.440474403,-0.510507347,2.185014279,148.1874889
