Concentration,E_-0.8999,E_-0.8897,E_-0.8795,E_-0.8693,E_-0.859,E_-0.8488,E_-0.8386,E_-0.8284,E_-0.8182,E_-0.808,E_-0.7978,E_-0.7876,E_-0.7774,E_-0.7672,E_-0.757,E_-0.7468,E_-0.7366,E_-0.7263,E_-0.7161,E_-0.7059,E_-0.6957,E_-0.6855,E_-0.6753,E_-0.6651,E_-0.6549,E_-0.6447,E_-0.6345,E_-0.6243,E_-0.6141,E_-0.6039,E_-0.5937,E_-0.5834,E_-0.5732,E_-0.563,E_-0.5528,E_-0.5426,E_-0.5324,E_-0.5222,E_-0.512,E_-0.5018,E_-0.4916,E_-0.4814,E_-0.4712,E_-0.461,E_-0.4507,E_-0.4405,E_-0.4303,E_-0.4201,E_-0.4099,E_-0.3997,E_-0.3895,E_-0.3793,E_-0.3691,E_-0.3589,E_-0.3487,E_-0.3385,E_-0.3283,E_-0.318,E_-0.3078,E_-0.2976,E_-0.2874,E_-0.2772,E_-0.267,E_-0.2568,E_-0.2466,E_-0.2364,E_-0.2262,E_-0.216,E_-0.2058,E_-0.1956,E_-0.1853,E_-0.1751,E_-0.1649,E_-0.1547,E_-0.1445,E_-0.1343,E_-0.1241,E_-0.1139,E_-0.1037,E_-0.0935,E_-0.0833,E_-0.0731,E_-0.0629,E_-0.0526,E_-0.0424,E_-0.0322,E_-0.022,E_-0.0118,E_-0.0016
11.3,-0.098,0.441,1.631,6.342,10.49,14.22,17.44,20.29,21.17,18.78,16.58,14.77,13.51,12.43,11.38,10.82,10.56,10.09,10.04,10.44,10.55,10.65,11.11,11.38,11.22,11.34,11.53,11.21,10.92,11.12,10.85,10.61,10.61,10.57,10.21,10.14,10.27,9.971,9.768,9.796,9.649,9.268,9.383,9.544,9.348,9.509,10.02,10.15,10.29,10.9,11.24,11.3,11.76,12.17,12.05,12.03,12.37,12.19,11.9,12.1,12.17,11.97,12.19,12.63,12.72,12.91,13.71,14,13.99,14.35,14.49,14,13.82,13.82,13.37,12.95,13.13,13.05,12.79,13.01,13.26,13.08,13.16,13.57,13.53,13.43,13.93,14.18,14.14
4.3,-0.581,0.014,2.856,8.085,12.52,16.61,20.08,23.23,24.18,21.55,19.07,17,15.55,14.27,13.11,12.47,11.98,11.42,11.22,11.55,11.56,11.51,12.05,12.3,12.21,12.41,12.52,12.23,12,12.08,11.82,11.49,11.43,11.33,10.93,10.79,10.81,10.48,10.09,10.29,10.23,9.919,10.02,10.19,9.975,10.13,10.55,10.63,10.77,11.3,11.67,11.75,12.08,12.47,12.35,12.26,12.5,12.34,12.04,12.18,12.16,11.88,12,12.05,12.16,12.14,12.55,12.56,12.55,12.54,12.36,12.23,12.14,12.35,12.2,12.11,12.5,12.63,12.59,12.94,13.31,13.25,13.4,13.84,13.88,13.86,14.37,14.72,14.8
8.9,-0.427,-0.392,2.59,7.994,12.54,16.51,20.06,22.99,22.66,19.68,17.05,14.86,13.27,11.97,10.88,10.32,10.02,9.786,9.975,10.68,11.26,11.75,12.74,13.24,13.14,13.3,13.15,12.41,11.78,11.48,10.79,10.09,9.793,9.45,8.827,8.557,8.4,7.927,7.626,7.654,7.43,7.199,7.238,7.325,7.15,7.294,7.661,7.759,7.917,8.435,8.68,8.732,9.03,9.25,8.998,8.932,9.103,8.813,8.603,8.718,8.694,8.473,8.655,8.963,8.942,9.086,9.639,9.786,9.814,10.14,10.28,10.03,10.07,10.01,10.03,10.12,10.2,10.23,10.08,10.4,10.66,10.5,10.66,11.07,11.04,11.01,11.52,11.82,11.84
10,0.378,1.323,-0.098,0.091,-0.1068,-0.217,-0.203,0.028,0.77,6.139,11.87,16.73,21.14,25.16,28.16,24.53,21.76,19.24,17.58,17.11,16.57,16.2,16.82,17.34,17.39,17.93,18.47,18.12,17.79,17.93,17.21,16.24,15.74,15.01,13.84,13.04,12.42,11.53,10.64,10.33,9.744,9.142,8.967,8.792,8.372,8.218,8.309,8.19,8.078,8.33,8.414,8.337,8.54,8.75,8.652,8.666,8.774,8.939,8.841,9.023,9.107,8.974,9.135,9.408,9.436,9.527,10.02,10.23,10.18,10.5,10.66,10.46,10.42,10.56,10.27,10.08,10.25,10.22,10.03,10.2,10.38,10.25,10.3,10.41,10.59,10.49,10.8,10.91,10.75
14,0.126,0.574,-0.203,-0.006999,0.14,0.714,-0.168,1.918,8.932,15.39,21.08,25.91,30.49,31.58,27.45,24.59,22.42,20.24,18.94,18.75,18.12,17.77,18.3,18.56,18.28,18.68,19,18.37,18,18.07,17.36,16.44,16.13,15.43,14.35,13.74,13.31,12.38,11.76,11.58,11.12,10.61,10.55,10.49,10.05,10.09,10.15,10.26,10.2,10.67,10.89,10.77,11.13,11.48,11.37,11.46,11.55,11.74,11.63,11.98,12.06,11.84,12.11,12.53,12.47,12.55,13.2,13.37,13.31,13.68,13.83,13.44,13.44,13.64,13.24,12.99,13.21,13.06,12.73,12.98,13.2,12.92,13.07,13.22,13.46,13.42,13.95,14.16,14.04
14,0.042,0.455,0.119,-0.028,0.007003,0.406,1.309,0.392,7.686,14.14,19.63,24.38,29.15,32.09,27.98,25.18,23.06,20.75,19.4,19.09,18.4,17.87,18.43,18.58,18.15,18.61,18.93,18.29,18,18.23,17.58,16.74,16.62,16.1,15.04,14.65,14.41,13.66,13.01,13.09,12.68,12.12,12.24,12.3,11.86,12.03,12.18,12.39,12.43,13.08,13.4,13.39,13.99,14.56,14.41,14.59,15.22,15.19,15.39,15.53,15.61,15.33,15.66,16.17,16,16.12,16.46,16.93,16.79,17.21,17.32,16.76,16.76,16.96,16.44,16.1,16.46,16.31,15.96,16.3,16.58,16.21,16.43,17.02,16.94,16.83,17.56,17.83,17.66
14,-0.28,-0.07,0.49,-0.315,-0.042,-0.084,0.511,0.077,7.581,14.6,20.7,25.84,30.76,33.28,28.15,24.3,21.08,18.05,16.18,15.34,14.4,13.97,14.46,14.69,14.62,15.01,15.34,14.84,14.48,14.42,13.75,12.89,12.49,11.51,10.72,10.06,9.611,8.89,8.267,8.085,7.735,7.322,7.245,7.203,6.867,6.958,7.161,7.147,7.168,7.609,7.567,7.735,7.994,8.246,8.169,8.183,8.505,8.442,8.295,8.477,8.596,8.47,8.652,9.023,9.107,9.247,9.772,9.926,9.922,10.16,10.22,9.94,9.828,9.905,9.59,9.317,9.471,9.285,9.086,9.24,9.408,9.228,9.329,9.604,9.579,9.495,9.768,9.949,9.868
14,0.329,0.833,-0.189,0.147,0.259,0.1032,-0.042,0.049,0.749,8.505,15.39,20.98,26.33,30.85,31.33,26.85,23.18,19.52,17.07,15.71,14.31,13.57,13.85,14.03,13.92,14.48,14.94,14.5,14.15,14.24,13.52,12.67,12.21,11.51,10.44,9.814,9.243,8.473,7.857,7.602,7.227,6.828,6.702,6.618,6.359,6.352,6.365,6.401,6.345,6.622,6.748,6.758,6.958,7.133,7.126,7.21,7.448,7.423,7.399,7.588,7.668,7.633,7.822,8.123,8.221,8.365,8.879,9.079,9.156,9.411,9.537,9.327,9.268,9.338,9.079,8.848,8.988,8.857,8.666,8.869,9.03,8.946,9.065,9.198,9.39,9.39,9.733,9.91,9.833
5.4,2.513,7.308,11.79,15.69,19.28,22.61,23.76,21.54,19.7,18.28,16.81,15.5,14.69,13.92,13.06,12.61,12.24,11.78,11.5,11.5,11.34,11.16,11.33,11.33,11.27,11.33,11.46,11.37,11.44,11.47,11.45,11.4,11.32,11.34,11.14,11.05,11.15,10.94,10.79,10.87,10.83,10.65,10.72,10.65,10.62,10.61,10.82,10.75,10.64,10.83,10.89,10.76,10.86,10.83,10.84,10.86,11.08,11.05,10.93,11.08,11.17,11,11.1,11.23,11.19,11.15,11.44,11.56,11.49,11.69,11.83,11.73,11.74,11.81,11.92,11.86,12.19,12.27,12.21,12.45,12.74,12.74,12.84,13.24,13.33,13.38,13.76,13.96,14.01
2.8,0.826,5.411,9.506,13.36,16.58,19.78,22.29,20.04,18.25,16.85,15.39,14.16,13.31,12.54,11.7,11.2,10.84,10.32,10.03,9.964,9.761,9.53,9.579,9.614,9.485,9.523,9.516,9.548,9.617,9.719,9.684,9.586,9.684,9.761,9.541,9.628,9.684,9.537,9.418,9.6,9.53,9.408,9.502,9.572,9.394,9.425,9.614,9.586,9.664,9.698,9.758,9.611,9.789,9.919,9.8,9.789,10.02,9.95,10.01,10.02,10.05,9.919,10.02,9.985,10.03,10.16,10.3,10.35,10.27,10.48,10.64,10.53,10.63,10.88,10.85,10.83,11.17,11.28,11.25,11.5,11.79,11.77,11.93,12.31,12.38,12.42,12.85,13.08,13.1
8.1,-0.399,-0.147,0.91,6.216,10.59,14.43,17.97,20.99,23.15,20.76,18.51,16.65,15.34,14.16,13.1,12.58,12.25,11.85,11.76,12.12,12.31,12.64,13.35,13.92,14.07,14.4,14.45,14.15,13.74,13.54,13.02,12.35,11.94,11.5,10.88,10.45,10.16,9.688,9.215,9.135,8.89,8.568,8.512,8.421,8.232,8.148,8.176,8.116,8.134,8.134,8.109,7.987,8.046,8.116,7.927,7.875,8.025,7.969,7.791,7.941,8.018,7.934,8.015,8.071,8.16,8.172,8.519,8.657,8.633,8.827,8.997,8.883,8.906,9.044,8.948,8.869,9.061,9.107,9.056,9.231,9.41,9.373,9.485,9.74,9.763,9.751,10.09,10.25,10.27
2,-0.399,-0.161,-0.329,-0.392,-0.364,4.886,10.42,15.3,19.58,23.41,27.91,24.69,22.16,19.88,17.82,16.3,15.19,14.06,13.28,12.99,12.57,12.39,12.69,12.85,12.74,13.02,13.21,13.03,12.74,12.84,12.44,12.02,11.73,11.43,10.93,10.54,10.32,9.859,9.471,9.373,9.17,8.83,8.725,8.673,8.466,8.417,8.438,8.354,8.376,8.337,8.375,8.246,8.312,8.407,8.305,8.221,8.375,8.274,8.176,8.242,8.242,8.046,7.994,8.083,8.032,8.031,8.288,8.354,8.333,8.44,8.626,8.554,8.601,8.711,8.862,8.827,9.084,9.226,9.228,9.55,9.73,9.758,9.926,10.26,10.35,10.38,10.74,10.92,10.97
14.2,-0.308,0.063,-0.707,5.327,9.807,13.89,17.5,20.66,24.01,21.55,19.34,17.44,16.19,14.96,13.8,13.17,12.74,12.24,11.93,12.02,11.99,12.01,12.31,12.55,12.6,12.63,12.84,12.69,12.43,12.53,12.28,11.89,11.71,11.56,11.13,10.93,10.8,10.44,10.13,10.12,9.915,9.695,9.618,9.642,9.401,9.338,9.478,9.397,9.426,9.404,9.425,9.254,9.352,9.502,9.387,9.324,9.53,9.523,9.567,9.583,9.632,9.576,9.705,9.943,9.968,10.02,10.41,10.55,10.57,10.77,10.94,10.79,10.8,10.88,10.72,10.58,10.8,10.78,10.65,10.85,11.04,10.99,11.11,11.45,11.48,11.5,11.89,12.07,12.13
14.2,-0.091,0.742,-0.595,-0.434,2.282,6.363,10.1,13.12,15.93,18.51,18.26,16.02,14.39,12.92,11.65,10.9,10.29,9.674,9.394,9.499,9.39,9.495,9.94,10.22,10.29,10.52,10.75,10.63,10.44,10.32,10.03,9.576,9.38,9.037,8.568,8.165,7.952,7.553,7.182,7.045,6.853,6.576,6.475,6.419,6.244,6.223,6.223,6.153,6.079,6.177,6.188,6.132,6.16,6.195,6.142,6.09,6.223,6.198,6.23,6.226,6.272,6.254,6.38,6.559,6.632,6.706,7.031,7.049,7.065,7.271,7.717,7.669,7.653,7.634,7.592,7.365,7.422,7.532,7.15,7.278,7.444,7.427,7.497,7.779,7.819,7.831,8.127,8.316,8.353
14.2,-0.539,-0.42,-0.322,4.543,8.246,11.56,14.69,17.09,19.28,17.12,15.21,13.57,12.45,11.42,10.51,9.982,9.758,9.359,9.366,9.481,9.67,9.842,10.37,10.62,10.66,10.83,10.9,10.57,10.28,10.12,9.709,9.243,8.956,8.596,8.141,7.798,7.619,7.29,6.93,6.863,6.681,6.412,6.384,6.345,6.17,6.153,6.188,6.125,6.062,6.146,6.135,6.156,6.146,6.122,6.111,6.148,6.191,6.167,6.114,6.254,6.328,6.331,6.429,6.653,6.744,6.828,7.054,7.205,7.264,7.669,7.821,7.771,7.618,7.716,7.357,7.21,7.306,7.315,7.238,7.334,7.488,7.488,7.556,7.803,7.854,7.866,8.157,8.354,8.428
14.2,0.749,-0.637,-0.63,0.119,4.032,8.358,12.09,15.39,18.33,22.05,19.59,17.46,15.97,14.57,13.32,12.57,11.97,11.43,11.1,11.3,11.2,11.23,11.59,11.88,11.86,12.02,12.2,12.02,11.81,11.78,11.55,11.15,11,10.73,10.24,9.989,9.789,9.415,9.093,9.009,8.813,8.54,8.529,8.477,8.309,8.193,8.319,8.242,8.238,8.186,8.204,8.078,8.144,8.239,8.148,8.078,8.249,8.228,8.134,8.277,8.361,8.34,8.431,8.599,8.696,8.673,8.986,9.177,9.235,9.399,9.527,9.429,9.417,9.539,9.413,9.282,9.441,9.431,9.368,9.527,9.7,9.683,9.784,10.07,10.1,10.12,10.45,10.64,10.7
14.2,-0.014,0.791,-0.644,3.829,7.945,11.51,14.67,17.55,20.85,18.8,16.67,14.88,13.53,12.38,11.34,10.7,10.27,9.702,9.562,9.646,9.695,9.709,10.08,10.42,10.47,10.73,10.85,10.67,10.42,10.49,10.18,9.782,9.621,9.362,8.956,8.69,8.526,8.228,7.924,7.892,7.717,7.525,7.518,7.476,7.287,7.241,7.381,7.287,7.227,7.35,7.399,7.276,7.343,7.455,7.35,7.315,7.518,7.462,7.392,7.535,7.616,7.57,7.689,7.92,7.983,8.06,8.396,8.463,8.451,8.652,8.787,8.683,8.659,8.785,8.645,8.526,8.636,8.61,8.503,8.641,8.795,8.762,8.836,9.098,9.13,9.191,9.481,9.66,9.684
14.2,-0.28,-0.196,3.934,10.17,15.44,20.27,24.29,27.8,26.49,23.09,20.07,17.41,15.44,13.68,12.09,11.08,10.36,9.618,9.198,9.254,9.184,9.254,9.695,10.08,10.12,10.41,10.52,10.3,9.989,9.814,9.383,8.925,8.624,8.218,7.714,7.378,7.07,6.748,6.373,6.286,6.069,5.813,5.764,5.757,5.6,5.523,5.673,5.582,5.519,5.607,5.621,5.54,5.547,5.525,5.519,5.491,5.593,5.558,5.477,5.614,5.701,5.68,5.796,6.006,5.955,6.058,6.386,6.668,6.674,6.79,6.989,6.969,6.949,6.925,6.911,6.86,6.743,6.861,6.779,6.806,6.867,6.907,6.977,7.217,7.282,7.275,7.598,7.791,7.84
14.2,-0.427,-0.308,-0.084,0.665,-0.56,4.676,9.275,13.22,16.46,19.35,22.58,19.52,17.17,15.16,13.45,12.13,11.17,10.26,9.723,9.625,9.408,9.24,9.716,10.1,10.28,10.69,10.94,10.87,10.62,10.53,10.2,9.621,9.331,8.925,8.358,7.924,7.696,7.259,6.891,6.776,6.559,6.335,6.247,6.167,6.002,5.925,5.974,5.901,5.813,5.827,5.803,5.722,5.761,5.744,5.761,5.733,5.848,5.799,5.874,5.908,5.939,5.95,6.044,6.135,6.204,6.27,6.667,6.907,6.923,7.039,7.256,7.22,7.103,7.242,6.988,6.856,6.986,7.017,6.96,7.094,7.283,7.283,7.371,7.677,7.763,7.793,8.125,8.332,8.398
14.2,-0.434,0.056,-0.329,-0.525,0.357,4.97,8.673,11.92,14.79,17.2,18.66,16.09,14.15,12.5,11.05,9.982,9.233,8.547,8.078,8.015,7.903,7.903,8.323,8.613,8.771,9.065,9.411,9.254,8.988,8.967,8.613,8.151,7.822,7.511,6.993,6.688,6.45,6.107,5.757,5.659,5.491,5.211,5.187,5.095,4.998,4.984,4.989,4.998,4.977,5.043,5.131,5.043,5.089,5.183,5.145,5.117,5.225,5.243,5.155,5.271,5.351,5.292,5.435,5.638,5.687,5.74,6.097,6.23,6.272,6.454,6.583,6.408,6.359,6.45,6.351,6.176,6.275,6.319,6.22,6.276,6.514,6.579,6.571,6.878,7.017,6.987,7.259,7.529,7.605
14.2,0.749,-0.273,-0.259,-0.483,6.531,12.63,17.69,22.03,26.14,28.55,24.58,21.16,18.46,16.11,14.08,12.6,11.47,10.32,9.499,9.219,8.897,8.596,8.743,8.886,8.963,9.345,9.737,9.702,9.544,9.653,9.401,8.834,8.638,8.27,7.738,7.385,7.203,6.793,6.471,6.419,6.167,5.953,5.908,5.826,5.722,5.719,5.792,5.743,5.786,5.803,5.806,5.736,5.768,5.795,5.862,5.813,5.974,5.953,5.859,6.009,6.093,6.048,6.184,6.401,6.492,6.604,7.003,7.084,7.142,7.457,7.597,7.726,7.535,7.679,7.42,7.236,7.341,7.405,7.18,7.306,7.465,7.415,7.499,7.815,7.864,7.898,8.22,8.421,8.44
18.8,-0.147,0.686,-0.28,-0.273,0.14,0.938,-0.448,5.649,10.59,14.76,18.3,21.28,23.21,19.74,16.88,14.71,12.98,11.41,10.19,9.436,8.645,7.763,7.525,6.926,6.37,6.177,6.027,5.652,5.39,5.442,5.204,4.977,5.012,4.931,4.707,4.665,4.679,4.557,4.501,4.662,4.552,4.51,4.678,4.713,4.798,4.897,5.089,5.249,5.488,5.75,6.048,6.32,6.671,7.011,7.225,7.298,7.558,7.692,7.538,7.571,7.643,7.546,7.445,7.663,7.696,7.623,7.988,8.242,8.228,8.35,8.27,8.074,7.94,7.929,7.73,7.486,7.57,7.739,7.513,7.651,7.878,7.924,8.043,8.389,8.477,8.491,8.778,8.951,8.937
18.8,0.945,-0.301,-0.49,0.021,2.947,7.56,11.51,14.76,17.65,20.07,18.87,16.24,14.2,12.46,10.98,9.8,9.135,8.435,8.043,7.952,7.917,8.036,8.494,8.914,9.131,9.425,9.66,9.495,9.135,9.019,8.641,8.127,7.756,7.413,6.863,6.499,6.293,5.915,5.61,5.481,5.344,5.127,5.054,5.04,4.956,4.851,4.879,4.781,4.76,4.851,4.861,4.777,4.858,4.97,4.931,4.98,5.019,5.001,4.949,5.096,5.18,5.197,5.33,5.533,5.638,5.754,6.051,6.219,6.286,6.464,6.566,6.373,6.298,6.317,6.176,5.994,6.05,6.058,5.968,6.002,6.156,6.214,6.193,6.416,6.572,6.535,6.754,6.998,7.071
18.8,-0.385,0.112,-0.4287,-0.56,-0.882,4.564,8.428,11.79,14.52,17.3,19.25,16.49,14.51,12.77,11.26,10.22,9.464,8.68,8.225,8.162,8.001,7.966,8.291,8.694,9.016,9.401,9.856,9.684,9.495,9.411,8.925,8.354,8.011,7.602,7.087,6.716,6.391,6.034,5.715,5.621,5.404,5.232,5.162,5.092,4.998,4.882,4.98,4.882,4.809,4.931,4.907,4.858,4.903,5.019,4.914,4.868,5.033,5.04,5.019,5.208,5.288,5.281,5.435,5.666,5.761,5.869,6.212,6.398,6.492,6.713,6.748,6.688,6.61,6.706,6.661,6.542,6.385,6.417,6.317,6.329,6.513,6.576,6.528,6.812,6.938,6.934,7.178,7.456,7.38
18.8,-0.504,-0.273,0.406,-0.161,-0.63,4.753,9.142,12.86,16.09,18.97,21.31,18.26,15.87,13.9,12.15,10.93,9.926,9.009,8.372,8.253,7.819,7.563,7.749,7.945,7.962,8.274,8.561,8.48,8.431,8.431,8.137,7.742,7.539,7.203,6.772,6.408,6.247,5.89,5.642,5.596,5.425,5.253,5.166,5.18,5.012,4.991,5.043,4.963,4.924,5.012,5.033,4.977,5.001,5.008,5.043,5.012,5.162,5.211,5.187,5.362,5.463,5.484,5.635,5.922,6.034,6.177,6.534,6.741,6.814,7.024,7.14,7.003,6.916,6.834,6.639,6.422,6.471,6.436,6.346,6.328,6.545,6.624,6.59,6.873,7.063,7.029,7.279,7.552,7.506
18.8,-0.448,-0.28,-0.4042,-0.371,-0.518,1.918,6.433,10.22,13.45,16.26,18.75,18.71,16.23,14.09,12.28,10.97,9.996,8.988,8.316,7.931,7.532,7.21,7.189,7.168,6.94,7.077,7.029,7.044,7.054,7.182,7,6.813,6.653,6.489,6.109,5.876,5.743,5.523,5.322,5.267,5.127,5.047,4.952,4.975,4.867,4.849,4.891,4.849,4.825,4.895,4.93,4.917,4.947,5.007,5.054,5.056,5.159,5.159,5.197,5.343,5.444,5.495,5.63,5.855,5.988,6.081,6.436,6.664,6.718,6.951,7.054,6.961,6.844,6.862,6.652,6.422,6.429,6.373,6.317,6.324,6.513,6.587,6.554,6.827,7.004,6.984,7.236,7.506,7.425
18.8,-0.14,-0.182,5.621,11.54,16.83,21.49,25.7,28.24,24.5,21.35,18.53,16.2,14.31,12.74,11.38,10.54,9.919,9.401,9.31,9.646,9.961,10.37,11.25,11.86,12.16,12.45,12.51,11.91,11.3,10.88,10.18,9.418,8.932,8.505,7.861,7.514,7.255,6.856,6.503,6.433,6.237,5.995,6.009,5.782,5.665,5.675,5.803,5.813,5.868,5.882,5.973,5.953,6.055,6.179,6.083,6.102,6.14,6.202,6.174,6.351,6.433,6.307,6.625,6.926,6.972,7.241,7.759,7.989,8.032,8.484,8.704,8.528,8.522,8.598,8.241,7.941,8.004,7.856,7.609,7.724,7.845,7.675,7.775,7.891,8.055,8.059,8.428,8.619,8.613
18.8,-0.406,0.006999,0.707,3.087,7.287,11.04,14.24,16.87,19.26,18.56,16.16,14.08,12.68,11.39,10.33,9.744,9.394,8.967,8.995,9.457,9.856,10.17,11,11.57,11.78,12.01,11.98,11.42,10.81,10.48,9.793,9.037,8.575,8.155,7.514,7.14,6.898,6.538,6.142,6.121,5.964,5.715,5.687,5.694,5.54,5.523,5.617,5.61,5.653,5.684,5.701,5.61,5.74,5.813,5.754,5.757,5.925,5.897,5.813,6.013,6.114,6.09,6.247,6.573,6.65,6.748,7.168,7.388,7.441,7.71,7.875,7.689,7.644,7.71,7.479,7.227,7.301,7.11,6.956,7.065,7.189,7.175,7.328,7.408,7.539,7.463,7.767,8.036,8.043
18.8,0.518,-0.245,-0.266,1.96,7.028,11.47,15.38,18.64,21.64,22.42,19.42,16.97,15.22,13.6,12.26,11.5,10.97,10.42,10.23,10.5,10.58,10.72,11.4,11.83,11.91,12.29,12.52,12.17,11.72,11.55,10.95,10.26,9.845,9.362,8.697,8.249,8.004,7.595,7.192,7.143,6.912,6.632,6.639,6.601,6.377,6.321,6.496,6.429,6.3,6.492,6.555,6.457,6.566,6.73,6.618,6.622,6.715,6.846,6.772,6.972,7.126,7.087,7.28,7.654,7.735,7.854,8.403,8.631,8.69,9.016,9.212,9.026,8.97,9.117,8.816,8.494,8.638,8.529,8.288,8.428,8.624,8.498,8.596,8.949,9.005,8.984,9.429,9.681,9.688
18.8,-0.035,0.868,-0.357,-0.441,0.658,5.264,9.142,12.42,15.4,17.81,19.08,16.49,14.53,12.83,11.34,10.35,9.576,8.953,8.603,8.617,8.666,8.82,9.499,9.971,10.28,10.76,10.99,10.77,10.4,10.2,9.667,9.051,8.62,8.106,7.49,7.059,6.681,6.324,5.946,5.785,5.53,5.295,5.225,5.159,4.98,4.959,4.919,4.879,4.858,4.931,4.973,4.91,4.991,5.064,5.029,5.102,5.155,5.159,5.113,5.215,5.306,5.313,5.411,5.638,5.768,5.827,6.156,6.335,6.436,6.65,6.793,6.706,6.685,6.786,6.503,6.316,6.372,6.286,6.173,6.136,6.321,6.427,6.331,6.595,6.761,6.695,6.927,7.192,7.246
18.8,-0.147,0.301,-0.273,5.012,11.51,17.04,21.83,26.03,30.48,26.82,23.02,19.8,17.14,14.96,13.01,11.63,10.61,9.597,8.953,8.792,8.526,8.484,8.75,9.065,9.096,9.429,9.562,9.366,9.17,9.128,8.704,8.281,7.927,7.651,7.168,6.755,6.527,6.226,5.89,5.81,5.652,5.395,5.348,5.372,5.301,5.334,5.444,5.439,5.406,5.512,5.603,5.535,5.591,5.682,5.673,5.713,5.738,5.759,5.666,5.815,5.922,5.932,6.037,6.286,6.454,6.522,6.951,7.171,7.213,7.444,7.563,7.402,7.318,7.324,7.077,6.825,6.872,6.814,6.675,6.624,6.833,6.904,6.787,7.059,7.221,7.16,7.367,7.569,7.57
18.8,-0.532,-0.336,0.588,1.246,5.565,9.506,12.87,15.75,18.09,19.26,16.67,14.46,12.87,11.44,10.18,9.324,8.778,8.148,7.791,7.931,7.861,7.924,8.347,8.631,8.778,9.142,9.341,9.135,8.837,8.662,8.235,7.777,7.409,7.031,6.573,6.209,6.016,5.736,5.446,5.362,5.208,5.033,4.998,4.998,4.844,4.826,4.921,4.865,4.784,4.917,4.956,4.949,5.008,5.103,5.089,5.11,5.246,5.281,5.243,5.411,5.505,5.523,5.694,5.96,6.023,6.163,6.489,6.664,6.695,6.881,6.993,6.739,6.695,6.762,6.583,6.377,6.391,6.428,6.364,6.325,6.548,6.647,6.561,6.847,7.038,6.972,7.227,7.491,7.479
25.2,-0.315,-0.483,3.325,7.063,10.19,13.07,15.77,18.06,17.65,16.22,14.88,13.75,13.34,12.9,12.49,12.63,13.08,13.3,13.71,14.7,15.3,15.63,16.41,16.64,16.29,16.12,15.79,15,14.17,13.88,13.14,12.3,11.85,11.34,10.61,10.19,9.859,9.334,8.862,8.837,8.589,8.263,8.361,8.407,8.211,8.368,8.627,8.694,8.701,9.065,9.191,9.107,9.268,9.429,9.24,9.18,9.397,9.299,9.163,9.432,9.632,9.628,9.982,10.54,10.82,11.11,11.9,12.24,12.28,12.6,12.72,12.3,12.09,12.09,11.62,11.19,11.24,11.03,10.66,10.72,10.6,10.53,10.49,10.57,10.67,10.58,10.94,11.18,11.17
25.2,-0.504,-0.385,0.343,-0.434,1.323,5.684,9.562,12.86,15.67,18.45,19.77,17.4,15.79,14.52,13.32,12.78,12.62,12.38,12.65,13.44,14.01,14.63,15.57,16.04,16.13,16.16,16.07,15.33,14.55,14.18,13.37,12.54,12.02,11.44,10.65,10.12,9.786,9.184,8.652,8.575,8.337,7.966,7.952,7.987,7.861,7.931,8.218,8.351,8.414,8.89,9.093,9.114,9.373,9.625,9.471,9.38,9.548,9.429,9.233,9.401,9.499,9.429,9.709,10.19,10.42,10.74,11.53,11.98,12.14,12.54,12.75,12.38,12.19,12.15,11.61,11.12,11.09,10.81,10.41,10.41,10.26,10.14,10.1,10.33,10.25,10.13,10.46,10.63,10.58
25.2,1.029,-0.462,3.087,6.314,8.932,11.73,14.17,16.3,15.85,14.71,13.52,12.73,12.33,12,11.61,11.74,12.03,12.06,12.42,13.28,13.73,14.1,14.88,15.26,15.12,15.18,15.08,14.49,13.84,13.61,13,12.24,11.95,11.49,10.81,10.38,10.15,9.632,9.222,9.226,8.995,8.648,8.76,8.816,8.666,8.739,9.173,9.194,9.306,9.775,9.989,10.04,10.34,10.63,10.55,10.5,10.61,10.75,10.65,10.94,11.09,11.01,11.32,11.9,12.16,12.44,13.29,13.66,13.77,14.13,14.3,13.88,13.69,13.67,13.17,12.67,12.68,12.41,11.97,12,11.84,11.72,11.67,11.95,11.83,11.7,12.04,12.17,12.1
25.2,-0.301,-0.259,-0.168,3.416,7.553,11.45,14.83,17.72,19.59,19.48,17.3,15.61,14.5,13.65,12.9,12.68,12.89,12.86,13.29,14.36,15.06,15.7,16.79,17.38,17.24,17.24,17.07,16.13,15.24,14.71,13.87,12.85,12.31,11.66,10.82,10.28,9.912,9.296,8.792,8.666,8.372,7.973,7.98,7.994,7.784,7.861,8.162,8.246,8.239,8.645,8.827,8.743,8.96,9.177,8.974,8.911,9.093,9.023,8.792,9.002,9.114,9.1,9.324,9.877,10.11,10.41,11.26,11.69,11.86,12.32,12.57,12.24,12.09,12.11,11.65,11.16,11.18,10.95,10.54,10.58,10.42,10.29,10.26,10.31,10.4,10.3,10.66,10.86,10.81
25.2,-0.266,-0.217,3.29,7.651,11.33,14.8,17.97,20.68,20.17,18.49,16.99,15.83,15.48,15.2,15.06,15.57,16.37,16.82,17.95,19.52,20.54,21.29,22.43,22.76,22.27,21.89,21.33,19.99,18.68,17.91,16.62,15.3,14.39,13.5,12.33,11.51,10.91,10.06,9.317,9.079,8.61,8.176,8.057,8.043,7.77,7.826,8.078,8.015,8.146,8.253,8.239,8.2,8.134,8.176,7.896,7.805,7.966,7.84,7.679,7.952,8.12,8.127,8.54,9.079,9.38,9.758,10.65,11.12,11.31,11.89,12.21,11.94,12,12.16,11.73,11.37,11.5,11.27,10.87,10.98,10.83,10.72,10.77,10.89,11.06,11,11.55,11.84,11.85
25.2,-0.378,-0.343,1.568,6.419,10.69,14.36,17.77,20.5,21.6,19.37,17.31,15.82,15.04,14.47,14.11,14.63,15.49,16.16,17.49,19.38,20.67,21.64,22.83,23.04,22.27,21.56,20.67,18.97,17.53,16.57,15.27,13.91,13.12,12.24,11.22,10.51,10.05,9.31,8.715,8.589,8.26,7.84,7.875,7.854,7.679,7.791,8.057,8.092,8.113,8.47,8.561,8.442,8.582,8.694,8.421,8.393,8.575,8.442,8.302,8.561,8.757,8.799,9.212,9.765,10.06,10.56,11.14,11.77,11.93,12.43,12.71,12.36,12.29,12.37,11.91,11.49,11.61,11.39,10.99,11.12,11.22,10.89,10.93,11.05,11.21,11.17,11.72,12.02,12.04
25.2,-0.343,-0.287,0.231,-0.322,3.472,8.414,12.66,16.18,19.33,21.5,20.89,18.23,16.37,14.85,13.63,13.21,13.22,13.37,14.16,15.67,16.82,17.83,19.21,19.83,19.52,19.21,18.54,17.14,15.86,15.08,13.82,12.6,11.95,11.22,10.22,9.667,9.24,8.554,8.008,7.945,7.602,7.266,7.273,7.273,7.063,7.203,7.483,7.469,7.497,7.833,7.959,7.896,7.833,7.878,7.917,7.868,8.05,7.924,7.791,8.057,8.204,8.204,8.547,9.058,9.359,9.723,10.59,11.07,11.23,11.8,12.08,11.72,11.64,11.7,11.18,10.72,10.77,10.47,10.08,10.16,10.22,10.01,10.16,10.25,10.15,10.11,10.62,10.89,10.93
150,-0.357,2.03,8.036,13.16,17.48,21.29,24.79,25.07,21.53,18.77,16.25,14.06,12.52,11.07,9.814,8.988,8.414,7.686,7.175,7.014,6.692,6.419,6.566,6.44,6.37,6.398,6.417,6.468,6.637,6.797,6.867,6.79,7.063,7.217,7.126,7.273,7.5,7.479,7.504,7.892,7.952,7.912,8.309,8.676,8.718,9.007,9.593,9.856,10.06,10.74,11.1,11.21,11.76,12.4,12.67,13.18,14.21,14.99,15.76,17.28,18.88,20.31,22.45,25.25,27.11,29.34,32.55,34.57,35.45,36.16,35.57,33.13,30.51,28.02,24.68,21.51,19.54,17.46,15.6,14.57,13.89,13.02,12.59,12.61,12.34,12.15,12.45,12.61,12.55
150,4.543,-0.777,5.838,11.17,15.51,19.35,22.64,24.78,20.99,17.83,15.07,12.81,10.98,9.408,8.057,7.112,6.328,5.565,5.054,4.816,4.473,4.2,4.116,4.081,3.997,4.018,4.007,3.997,4.018,4.263,4.291,4.249,4.452,4.571,4.55,4.676,4.907,4.9,4.921,5.236,5.348,5.397,5.698,5.974,6.079,6.349,6.86,6.953,7.121,7.681,8.053,8.269,8.785,9.453,9.877,10.45,11.62,12.56,13.57,15.39,17.37,19.22,21.83,25.07,27.25,29.68,32.82,34.51,34.68,34.63,33.21,30.02,26.85,24,20.52,17.41,15.31,13.53,11.78,10.84,10.18,9.453,9.072,9.061,8.776,8.622,8.864,8.967,8.925
150,0.294,-0.203,4.256,10.63,16.06,20.83,24.94,28.43,26.44,22.55,19.15,16.23,14.02,12.07,10.37,9.198,8.239,7.294,6.629,6.349,5.971,5.628,5.628,5.593,5.57,5.474,5.586,5.537,5.71,5.859,5.859,5.873,6.125,6.314,6.195,6.328,6.555,6.555,6.646,6.933,7.108,7.129,7.479,7.84,7.892,8.332,9,9.308,9.438,10.17,10.62,10.8,11.36,12.09,12.38,12.87,13.93,14.72,15.56,17.28,19.15,20.85,23.44,26.86,29.09,31.92,35.81,38.26,39.28,40.16,39.41,36.45,33.32,30.33,26.28,22.54,20.11,17.65,15.43,14.22,13.38,12.36,11.92,11.93,11.65,11.41,11.76,11.93,11.89
150,2.289,8.519,14.01,18.82,22.83,26.52,27.57,23.83,20.72,18.34,16.01,14.05,12.83,11.54,10.35,9.758,9.233,8.554,8.169,8.176,7.847,7.581,7.784,7.756,7.567,7.686,7.691,7.749,7.763,7.926,8.137,8.053,8.328,8.608,8.356,8.613,9.039,8.993,9.346,9.613,9.74,9.739,10.23,10.69,10.75,11.16,11.89,12.09,12.24,12.98,13.43,13.52,14.15,14.92,15.21,15.77,17.07,17.94,18.67,20.46,22.14,23.49,25.61,27.65,29.48,31.35,34.03,35.31,35.37,35.34,34.27,31.6,29.13,27.02,24.17,21.58,20.15,18.56,17.03,16.31,15.86,15.07,14.77,14.96,14.73,14.52,14.92,15.09,14.92
22.7,-0.448,-0.084,-0.2975,-0.329,-0.329,1.603,6.454,10.35,13.78,16.51,19.01,19.04,16.23,13.87,11.7,10.26,9.156,7.98,7.224,6.839,6.349,5.922,5.761,5.775,5.698,5.572,5.684,5.551,5.572,5.693,5.838,5.81,6.044,6.251,6.079,5.833,6.375,6.067,6.323,6.112,6.245,6.218,6.59,6.715,6.605,7.005,7.116,7.384,7.672,8.333,8.434,8.585,8.967,9.321,9.499,9.034,9.824,9.416,9.308,9.411,9.505,9.712,10.08,10.68,10.96,11.28,12.15,12.61,12.81,13.34,13.32,12.68,12.54,12.36,11.33,11.1,10.47,10.38,10.4,10.29,10.45,10.29,10.4,10.73,10.78,10.93,11.01,11.19,11.15
22.7,-0.091,0.581,0.07,-0.364,0.672,5.551,9.611,13,15.87,18.47,19.35,16.46,13.97,12.26,10.35,9.401,8.239,7.329,6.839,6.475,6.055,5.551,5.663,5.593,5.609,5.6,5.579,5.6,5.474,5.74,5.887,5.754,5.936,6.244,6.125,6.191,6.492,6.191,6.555,6.506,6.631,6.547,6.82,7.043,7.034,7.192,7.904,7.853,8.718,9.147,9.913,10.32,10.23,10.57,10.68,11.03,10.94,11.12,10.15,10.93,10.39,10.58,10.98,11.28,11.49,11.84,12.84,12.91,13.38,13.45,13.16,12.84,12.98,12.35,11.86,11.23,11.1,10.81,10.62,10.17,10.78,10.3,10.68,10.68,10.91,10.69,11.08,11.14,11.42
22.7,0.259,-0.168,0.504,-0.049,-0.637,5.761,10.61,14.66,18.15,21.1,22.85,19.16,16.3,13.77,11.62,10.07,8.645,7.7,6.881,6.349,5.922,5.376,5.474,5.39,5.103,5.103,5.126,5.159,5.138,5.453,5.649,5.425,5.712,5.736,5.649,5.915,6.114,5.939,5.784,6.085,6.144,6.078,6.06,6.248,6.167,6.504,7.164,7.39,7.456,8.466,8.787,8.76,9.491,10.07,9.775,10.06,10.34,10.11,9.865,9.785,10.12,9.977,10.53,10.6,11.12,11.47,12.16,12.48,13.3,13.09,13.02,12.92,12.75,12.71,11.29,11,10.97,10.54,9.802,10.44,10.01,10.27,10.08,10.69,10.43,10.28,10.89,11.19,10.87
22.7,0.35,-0.063,0.581,-0.294,5.978,11.75,16.76,20.95,24.5,27.44,23.24,19.56,16.83,14.38,12.52,10.77,9.863,8.715,7.896,7.574,7.147,6.503,6.762,6.636,6.251,6.314,6.33,6.426,6.328,6.723,6.786,6.629,6.818,6.995,6.846,7.021,6.948,6.804,6.867,6.97,6.972,6.943,7.109,7.765,7.388,7.687,8.047,8.627,8.258,9.364,9.344,9.704,10.2,10.47,10.78,10.17,10.92,10.43,10.28,10.61,11.11,10.86,11.46,11.87,11.99,12.15,13.33,13.91,14.24,14.56,14.48,14.16,13.86,13.76,12.62,12.14,12.02,11.87,11.74,11.6,11.46,11.53,11.59,11.93,11.83,12.13,12.36,12.75,12.42
17.5,-0.441,3.199,6.58,9.415,11.91,14.34,16.5,15.52,14.15,13.15,12.16,11.56,11.2,11.12,11,11.44,11.98,12.26,12.89,13.96,14.58,15.03,15.74,15.96,15.71,15.1,15.01,14.05,13.24,12.75,11.99,11.16,10.73,10.25,9.485,9.065,8.778,8.274,7.854,7.773,7.609,7.486,7.262,7.297,7.133,7.217,7.546,7.623,7.724,8.13,8.309,8.337,8.603,8.795,8.673,8.627,8.841,8.673,8.515,8.648,8.697,8.613,8.785,9.149,9.25,9.492,10.1,10.36,10.45,10.81,10.96,10.69,10.67,10.7,10.35,10.05,10.16,10.05,9.737,9.887,10.01,9.807,9.884,9.973,10.13,10.07,10.46,10.64,10.59
17.5,-0.511,-0.441,-0.063,1.442,4.557,7.378,9.695,11.84,13.78,14.81,13.29,12.19,11.7,11.34,11.03,11.38,11.93,12.39,13.19,14.6,15.48,16.24,17.16,17.5,17.05,16.69,16.18,15.07,14.03,13.42,12.41,11.46,10.95,10.26,9.488,9.009,8.736,8.022,7.682,7.605,7.353,7.129,7.154,7.178,7.045,7.238,7.553,7.64,7.738,8.148,8.424,8.396,8.666,8.904,8.543,8.61,8.771,8.603,8.403,8.557,8.589,8.494,8.697,9.023,9.184,9.404,10.05,10.35,10.45,10.79,10.95,10.73,10.33,10.59,10.21,9.887,9.999,9.859,9.597,9.779,9.894,9.702,9.852,9.884,10.02,9.964,10.36,10.55,10.5
17.5,-0.014,0.777,-0.385,0.133,3.899,7.413,10.65,13.26,15.63,18.49,16.25,14.52,13.51,12.62,11.98,11.98,12.06,12.42,13.11,14.28,15.19,15.91,16.93,17.39,17.08,16.88,16.46,15.39,14.48,13.87,12.91,11.9,11.37,10.72,9.873,9.422,9.082,8.428,8.011,7.906,7.637,7.255,7.35,7.409,7.238,7.36,7.693,7.812,7.931,8.393,8.648,8.655,8.956,9.187,8.967,8.876,9.082,8.9,8.669,8.809,8.858,8.69,8.911,9.306,9.45,9.698,10.38,10.67,10.77,11.15,11.32,11,10.93,11.03,10.62,10.32,10.54,10.09,10.01,10.2,10.34,10.14,10.24,10.34,10.51,10.47,10.89,11.09,11.05
17.5,1.827,4.914,7.973,10.58,12.89,15.08,15.79,14.29,13.36,12.69,12.12,11.65,11.72,11.68,11.68,12.12,12.66,12.9,13.51,14.47,14.96,15.27,15.98,16.25,15.94,15.74,15.49,14.7,14,13.6,12.77,11.99,11.51,10.96,10.19,9.737,9.366,8.778,8.295,8.183,7.822,7.49,7.451,7.42,7.185,7.28,7.465,7.507,7.525,7.829,7.959,7.899,8.074,8.239,8.06,8.039,8.162,8.025,7.854,8.008,8.015,7.948,8.106,8.452,8.533,8.739,9.334,9.597,9.695,10.08,10.28,10.09,10.1,10.26,9.971,9.698,9.831,9.698,9.422,9.52,9.614,9.401,9.45,9.536,9.677,9.614,10,10.17,10.13
19.5,-0.21,0.294,-0.357,-0.392,-0.231,2.156,6.23,9.66,12.45,15.13,17.41,16.83,14.6,12.64,10.96,9.786,8.876,7.952,7.364,7.161,6.832,6.594,6.734,6.811,6.664,6.867,7.077,7.014,7.031,7.241,7.269,7.238,7.205,7.238,7.009,7.082,7.159,6.974,6.874,7.068,6.961,6.816,6.965,7.096,6.946,7.135,7.455,7.56,7.674,8.183,8.475,8.57,8.935,9.263,9.133,9.189,9.404,9.285,9.039,9.228,9.296,9.173,9.392,9.775,9.896,10.2,10.89,11.26,11.4,11.8,11.96,11.54,11.36,11.24,10.7,10.28,10.31,10.14,9.91,10.09,10.31,10.16,10.31,10.62,10.59,10.52,10.87,11.02,10.94
19.5,-0.098,0.245,-0.154,0.483,6.167,10.86,15.11,18.53,21.81,23.83,20.45,17.63,15.47,13.53,11.9,10.77,9.898,8.911,8.407,8.19,7.833,7.588,7.728,7.735,7.588,7.749,7.945,7.857,8.011,8.129,8.111,8.223,8.293,8.358,8.134,8.197,8.412,8.209,8.088,8.374,8.328,8.221,8.479,8.699,8.659,8.89,9.415,9.614,9.868,10.58,10.98,11.1,11.5,11.87,11.68,11.63,11.87,11.65,11.36,11.58,11.63,11.49,11.81,12.32,12.47,12.75,13.56,13.83,13.85,14.17,14.22,13.63,13.36,13.27,12.67,12.22,12.31,12.19,11.92,12.15,12.36,12.16,12.26,12.38,12.59,12.51,12.96,13.17,13.09
19.5,-0.322,0.231,-0.308,-0.406,-0.224,2.597,6.867,10.43,13.42,16.11,18.51,17.83,15.43,13.34,11.57,10.39,9.45,8.498,7.889,7.749,7.455,7.14,7.399,7.441,7.294,7.504,7.826,7.644,7.647,7.776,7.985,7.828,8.022,8.116,7.871,7.955,8.123,7.873,7.78,8.015,7.982,7.733,7.95,8.115,8.003,8.197,8.685,8.785,8.913,9.576,9.912,10.02,10.41,10.7,10.52,10.5,10.7,10.49,10.24,10.48,10.48,10.36,10.67,11.14,11.3,11.61,12.43,12.79,12.9,13.35,13.51,13.02,12.79,12.73,12.19,11.69,11.83,11.7,11.43,11.67,11.95,11.77,11.95,12.36,12.34,12.28,12.78,13.08,13.06
19.5,0.126,0.707,-0.336,0.469,5.971,10.84,14.97,18.4,21.54,22.92,19.56,16.72,14.53,12.6,11,9.828,8.918,7.994,7.462,7.252,6.881,6.678,6.769,6.797,6.643,6.818,7.014,6.958,7.089,7.21,7.175,7.221,7.243,7.257,7.241,7.206,7.105,6.994,6.979,6.983,7.035,6.924,7.136,7.228,7.066,7.384,7.733,7.801,8.032,8.685,9.039,9.112,9.629,10.05,9.801,9.805,10.13,9.929,9.683,9.929,10.07,9.896,10.24,10.84,10.87,11.17,11.99,12.33,12.44,12.85,12.96,12.51,12.28,12.2,11.65,11.25,11.37,11.23,11.03,11.27,11.55,11.42,11.58,12.01,11.99,11.96,12.42,12.63,12.58
5,0.084,0.707,-0.189,-0.091,0.098,3.927,9.765,14.82,19.23,23.28,26.68,26.12,23.06,20.31,17.95,16.27,14.89,13.52,12.61,12.23,11.56,11.08,11.21,11.16,10.82,11.06,11.39,11.24,11.56,11.81,11.8,11.93,11.99,12.11,11.88,11.98,11.93,11.97,12.08,12.23,12.18,12.19,12.11,12.23,11.94,12.06,12.21,12.44,12.39,12.86,13.1,13.02,13.4,13.78,13.64,13.65,14.02,13.8,13.42,13.55,13.44,13.03,13.02,12.94,12.9,13.11,13.27,13.34,13.22,13.6,13.82,13.57,13.71,13.77,13.92,13.88,14.34,14.55,14.49,15,15.51,15.52,15.84,16.47,16.57,16.53,17.13,17.47,17.4
5,0.084,0.735,-0.343,-0.343,-0.014,-0.259,-0.35,-0.329,4.851,10.09,14.51,18.27,21.81,25.81,22.29,19.59,17.27,15.17,13.68,12.7,11.65,10.84,10.65,10.37,9.94,10.01,10.15,10.06,10.32,10.54,10.54,10.77,10.93,11.08,10.91,11.1,11.34,11.09,10.98,11.29,11.2,10.9,11.05,11.16,10.81,10.86,10.96,11.12,11.04,11.46,11.61,11.48,11.8,12.16,12.05,12.16,12.55,12.41,12.13,12.27,12.21,11.79,11.82,11.7,11.65,11.81,11.93,11.95,11.82,12.2,12.4,12.19,12.36,12.68,12.55,12.47,12.88,12.98,12.9,13.37,13.83,13.85,14.19,14.83,14.97,15.03,15.57,15.87,15.76
5,0.336,-0.14,-0.364,3.85,8.834,13.23,17.16,20.34,22.65,22.09,19.08,16.65,14.83,13.26,11.82,10.9,10.15,9.38,9.002,8.953,8.701,8.456,8.736,8.771,8.659,8.869,9.159,9.075,9.248,9.397,9.359,9.285,9.494,9.627,9.389,9.511,9.683,9.446,9.333,9.637,9.632,9.452,9.665,9.824,9.572,9.774,10.17,10.16,10.19,10.59,10.78,10.72,10.99,11.19,10.95,10.88,11.07,10.87,10.56,10.75,10.68,10.35,10.47,10.71,10.57,10.6,11.07,11.13,11.06,11.38,11.55,11.32,11.45,11.79,11.7,11.73,12.25,12.49,12.54,13.03,13.51,13.5,13.77,14.31,14.34,14.34,14.91,15.29,15.34
5,0.854,-0.273,-0.154,-0.2397,-0.203,-0.329,-0.196,0.378,4.382,9.8,14.43,18.29,21.88,25.75,22.64,19.52,16.9,14.5,12.72,11.51,10.33,9.401,8.974,8.519,8.085,8.134,8.12,8.12,8.141,8.347,8.599,8.526,8.925,9.039,8.829,9.005,9.25,9.049,8.962,9.261,9.166,9.168,9.079,9.166,8.9,8.942,9.079,9.247,9.224,9.688,9.842,9.807,10.21,10.71,10.69,10.86,11.31,11.21,10.98,11.15,11.03,10.62,10.57,10.48,10.4,10.59,10.73,10.76,10.7,11.09,11.35,11.15,11.37,11.68,11.53,11.74,11.85,11.91,11.84,12.32,12.79,12.84,13.21,13.92,14.08,14.13,14.74,15.02,14.9
15,-0.273,-0.301,0.238,-0.245,2.128,6.958,11.09,14.69,17.88,20.78,20.56,17.78,15.67,13.87,12.26,11.22,10.47,9.681,9.324,9.408,9.387,9.611,10.28,10.66,10.87,11.25,11.46,11.13,10.82,10.78,10.33,9.849,9.698,9.422,8.9,8.736,8.631,8.26,7.994,8.092,7.931,7.707,7.777,7.843,7.693,7.801,8.085,8.127,8.221,8.627,8.837,8.848,9.11,9.362,9.198,9.173,9.366,9.184,8.988,9.149,9.156,9.026,9.24,9.625,9.688,9.901,10.54,10.86,10.96,11.38,11.59,11.31,11.26,11.28,10.87,10.55,10.68,10.54,10.34,10.51,10.7,10.52,10.65,10.97,10.91,10.86,11.26,11.44,11.43
15,-0.224,-0.385,-0.315,0.07,2.632,7.112,10.93,14.22,17.02,19.65,19.03,16.42,14.48,12.75,11.25,10.28,9.534,8.799,8.484,8.47,8.393,8.442,8.932,9.268,9.317,9.604,9.803,9.572,9.32,9.411,9.072,8.673,8.631,8.438,8.053,7.906,7.892,7.584,7.364,7.497,7.381,7.231,7.325,7.441,7.325,7.472,7.875,8.001,8.179,8.704,9.016,9.11,9.502,9.768,9.649,9.59,9.772,9.562,9.313,9.359,9.404,9.247,9.415,9.768,9.88,10.08,10.7,10.98,11.06,11.36,11.48,11.15,10.97,10.94,10.52,10.14,10.19,10.05,9.807,9.954,10.1,9.947,10.01,10.1,10.23,10.19,10.52,10.7,10.67
15,-0.392,-0.028,0.588,3.171,7.609,11.47,14.85,17.6,19.75,19.53,16.89,14.8,13.31,11.91,10.72,10,9.527,8.946,8.806,9.009,9.037,9.184,9.705,9.999,10.08,10.4,10.63,10.32,10.02,10.14,9.789,9.387,9.404,9.219,8.862,8.746,8.806,8.494,8.302,8.491,8.421,8.432,8.365,8.452,8.291,8.417,8.855,8.851,8.942,9.408,9.642,9.642,9.978,10.23,10.07,10.1,10.37,10.23,10.04,10.25,10.33,10.17,10.37,10.78,10.82,11.01,11.67,11.9,11.92,12.32,12.51,12.13,12.09,12.17,11.78,11.45,11.64,11.53,11.32,11.53,11.74,11.54,11.69,12.08,12.03,11.99,12.45,12.72,12.69
15,-0.231,0.21,-0.238,-0.315,4.102,8.785,12.85,16.26,19.27,22.93,19.68,16.93,14.87,13.06,11.5,10.54,9.863,9.114,8.89,9.023,9.135,9.247,9.891,10.25,10.3,10.62,10.77,10.43,10.1,10.11,9.716,9.282,9.18,9.002,8.54,8.438,8.368,8.029,7.864,7.938,7.857,7.63,7.847,7.952,7.794,7.997,8.393,8.522,8.673,9.212,9.471,9.527,9.782,10.01,9.765,9.66,9.87,9.66,9.457,9.579,9.681,9.562,9.824,10.24,10.36,10.58,11.25,11.49,11.49,11.77,11.88,11.43,11.27,11.25,10.85,10.52,10.67,10.61,10.41,10.62,10.82,10.67,10.78,11.1,11.09,11.04,11.5,11.77,11.82
13.9,0.021,-0.672,7.133,13.87,19.54,24.7,29.41,30.26,25.77,21.86,18.56,15.74,13.54,11.57,9.933,8.764,7.875,7,6.538,6.293,5.971,5.754,5.852,5.957,5.88,6.076,6.272,6.16,6.181,6.433,6.387,6.282,6.281,6.189,6.134,6.06,6.114,5.938,5.939,5.91,5.869,5.897,6.032,6.062,6.012,6.2,6.485,6.582,6.793,7.201,7.451,7.558,7.857,8.114,7.975,7.905,7.995,7.838,7.64,7.735,7.874,7.819,7.941,8.44,8.704,8.829,9.561,9.779,9.809,10.12,10.27,9.917,9.705,9.679,9.28,8.941,9.032,8.962,8.781,8.976,9.198,9.096,9.187,9.481,9.457,9.376,9.737,9.933,9.889
13.9,0.364,-0.322,-0.266,-0.133,-0.658,5.306,10.04,14.12,17.44,20.57,22.7,19.12,16.33,13.92,11.94,10.47,9.331,8.246,7.539,7.266,6.825,6.517,6.58,6.559,6.356,6.517,6.734,6.671,6.844,7,6.972,7.017,7.028,6.951,6.858,6.899,6.837,6.806,6.785,6.949,6.909,6.834,7.059,7.231,7.114,7.445,7.98,8.148,8.517,9.282,9.873,10.06,10.68,11.21,11,10.89,11.14,10.89,10.46,10.58,10.6,10.39,10.44,10.8,10.87,11.01,11.7,11.94,11.96,12.3,12.4,11.97,11.75,11.68,11.21,10.79,10.87,10.75,10.5,10.68,10.91,10.79,10.88,11.01,11.21,11.15,11.57,11.76,11.76
13.9,-0.28,-0.308,0.147,-0.189,1.645,7.371,12.34,16.41,19.94,22.95,23.37,19.73,17.02,14.59,12.59,11.12,9.926,8.848,8.113,7.735,7.364,7.07,7.105,7.077,6.951,7.035,7.259,7.175,7.206,7.245,7.353,7.247,7.455,7.447,7.44,7.403,7.316,7.214,7.206,7.21,7.251,7.171,7.365,7.437,7.383,7.623,7.982,8.119,8.467,9.138,9.56,9.808,10.34,10.87,10.72,10.63,10.92,10.68,10.28,10.43,10.5,10.27,10.37,10.69,10.76,10.92,11.58,11.85,11.92,12.27,12.37,11.99,11.77,11.72,11.23,10.82,10.87,10.74,10.51,10.68,10.89,10.78,10.88,11.22,11.18,11.12,11.49,11.67,11.61
13.9,-0.182,-0.329,-0.105,0.476,1.729,7.042,11.65,15.53,18.87,21.79,21.83,18.39,15.91,13.66,11.83,10.49,9.604,8.568,7.973,7.854,7.49,7.266,7.42,7.525,7.455,7.637,7.854,7.763,7.759,8.05,7.964,8.029,8.045,7.938,7.854,7.824,8.053,7.863,7.691,7.94,7.934,7.763,7.957,8.169,8.041,8.255,8.717,8.846,8.986,9.618,9.956,9.978,10.32,10.62,10.42,10.27,10.48,10.29,10,10.22,10.29,10.15,10.44,10.89,11,11.24,11.92,12.24,12.25,12.56,12.63,12.18,11.97,11.98,11.54,11.17,11.4,11.34,11.18,11.45,11.74,11.66,11.78,12.21,12.23,12.18,12.69,12.98,13.04
12.7,-0.28,0.245,-0.35,3.591,7.203,10.49,13.49,16.16,18.26,17.61,15.69,14.05,13.02,12.1,11.21,10.84,10.76,10.49,10.68,11.27,11.62,11.92,12.62,12.94,12.91,12.97,12.94,12.47,11.98,11.89,11.36,10.81,10.59,10.34,9.761,9.513,9.411,9.033,8.732,8.788,8.631,8.396,8.459,8.508,8.344,8.463,8.778,8.869,8.956,9.387,9.614,9.698,9.985,10.29,10.13,10.11,10.3,10.13,9.838,9.971,9.989,9.803,9.95,10.24,10.31,10.38,10.95,11.13,11.17,11.41,11.54,11.21,11.06,11.14,10.84,10.51,10.67,10.62,10.4,10.58,10.77,10.62,10.64,10.94,10.89,10.78,11.13,11.3,11.27
12.7,0.798,-0.35,-0.399,3.633,7.903,11.6,14.99,17.73,20.36,19.18,16.86,14.94,13.57,12.35,11.25,10.81,10.51,10.22,10.4,11.1,11.46,11.86,12.73,13.16,13.04,13.23,13.22,12.71,12.14,11.95,11.4,10.78,10.44,10.1,9.516,9.177,9.019,8.631,8.274,8.239,8.081,7.798,7.85,7.903,7.791,7.829,8.2,8.225,8.323,8.795,9.019,9.068,9.348,9.59,9.408,9.289,9.46,9.32,9.233,9.072,9.079,8.869,9.023,9.376,9.408,9.541,10.13,10.34,10.36,10.71,10.87,10.6,10.54,10.66,10.35,10.1,10.31,10.28,10.09,10.26,10.48,10.32,10.37,10.5,10.69,10.6,11.01,11.25,11.22
12.7,-0.308,0.259,-0.224,-0.574,0.63,5.047,8.652,11.77,14.57,17.17,18.75,16.43,14.68,13.14,11.9,11,10.48,10.04,10.08,10.58,10.94,11.42,12.36,13,13.09,13.37,13.57,13.07,12.56,12.35,11.81,11.13,10.8,10.43,9.754,9.492,9.254,8.767,8.368,8.337,8.113,7.798,7.756,7.78,7.612,7.686,7.969,8.004,8.113,8.512,8.813,8.869,9.191,9.492,9.411,9.345,9.516,9.338,9.037,9.1,9.082,8.865,8.946,9.222,9.236,9.359,9.88,10.17,10.19,10.54,10.73,10.47,10.4,10.5,10.18,9.894,10.01,9.943,9.737,9.898,10.09,9.912,9.968,10.27,10.2,10.1,10.46,10.63,10.57
12.7,-0.126,0.301,1.155,6.321,10.89,14.88,18.51,21.76,22.85,20.13,17.63,15.48,14.05,12.64,11.49,10.9,10.58,10.22,10.35,11.01,11.47,11.77,12.74,13.26,13.23,13.33,13.42,12.87,12.21,12.14,11.56,10.91,10.69,10.26,9.663,9.348,9.247,8.76,8.344,8.41,8.242,7.917,7.987,8.043,7.931,8.099,8.459,8.606,8.739,9.348,9.733,9.912,10.34,10.69,10.61,10.45,10.64,10.45,10.1,10.21,10.25,10.01,10.2,10.58,10.63,10.79,11.51,11.77,11.83,12.25,12.45,12.14,12.12,12.29,11.97,11.72,11.98,11.98,11.78,12.04,12.35,12.19,12.31,12.74,12.74,13,13.16,13.37,13.28
12.7,0.098,0.952,-0.406,-0.259,0.189,2.716,7.672,12.15,15.91,19.56,22.67,23.38,21.28,19.31,17.53,16.58,15.96,15.18,15.08,15.63,16.01,16.35,17.36,18.11,18.11,18.45,18.67,18.13,17.52,17.53,16.84,16.08,15.89,15.5,14.72,14.38,14.28,13.63,13.18,13.25,12.92,12.51,12.5,12.34,12.18,12.18,12.34,12.54,12.45,12.97,13.18,13.08,13.36,13.74,13.51,13.5,13.81,13.65,13.36,13.57,13.67,13.4,13.7,14.1,14.11,14.35,15.2,15.59,15.72,16.24,16.51,16.14,16.01,16.14,15.67,15.19,15.39,15.24,14.93,15.12,15.39,15.14,15.21,15.64,15.57,15.42,15.91,16.12,16.03
12.7,-0.371,-0.329,-0.126,0.798,-0.476,1.183,6.664,11.36,15.49,19.33,22.66,24.75,22.3,20.11,18.19,16.95,16.26,15.49,15.23,15.78,16.12,16.64,17.86,18.58,18.72,19.08,19.31,18.61,17.92,17.9,17.13,16.27,16,15.55,14.72,14.24,14.13,13.47,12.88,12.9,12.61,12.11,12.09,12.07,11.68,11.7,11.81,11.98,11.9,12.35,12.52,12.46,12.78,13.08,12.89,12.81,13.12,12.98,12.93,12.79,12.81,12.53,12.64,13,12.96,13.1,13.8,14.06,14.15,14.59,14.89,14.61,14.59,14.82,14.5,14.17,14.48,14.45,14.21,14.46,14.78,14.62,14.71,15.16,15.11,14.96,15.48,15.71,15.61
12.7,-0.392,-0.427,-0.006999,0.693,-0.623,4.634,8.799,12.38,15.69,18.79,21.78,19.66,18.12,16.64,15.27,14.59,14.22,13.74,13.75,14.48,14.78,15.21,16.32,16.97,16.99,17.19,17.4,16.81,16.31,16.14,15.53,14.82,14.59,14.21,13.53,13.21,13.11,12.56,12.08,12.21,11.92,11.53,11.58,11.45,11.34,11.55,11.7,11.71,11.7,12.16,12.39,12.37,12.71,13.15,12.98,12.95,13.26,13.08,13.07,12.97,12.97,12.69,12.8,13.16,13.08,13.2,13.94,14.22,14.3,14.76,15.06,14.77,14.74,14.96,14.59,14.24,14.53,14.49,14.24,14.51,14.82,14.65,14.77,15.27,15.22,15.12,15.65,15.89,15.78
12.7,-0.448,0,0.777,-0.301,2.758,7.602,11.86,15.26,18.34,21.54,21.49,18.91,17.14,15.49,14.08,13.3,12.98,12.54,12.62,13.55,14.17,14.75,15.91,16.62,16.67,16.93,16.98,16.3,15.53,15.33,14.56,13.71,13.41,12.92,12.1,11.72,11.6,10.98,10.5,10.56,10.23,9.807,9.807,9.698,9.569,9.611,9.898,9.919,9.919,10.4,10.64,10.62,10.93,11.29,11.14,11.05,11.35,11.19,11.16,11.05,11.05,10.82,10.93,11.31,11.32,11.43,12.21,12.52,12.57,13.08,13.34,13.05,12.99,13.19,12.82,12.47,12.75,12.68,12.42,12.72,13.03,12.82,12.94,13.41,13.35,13.24,13.75,14.02,13.92
16.9,0.154,0.749,-0.266,-0.294,0,-0.2082,-0.308,-0.231,0.14,2.051,4.907,7.49,10.32,12.89,15.37,16.51,16.39,16.12,16.37,17.28,17.84,18.48,19.67,20.44,20.61,20.64,20.46,19.21,17.76,16.97,15.48,14.03,13.38,12.66,11.74,11.38,11.39,10.93,10.81,11.18,11.25,11.07,11.55,11.9,11.82,12.27,12.94,13.15,13.31,14.08,14.42,14.43,14.91,15.38,15.25,15.39,16.07,16.26,16.51,17.47,18.35,19.11,20.62,22.56,24.22,26.44,29.6,32.56,35.79,39.91,44.24,48.42,53.34,58.25,62.15,65.23,67.73,68.8,69.15,70.39,72.46,74.77,77.83,81.21,84,86.6,89.73,92.4,94.82
16.9,-0.231,-0.357,-0.077,-0.3027,-0.42,-0.357,0,0.735,2.17,5.537,8.561,11.31,14.49,17.27,18.61,18.63,18.99,19.26,20,21.59,22.72,23.86,25.68,26.97,27.33,27.54,27.24,25.4,23.21,21.67,19.39,17.18,15.88,14.7,13.26,12.6,12.32,11.65,11.26,11.55,11.47,11.24,11.58,11.92,11.86,12.23,12.94,13.1,13.28,14.03,14.36,14.43,14.94,15.44,15.34,15.59,16.23,16.47,16.69,17.63,18.44,19.11,20.47,22.19,23.6,25.4,28.08,30.39,32.7,35.79,38.67,40.96,43.6,45.89,47.02,47.46,48.22,48.76,49.8,52.31,55.32,58.1,61.56,65.46,68.67,71.9,76.22,80.11,83.55
16.9,-0.028,0.826,-0.441,-0.399,0.112,0.952,-0.343,1.47,4.459,7.658,10.45,13.1,16.11,18.03,17.36,17.51,17.95,18.21,19.04,20.46,21.56,22.53,24.21,25.27,25.41,25.43,24.92,23.14,21.08,19.61,17.57,15.55,14.42,13.38,12.07,11.58,11.31,10.75,10.4,10.68,10.59,10.49,10.78,11.08,11.04,11.39,11.99,12.16,12.35,13.06,13.38,13.41,13.9,14.34,14.29,14.54,15.2,15.42,15.66,16.52,17.34,17.97,19.28,20.91,22.29,23.95,26.51,28.7,30.87,33.74,36.3,38.3,40.56,42.57,43.41,43.77,44.66,45.49,46.77,49.43,52.54,55.34,58.89,62.88,66.19,69.62,73.88,77.73,81.14
16.9,-0.35,-0.091,0.399,-0.252,-0.455,-0.056,1.981,5.803,9.352,13,16.27,18.68,20.63,19.92,19.45,19.69,20.44,20.99,22.13,23.89,25.26,26.47,28.49,29.79,29.89,29.88,29.25,26.91,24.21,22.32,19.59,17.03,15.6,14.14,12.58,11.84,11.47,10.82,10.33,10.55,10.44,10.23,10.57,10.89,10.83,11.19,11.84,12.08,12.3,12.97,13.34,13.39,13.92,14.37,14.31,14.55,15.23,15.45,15.64,16.55,17.34,17.9,19.1,20.62,21.76,23.16,25.27,26.8,28.1,29.86,31.18,31.66,32.3,32.87,32.63,32.57,33.68,34.94,36.48,39.14,42.04,44.51,47.69,51.6,54.91,58.42,63.13,67.26,71.01
7,0.203,-0.35,-0.42,-0.378,0.413,3.01,7.84,11.85,15.39,18.9,21.64,21.73,19.68,17.9,16.36,15.57,15.21,14.83,15.04,15.87,16.6,17.19,18.47,19.09,19.11,19.2,19.12,18.18,17.27,16.91,16,15.1,14.65,14.1,13.33,12.82,12.59,11.99,11.5,11.49,11.15,10.76,10.77,10.74,10.47,10.52,10.65,10.82,10.8,11.25,11.5,11.45,11.72,12,11.83,11.73,11.98,11.78,11.45,11.57,11.58,11.28,11.37,11.64,11.58,11.62,12.17,12.37,12.35,12.72,12.89,12.64,12.64,12.62,12.68,12.82,12.93,13.06,12.94,13.3,13.7,13.62,13.78,14.24,14.22,14.13,14.62,14.85,14.79
7,0.217,-0.497,-0.448,-0.308,0.427,1.029,6.181,10.51,14.26,17.79,20.92,22.84,20.45,18.42,16.61,15.52,15.01,14.54,14.61,15.38,16.05,16.72,17.98,18.76,18.82,19.01,18.92,18.09,17.11,16.72,15.82,14.78,14.37,13.8,12.96,12.45,12.17,11.59,10.98,10.93,10.63,10.14,10.12,10.09,9.772,9.821,9.894,10.03,9.954,10.36,10.46,10.39,10.64,10.86,10.68,10.56,10.8,10.58,10.28,10.37,10.38,10.12,10.19,10.27,10.4,10.4,10.94,11.12,11.1,11.44,11.65,11.45,11.44,11.47,11.56,11.42,11.79,11.91,11.84,12.21,12.58,12.49,12.64,13.1,13.1,13.02,13.5,13.73,13.71
7,-0.49,-0.511,-0.182,-0.203,4.816,8.82,12.4,15.35,18.14,21.07,18.63,16.6,15.36,14.29,13.39,13.1,13.16,13.16,13.59,14.66,15.42,16.15,17.25,17.69,17.62,17.59,17.26,16.41,15.47,15.05,14.22,13.36,12.89,12.39,11.65,11.2,10.86,10.4,9.894,9.842,9.558,9.215,9.145,9.149,8.869,8.907,8.997,9.121,9.089,9.432,9.551,9.506,9.747,9.912,9.73,9.632,9.828,9.611,9.38,9.492,9.474,9.229,9.306,9.583,9.565,9.618,10.1,10.26,10.28,10.58,10.72,10.51,10.52,10.53,10.59,10.48,10.8,10.92,10.85,11.21,11.49,11.46,11.57,11.72,11.95,11.9,12.32,12.57,12.55
7,0.238,-0.406,-0.371,-0.336,0.371,5.663,9.989,13.63,16.9,20.06,22.67,19.95,18.14,16.52,15.12,14.43,14.13,13.63,13.73,14.42,14.8,15.17,16.11,16.62,16.53,16.62,16.66,15.91,15.28,15.09,14.42,13.64,13.31,12.87,12.19,11.74,11.58,10.99,10.51,10.49,10.21,9.81,9.856,9.922,9.663,9.737,10.09,10.13,10.17,10.68,10.99,10.97,11.37,11.74,11.6,11.57,11.83,11.64,11.31,11.46,11.42,11.19,11.27,11.53,11.47,11.54,12.11,12.26,12.27,12.6,12.78,12.47,12.45,12.72,12.46,12.27,12.67,12.75,12.63,13.02,13.39,13.29,13.45,13.94,13.91,14.16,14.31,14.51,14.41
50.6,-0.427,0.035,1.449,3.612,6.944,9.982,12.59,14.96,17.64,15.95,14.46,13.15,12.49,11.94,11.4,11.47,11.7,11.84,12.32,13.16,13.65,13.97,14.68,14.98,14.81,14.73,14.6,13.94,13.35,13.1,12.49,11.84,11.48,11.06,10.38,10.02,9.796,9.366,8.956,9.009,8.883,8.645,8.834,9.037,9.131,9.387,10.08,10.47,10.79,11.6,12.07,12.18,12.55,12.74,12.43,12.15,12.24,11.95,11.67,11.93,12.15,12.31,12.97,13.93,14.64,15.4,16.78,17.52,17.77,18.26,18.27,17.42,16.75,16.22,15.08,14.03,13.59,12.9,12.17,11.92,11.77,11.35,11.17,11.36,11.27,11.1,11.48,11.72,11.7
50.6,0.329,-0.42,3.619,7.294,10.28,13.05,15.57,18.25,16.3,14.73,13.29,12.02,11.44,10.81,10.3,10.3,10.42,10.48,10.69,11.35,11.75,11.98,12.56,12.76,12.53,12.5,12.4,11.88,11.43,11.3,10.84,10.27,10.02,9.653,9.124,8.855,8.729,8.309,8.046,8.116,7.983,7.829,8.053,8.284,8.393,8.813,9.537,9.971,10.44,11.35,11.99,12.21,12.59,12.93,12.66,12.44,12.51,12.27,11.97,12.25,12.52,12.74,13.38,14.43,15.19,16.02,17.39,18.19,18.33,18.74,18.63,17.63,16.83,16.16,14.96,13.8,13.3,12.62,11.86,11.58,11.42,10.98,10.82,10.97,10.81,10.67,11.03,11.21,11.2
50.6,0.644,-0.364,-0.427,0.476,4.487,8.134,11.25,13.92,16.31,18.49,16.51,14.85,13.88,12.98,12.18,11.93,11.91,11.87,12.14,12.91,13.31,13.64,14.48,14.86,14.67,14.84,14.82,14.25,13.66,13.54,12.96,12.28,11.99,11.6,10.99,10.63,10.46,10.01,9.604,9.649,9.478,9.247,9.439,9.635,9.681,10.03,10.72,11.12,11.49,12.43,13,13.18,13.63,14,13.66,13.41,13.56,13.24,12.91,13.14,13.38,13.43,14.05,15.03,15.77,16.53,18.01,18.88,19.2,19.81,19.91,19.06,18.4,17.86,16.66,15.47,14.99,14.24,13.45,13.17,13,12.5,12.32,12.53,12.39,12.23,12.61,12.84,12.82
50.6,0.154,-0.56,-0.819,3.787,7.028,9.877,12.6,14.85,17.44,15.63,14.13,12.87,12.21,11.59,11.12,11.14,11.4,11.53,11.96,12.81,13.25,13.6,14.23,14.48,14.17,14.13,14.06,13.46,12.84,12.69,12.15,11.42,11.17,10.8,10.22,9.905,9.702,9.268,8.921,8.984,8.907,8.753,8.974,9.243,9.327,9.772,10.57,11.08,11.5,12.43,13.04,13.21,13.63,13.91,13.56,13.27,13.37,13.05,12.74,13.02,13.34,13.5,14.22,15.35,16.18,17.06,18.63,19.49,19.71,20.18,20.12,19.13,18.26,17.57,16.28,15.05,14.57,13.81,13,12.75,12.62,12.12,11.97,12.19,12.06,11.92,12.35,12.58,12.55
63.2,-0.266,3.763,8.374,12.93,17.43,21.38,23.57,23.25,21.22,18.74,16.38,14.43,12.88,11.6,10.64,9.918,9.361,9.048,9.006,9.028,9.037,9.192,9.422,9.528,9.573,9.583,9.45,9.24,9.074,8.87,8.569,8.348,8.131,7.875,7.638,7.522,7.348,7.193,7.139,7.164,7.159,7.244,7.391,7.518,7.667,7.94,8.202,8.464,8.804,9.202,9.537,9.92,10.31,10.6,10.85,11.2,11.53,11.84,12.28,12.85,13.43,14.17,15.11,16.04,17,18.08,19.04,19.61,19.87,19.76,19.11,18.13,17.13,16.02,14.91,14.03,13.34,12.75,12.34,12.12,11.95,11.87,11.91,11.97,12.1,12.33,12.69,12.93,13.13
63.2,0.413,-0.029,-0.4534,0.8233,4.044,8.362,12.63,16.99,20.58,22.32,21.49,19.48,17.23,15.2,13.59,12.38,11.36,10.61,10.22,9.983,9.795,9.795,9.911,10.03,10.19,10.41,10.42,10.34,10.28,10.17,9.884,9.665,9.468,9.171,8.896,8.734,8.527,8.31,8.252,8.272,8.241,8.311,8.476,8.595,8.741,9.028,9.308,9.571,9.96,10.4,10.76,11.18,11.66,12.03,12.36,12.8,13.17,13.45,13.86,14.36,14.83,15.46,16.34,17.24,18.23,19.44,20.65,21.58,22.3,22.67,22.4,21.71,20.82,19.66,18.36,17.24,16.31,15.44,14.84,14.5,14.24,14.02,14.02,14.05,14.18,14.42,14.8,15.01,15.17
63.2,0.511,-0.001667,-0.102,-0.4277,0.2551,2.705,7.601,12.86,18.14,22.89,25.79,25.86,23.39,20.31,17.43,15.08,13.17,11.67,10.64,9.845,9.267,8.96,8.825,8.711,8.721,8.891,8.969,8.988,9.004,8.965,8.745,8.505,8.236,7.858,7.449,7.115,6.773,6.467,6.29,6.187,6.054,5.989,6.003,6.009,6.057,6.193,6.346,6.51,6.784,7.086,7.328,7.593,7.929,8.171,8.402,8.666,8.907,9.08,9.361,9.765,10.2,10.79,11.62,12.55,13.63,14.94,16.27,17.33,18.13,18.52,18.29,17.55,16.56,15.31,13.97,12.81,11.86,11.04,10.46,10.1,9.811,9.633,9.621,9.633,9.637,9.742,9.951,10.08,10.17
63.2,0.007003,0.05467,-0.2755,-0.5276,0.6567,4.128,9.547,15.14,20.9,25.71,28.04,27.07,24.21,20.94,18,15.62,13.62,12.08,11,10.21,9.514,9.085,8.937,8.893,8.869,8.878,8.903,9.001,9.09,9.068,8.863,8.62,8.329,7.926,7.523,7.214,6.886,6.565,6.351,6.221,6.104,6.08,6.104,6.099,6.13,6.285,6.433,6.571,6.763,7.019,7.227,7.468,7.75,7.96,8.143,8.394,8.643,8.834,9.135,9.543,9.994,10.61,11.5,12.48,13.6,14.96,16.34,17.43,18.25,18.66,18.41,17.65,16.65,15.42,14.1,12.98,12.07,11.29,10.74,10.43,10.2,10.03,10.03,10.05,10.12,10.27,10.52,10.67,10.79
0.8,0.273,-0.231,-0.483,-0.266,3.157,7.91,11.91,15.48,18.18,21.15,20.12,17.35,15.38,13.66,11.88,11.05,10.41,9.303,9.065,8.904,8.932,8.806,9.156,9.516,9.481,10.15,10.14,9.908,9.912,9.691,9.348,8.785,8.68,8.211,7.451,7.157,7.112,6.625,6.282,6.223,6.002,5.911,5.918,5.904,5.663,5.715,5.988,5.999,5.866,6.331,6.163,6.282,6.352,6.43,6.583,6.503,6.653,6.72,6.415,6.422,6.344,6.254,6.282,6.303,6.335,6.338,6.615,6.38,6.603,6.678,6.622,6.54,6.545,6.526,6.492,6.46,6.643,6.908,6.964,7.363,7.686,7.693,8.265,8.351,8.375,8.589,8.766,8.92,9.159
0.8,-0.343,4.158,9.912,14.96,19.15,22.97,26.19,24.67,21.48,18.77,16.32,14.27,12.57,11.35,10.04,9.163,8.694,8.106,7.672,7.875,7.581,7.819,8.099,8.211,8.425,8.701,8.69,8.477,8.2,8.232,7.843,7.392,7.297,7.084,6.695,6.531,6.394,6.146,5.901,5.974,5.904,5.74,5.775,5.776,5.789,5.799,6.289,6.076,6.279,6.615,6.758,7.105,7.094,7.253,7.451,7.36,7.379,7.402,7.301,7.262,7.462,6.982,7.15,7.304,7.091,7.276,7.413,7.455,7.448,7.472,7.488,7.352,7.628,7.437,7.363,7.63,7.647,7.763,8.004,8.123,8.454,8.466,8.666,8.86,8.878,9.083,9.298,9.298,9.254
0.8,-0.308,0.525,-0.364,0.392,1.904,6.062,9.66,12.56,15.11,17.46,17.48,14.99,13.19,11.6,10.26,9.226,8.764,7.889,7.336,7.49,7.154,7.063,7.182,7.42,7.308,7.714,7.745,7.521,7.465,7.726,7.189,6.893,6.954,6.625,6.214,5.887,5.999,5.554,5.365,5.262,5.183,5.148,5.12,5.112,5.094,5.169,5.263,5.314,5.467,5.586,5.728,5.842,5.98,6.156,6.245,6.277,6.324,6.243,6.191,6.181,6.221,6.109,6.035,6.174,6.28,6.248,6.509,6.606,6.629,6.639,6.788,6.76,6.77,6.755,6.778,6.632,6.856,7.002,7.085,7.276,7.542,7.819,7.901,8.118,8.102,8.232,8.575,8.601,8.561
0.8,-0.182,-0.028,0.637,0.056,0.875,3.01,7.602,11.54,14.87,18.09,20.56,19.63,17.03,14.89,12.88,11.55,10.79,9.324,8.715,8.302,8.015,7.259,7.553,7.024,7.028,6.748,7.052,6.818,6.981,7.124,6.823,6.687,6.699,6.557,6.027,6.06,5.885,5.523,5.4,5.523,5.362,5.465,5.488,5.488,5.285,5.365,5.473,5.619,5.623,5.731,6.179,6.097,6.202,6.387,6.414,6.34,6.529,6.398,6.319,6.44,6.291,6.088,6.135,6.165,6.377,6.139,6.457,6.454,6.505,6.545,6.564,6.438,6.487,6.31,6.452,6.35,6.631,6.758,6.811,7.114,7.483,7.721,7.775,8.15,8.23,8.111,8.944,8.678,9.121
0,-0.371,-0.329,-0.231,2.786,8.071,12.56,16.3,19.55,22.29,21.5,18.35,15.67,13.78,12.14,10.59,9.695,8.932,7.994,7.462,7.231,6.72,6.251,6.272,5.925,5.547,5.666,5.467,5.313,5.225,5.295,5.183,5.036,4.956,4.972,4.77,4.812,4.942,4.787,4.681,4.713,4.717,4.789,4.838,4.924,4.984,5.127,5.206,5.353,5.491,5.657,5.74,5.831,5.918,6.039,6.005,5.915,6,5.952,5.779,5.801,5.844,5.819,5.795,5.96,6.038,5.932,6.121,6.217,6.089,6.129,6.204,6.177,6.067,6.292,6.409,6.346,6.65,6.905,6.968,7.201,7.556,7.815,7.982,8.346,8.409,8.487,8.899,9.158,9.289
0.1,-0.322,-0.189,0.644,-0.357,3.955,8.603,12.58,16.15,19.08,22.64,19.28,16.35,14.11,12.14,10.47,9.289,8.344,7.336,6.713,6.3,5.768,5.39,5.236,4.977,4.746,4.641,4.62,4.382,4.333,4.487,4.34,4.235,4.354,4.326,4.2,4.186,4.224,4.252,4.259,4.49,4.525,4.483,4.557,4.616,4.604,4.6,4.741,4.819,4.995,5.186,5.385,5.568,5.772,5.961,6.051,6.157,6.307,6.332,6.304,6.274,6.303,6.25,6.221,6.354,6.442,6.294,6.517,6.682,6.626,6.669,6.893,6.733,6.529,6.665,6.7,6.546,6.749,6.915,6.945,7.111,7.451,7.705,7.905,8.235,8.298,8.325,8.629,8.752,8.715
0.2,0.287,-0.406,-0.462,-0.091,0.392,-0.28,1.687,6.741,11.09,14.84,18.12,20.89,21.59,18.58,16.06,14.24,12.85,11.37,10.37,9.863,8.995,8.183,7.966,7.437,6.79,6.667,6.531,6.023,5.796,5.81,5.603,5.365,5.456,5.32,5.085,5.096,4.98,4.9,4.84,5.042,5.073,4.989,4.844,4.835,4.768,4.931,5.099,5.078,5.18,5.456,5.431,5.561,5.821,6.008,5.963,6.07,6.164,6.146,6.119,6.065,6.099,5.963,5.937,6.1,6.086,6.199,6.252,6.358,6.3,6.448,6.608,6.565,6.667,6.73,6.765,6.659,7,7.22,7.269,7.522,7.958,8.225,8.465,8.906,9.039,9.107,9.522,9.747,9.753
0.3,-0.378,-0.056,-0.3115,-0.343,-0.469,2.989,7.707,11.64,15.1,18.21,20.89,19.86,17.35,15.18,13.31,12.03,11.1,9.975,9.324,9.002,8.309,7.707,7.525,7.189,6.657,6.527,6.394,5.964,5.866,5.894,5.719,5.47,5.61,5.614,5.344,5.252,5.418,5.236,5.217,5.144,5.093,5.076,5.292,5.381,5.292,5.554,5.721,5.709,5.866,6.183,6.368,6.422,6.711,6.952,6.859,6.915,7.126,7.031,7.025,6.968,6.976,6.799,6.806,7.035,7.01,7.118,7.16,7.266,7.116,7.267,7.389,7.252,7.166,7.299,7.409,7.369,7.738,8.157,8.183,8.55,8.895,8.927,9.196,9.621,9.686,9.781,10.22,10.47,10.54
