sample_id,concentration_ppb,source_file,Ip_corr,Ep,Area_peak,FWHM,Peak_to_bg,Slope_rise,Slope_fall,Symmetry,dIdE_max,d2IdE2_max,Mean,Var,Skew,Kurtosis,Energy,FWHM_valid,Slope_fall_valid,Symmetry_valid,Peak_to_bg_valid
0ppb_S1,0,Ac TW  0ppb.xlsx,3.0460000000000003,-0.0833,0.44059737,0.0,2.3453139918075703,6.498965585110917,-51.56862745098028,-0.12602556838047813,26.30392156862743,744.9058054594375,1.7871920000000001,0.256199019136,0.9807209521417335,3.16194296141696,86.25635659999999,0,1,1,1
0ppb_S2,0,Ac TW  0ppb.xlsx,2.6550000000000002,-0.0833,0.4149507400000001,0.0,2.036042944785276,4.94124241502079,-45.08823529411753,-0.10959050365995257,26.294117647058712,761.7262591311035,1.6802480000000002,0.149775780096,0.9238439276510656,3.518208511067673,74.32522804000003,0,1,1,1
0ppb_S3,0,Ac TW  0ppb.xlsx,2.4266,-0.0833,0.31548698,0.0,2.774779307505833,6.061659958051962,-40.41176470588224,-0.1499974079867302,24.39215686274511,647.8277585544022,1.2821279999999995,0.23350723161600012,1.0014692522441222,2.7958889085965093,46.93398599999998,0,1,1,1
0ppb_S4,0,Ac TW  0ppb.xlsx,3.2844000000000007,-0.0833,0.4582358900000001,0.0,2.7956147220046983,8.670027547939421,-54.51960784313717,-0.1590258604369398,27.764705882352942,1095.251826220683,1.8562880000000002,0.406883923456,0.7134647922121771,2.59742218721183,96.31722656000002,0,1,1,1
0ppb_S5,0,Ac TW  0ppb.xlsx,2.1285999999999996,-0.0833,0.20706873999999997,0.0,8.023974668275029,7.590789011712575,-35.764705882352835,-0.21224245591959565,24.254901960784302,632.929642445213,0.8440879999999998,0.346479910656,0.8358623934786416,2.3417016569667655,26.474111559999994,0,1,1,1
0ppb_S6,0,Ac TW  0ppb.xlsx,2.3676000000000004,-0.0833,0.25191928,0.0,5.617348391382747,7.95306421934079,-39.11764705882343,-0.2033114161335245,25.186274509803923,579.5847750865044,1.02576,0.3665713376000001,0.7762963117419668,2.376911683579981,35.46887288,0,1,1,1
0ppb_S7,0,Ac TW  0ppb.xlsx,2.2854,-0.0833,0.27182278,0.0,3.6149952546662463,6.282229959926142,-37.60784313725484,-0.16704573928896443,24.009803921568633,583.4294502114564,1.105832,0.2474145045760001,0.9811267083441974,2.7791070562300257,36.756972919999995,0,1,1,1
0ppb_S8,0,Ac TW  0ppb.xlsx,2.5342000000000007,-0.0833,0.2846447100000001,0.0,4.68844816103012,7.927438223427048,-42.28431372549013,-0.18747941080212385,26.950980392156865,677.6239907727788,1.1574480000000003,0.3679385544960002,0.8438685875691481,2.529800169677048,42.69061068000002,0,1,1,1
0ppb_S9,0,Ac TW  0ppb.xlsx,1.9312,-0.0833,0.23792418999999998,0.0,3.246805648957634,4.35386731309823,-29.421568627450917,-0.14798216125825406,23.598039215686256,622.8373702422143,0.9680639999999998,0.1349990231040001,1.0979957295926508,3.431730325005052,26.803673279999995,0,1,1,1
0ppb_S10,0,Ac TW  0ppb.xlsx,2.5536000000000003,-0.0833,0.41876187000000015,0.0,1.9962476547842396,4.847971431148208,-44.59803921568618,-0.10870369003673737,25.039215686274503,525.2787389465593,1.6930560000000003,0.12390181606400001,0.47700868453932205,3.441551429517258,74.75851088000005,0,1,1,1
0ppb_S11,0,Ac TW  0ppb.xlsx,2.4305999999999996,-0.0833,0.3773862599999999,0.0,2.5854146279198402,6.121491310705423,-40.91176470588222,-0.14962667474046373,19.901960784313637,502.2106881968469,1.5244799999999996,0.17903614399999998,0.04846721126141521,2.5843467842179075,62.57688535999998,0,1,1,1
0ppb_S12,0,Ac TW  0ppb.xlsx,2.0958,-0.0833,0.30126980999999997,0.0,2.452260600954788,4.22203871611303,-32.89215686274501,-0.1283600444243011,21.794117647058826,509.4194540561318,1.222248,0.11350771609600001,0.9036096911478763,3.469215740094597,40.18494723999999,0,1,1,1
0ppb_S13,0,Ac TW  0ppb.xlsx,2.1606000000000005,-0.0833,0.2431766900000001,0.0,4.205793039009575,6.510763411533941,-35.852941176470495,-0.18159635438240737,22.27450980392156,617.0703575547861,0.9896480000000004,0.261647290496,0.9207769280666946,2.5315660440973247,31.02626136000002,0,1,1,1
0ppb_S14,0,Ac TW  0ppb.xlsx,3.2596000000000003,-0.0833,0.4796323700000001,0.0,2.47622231000638,7.468830697026658,-58.176470588235155,-0.12838232745141911,27.31372549019598,701.6532103037275,1.9401280000000005,0.315007474816,0.7919083845200723,3.072444490067125,101.97760328000004,0,1,1,1
0ppb_S15,0,Ac TW  0ppb.xlsx,2.5360000000000005,-0.0833,0.38787980000000005,0.0,2.5050377336125496,5.867273646466686,-41.166666666666565,-0.14252486590607372,21.794117647058783,593.0411380238368,1.5684,0.17435857600000013,0.2596235863567163,2.9842797368067595,65.85592840000002,0,1,1,1
0ppb_S16,0,Ac TW  0ppb.xlsx,2.3210000000000006,-0.0833,0.3340092800000001,0.0,2.6188112109040036,5.473809620314991,-37.27450980392149,-0.1468512838695766,20.80392156862746,499.32718185313274,1.3532800000000003,0.15973855040000004,0.5943205163837352,2.9037549619274907,49.77763272000002,0,1,1,1
0ppb_S17,0,Ac TW  0ppb.xlsx,2.5204000000000004,-0.0833,0.3281678,0.0,3.3637625453768956,6.782457514870046,-41.186274509803845,-0.16467761640484313,23.284313725490208,435.8900422914263,1.3299680000000003,0.25789208857600004,0.7276017178112733,2.7619739443214537,50.66767424000002,0,1,1,1
0ppb_S18,0,Ac TW  0ppb.xlsx,2.8194000000000004,-0.0833,0.49283545000000006,0.0,1.9025318505722306,5.097301901782939,-47.52941176470577,-0.10724521328008683,32.274509803921426,562.283737024222,1.9891360000000002,0.13653703910400003,-0.2645011711139698,3.8876719216232956,102.32997664,0,1,1,1
0ppb_S19,0,Ac TW  0ppb.xlsx,3.1198000000000006,-0.0833,0.4487342100000001,0.0,2.769217113438665,8.096106133051146,-51.51960784313717,-0.15714611333419948,24.745098039215662,590.157631680122,1.8163600000000004,0.3289110016000001,0.4872044768548245,2.586981365869097,90.70186628000005,0,1,1,1
0ppb_S20,0,Ac TW  0ppb.xlsx,3.4582000000000006,-0.0833,0.5187177000000001,0.0,2.3950743829127075,7.777120044899954,-60.28431372549008,-0.12900735803867244,29.617647058823486,677.1434063821612,2.0983600000000004,0.32938960320000016,0.7072447557112123,3.0803682847635154,118.31260732000005,0,1,1,1
0ppb_S21,0,Ac TW  0ppb.xlsx,2.2760000000000007,-0.0833,0.3059606100000001,0.0,3.3642760007095145,6.3618944894338645,-38.95098039215677,-0.1633307923287832,20.598039215686285,546.4244521337943,1.2380000000000002,0.21077559360000012,0.5764103043209643,2.6738398827904035,43.585489840000015,0,1,1,1
0ppb_S22,0,Ac TW  0ppb.xlsx,3.5886,-0.0833,0.6609658700000001,0.0,1.6185278729929637,5.486854066427799,-62.4901960784312,-0.08780343815118248,47.941176470588175,561.3225682429857,2.6684,0.16749441599999998,-0.127703145413834,4.133167332258309,182.19632440000004,0,1,1,1
0ppb_S23,0,Ac TW  0ppb.xlsx,3.3494,-0.0833,0.46347248000000013,0.0,3.4292325333770175,10.171194431017536,-58.637254901960645,-0.17345959404176411,25.323529411764696,590.1576316801212,1.873216,0.4973640541440001,0.35923197332758305,2.3065991164357986,100.15755592000002,0,1,1,1
0ppb_S24,0,Ac TW  0ppb.xlsx,2.7174,-0.0833,0.39153448999999996,0.0,2.8688766891891904,7.044425854906882,-43.99999999999988,-0.1601005876115205,22.85294117647061,578.1430219146489,1.5844479999999999,0.24986864089600014,0.3984827459629853,2.6645968511774982,69.00860263999999,0,1,1,1
100ppb_S1,100,Ac TW 100ppb.xlsx,20.448000000000004,-0.1956,2.8358292200000004,0.13010213456147374,3.1605109245360015,167.57699163581543,-144.94323477588836,-1.156156007522003,214.90196078431404,3316.032295271051,11.228816000000002,35.03475853414401,0.17604335245730376,1.6192341659307168,4028.0266824000014,1,1,1,1
100ppb_S2,100,Ac TW 100ppb.xlsx,20.136,-0.2058,2.8719156800000007,0.136819247393847,2.8072092971381406,168.48449197860978,-137.952253176664,-1.2213246837139056,197.54901960784332,3037.2933487120326,11.378624,33.133469018624005,0.10669950411933929,1.6163173676771325,4065.163828800001,1,1,1,1
100ppb_S3,100,Ac TW 100ppb.xlsx,18.903000000000002,-0.1956,2.64074954,0.13135511812677778,3.1404505582137165,154.43267516796945,-134.41646333829357,-1.1489119065668314,200.09803921568653,3001.730103806225,10.456752000000002,29.85555782489601,0.16249862956951183,1.6184726008502412,3479.9805053600003,1,1,1,1
100ppb_S4,100,Ac TW 100ppb.xlsx,19.182000000000002,-0.1956,2.9131825000000005,0.1485953430502064,2.8182299012693943,143.98190045248893,-124.87458527390957,-1.1530120411344542,172.74509803921603,2950.78815840062,11.565439999999999,25.1512062464,0.06845256492401751,1.6859082505280427,3972.7652160000002,1,1,1,1
10ppb_S1,10,Ac TW 10ppb.xlsx,3.6169999999999995,-0.1751,0.7223628400000002,0.0,1.9094729284567953,17.60615303061381,-6.561497326203197,-2.6832523363690206,40.24509803921563,855.9207996924301,2.90108,0.40875853439999993,-0.8961625808275419,2.824709715840553,220.62559252000005,0,1,1,1
10ppb_S2,10,Ac TW 10ppb.xlsx,3.4560000000000004,-0.2058,0.68364695,0.0,1.7118741455489292,18.01925133689842,-7.487754673968078,-2.4064959552620144,42.509803921568576,826.124567474048,2.745608,0.2709351727360001,-0.7880285397427541,3.171833118552697,195.23246156000002,0,1,1,1
10ppb_S3,10,Ac TW 10ppb.xlsx,3.8240000000000007,-0.0833,0.7601139200000002,0.0,1.9765133972874627,8.711038758954864,-69.05882352941163,-0.12613940281280492,41.509803921568576,816.5128796616705,3.0532000000000004,0.46827528960000014,-1.0280765060624066,3.035455340629537,244.7576382400001,0,1,1,1
10ppb_S4,10,Ac TW 10ppb.xlsx,3.6150000000000007,-0.0833,0.7208317000000001,0.0,2.004769299023958,8.331992336245108,-65.03921568627433,-0.12810720806406442,38.50980392156858,838.1391772395243,2.895176,0.4476128682240004,-0.9587055901111516,2.8481990735885807,220.74142348000007,0,1,1,1
10ppb_S5,10,Ac TW 10ppb.xlsx,2.5114,-0.0833,0.46410331,0.0,2.9917564090345956,8.379653268886814,-45.59803921568617,-0.18377222821467576,23.60784313725493,655.9976931949262,1.861328,0.370740876416,-0.8532475919143543,2.275961225612612,95.88207,0,1,1,1
10ppb_S6,10,Ac TW 10ppb.xlsx,2.7613999999999996,-0.0833,0.50574415,0.0,3.078072052791154,9.700096069955872,-50.92156862745084,-0.19049091242500996,24.500000000000014,733.3717800845839,2.028328,0.48008023641599995,-0.7419614244905173,2.06451800416352,114.8548678,0,1,1,1
10ppb_S7,10,Ac TW 10ppb.xlsx,2.7328,-0.1751,0.52813963,0.0,2.356918618691138,15.577362853544878,-5.319895790484022,-2.9281330813676703,24.568627450980358,703.0949634755882,2.11844,0.3442547360000001,-0.840555713340178,2.3801830674961364,120.80106924,0,1,1,1
10ppb_S8,10,Ac TW 10ppb.xlsx,2.7254000000000005,-0.0833,0.5102364000000001,0.0,2.7211549982028034,8.883093012448201,-49.60784313725473,-0.1790663018319604,22.78431372549018,541.6186082276073,2.0469600000000003,0.4113052736,-0.7708600690095921,2.1804205705230313,115.03376288000004,0,1,1,1
10ppb_S9,10,Ac TW 10ppb.xlsx,2.2822,-0.1956,0.42611757999999994,0.0,2.238767902687856,14.545523104346652,-6.059048447644169,-2.400628288424089,22.401960784313694,647.8277585544015,1.7084159999999997,0.19493039974400006,-0.6632142432489441,2.6656815104792444,77.84039071999999,0,1,1,1
10ppb_S10,10,Ac TW 10ppb.xlsx,2.5254000000000008,-0.2058,0.4738022300000001,0.0,1.9534948482316903,15.795187165775408,-6.161357147831722,-2.5635889604831594,28.588235294117638,600.2499038831206,1.9001280000000005,0.18084918041600007,-0.6289749842333111,2.987651325018892,94.78338992000005,0,1,1,1
10ppb_S11,10,Ac TW 10ppb.xlsx,2.7159999999999997,-0.1956,0.51107378,0.0,2.5593667546174137,18.41203894145072,-5.397687013518832,-3.4110979194119,24.156862745098014,659.8423683198766,2.048432,0.35567834457599995,-0.8428606109249079,2.5333411281787352,113.79380008,0,1,1,1
10ppb_S12,10,Ac TW 10ppb.xlsx,2.9216000000000006,-0.1956,0.54326671,0.0,2.2855712363488445,19.25407925407928,-6.992533414776289,-2.7535198063397845,29.44117647058819,752.1145713187257,2.176888,0.31801786905600016,-0.8049832913184453,2.9037021645015293,126.42148084000002,0,1,1,1
10ppb_S13,10,Ac TW 10ppb.xlsx,2.3430000000000004,-0.0833,0.43368969,0.0,2.331064947468959,5.573044221428279,-40.39215686274504,-0.13797342489943817,21.990196078431353,636.7743175701629,1.74304,0.19333708799999996,-0.9681654223125005,2.9904894986546826,80.78813824000001,0,1,1,1
10ppb_S14,10,Ac TW 10ppb.xlsx,3.4626,-0.1956,0.6943576,0.0,1.8073156982692027,18.503907856849054,-7.543779539191259,-2.4528696471997895,43.098039215686214,613.7062668204542,2.785376,0.3308595050240002,-1.0414054214704795,3.443029764384073,202.22947416000002,0,1,1,1
10ppb_S15,10,Ac TW 10ppb.xlsx,3.0254,-0.0833,0.5851771100000001,0.0,2.238715406245375,7.675207400560562,-54.18627450980378,-0.1416448624673746,30.627450980392112,668.0123029603997,2.348728,0.352323602816,-1.0525692811159955,2.997514513834633,146.72117052,0,1,1,1
10ppb_S16,10,Ac TW 10ppb.xlsx,3.333000000000001,-0.1751,0.6705501600000001,0.0,1.938196366681399,16.460865075181857,-6.003907856849041,-2.741691822669113,38.264705882352885,574.7789311803135,2.691392000000001,0.3681658479360002,-1.0126762934184121,3.0642553218774817,190.29391864000007,0,1,1,1
10ppb_S17,10,Ac TW 10ppb.xlsx,2.9802000000000004,-0.2058,0.5969816000000001,0.0,1.9623103666245258,19.449910873440306,-3.5562507982443803,-5.469217998641202,34.803921568627416,643.5024990388317,2.3966000000000003,0.28334436800000007,-1.1754080835759109,3.6800940406812175,150.67589820000006,0,1,1,1
10ppb_S18,10,Ac TW 10ppb.xlsx,2.8954000000000004,-0.1956,0.5625521700000002,0.0,2.0935647143890095,17.303853009735384,-5.928983275895085,-2.9185194500524307,31.16666666666663,761.726259131103,2.2566,0.2954100928000001,-0.9197942023686744,2.96377641281686,134.69134132000005,0,1,1,1
10ppb_S19,10,Ac TW 10ppb.xlsx,3.2468000000000004,-0.1956,0.6491353800000002,0.0,2.016495664919385,19.01679692856166,-5.299271064125254,-3.5885684461964296,36.44117647058818,761.7262591311044,2.6050160000000004,0.370498322944,-1.0426690041334488,3.1504476034201043,178.91516708000003,0,1,1,1
10ppb_S20,10,Ac TW 10ppb.xlsx,3.5984000000000003,-0.0833,0.7304543800000001,0.0,1.8825991419901644,7.756046739792073,-65.18627450980375,-0.11898281959073448,43.3431372549019,630.5267204921204,2.9323520000000003,0.3945489096960001,-1.2019762489901207,3.5821068320670553,224.83092904000003,0,1,1,1
10ppb_S21,10,Ac TW 10ppb.xlsx,2.6662,-0.2058,0.5204220800000001,0.0,2.1006933501418215,18.914973262032095,-3.032149362481395,-6.2381403423190225,29.89215686274507,630.526720492119,2.0885760000000007,0.24469359142400002,-1.149339775476311,3.682085608647189,115.17108248000005,0,1,1,1
10ppb_S22,10,Ac TW 10ppb.xlsx,5.955000000000001,-0.0833,0.9253572000000001,0.0,3.5690312372641624,20.584455539328893,-106.6078431372547,-0.1930857517943306,37.86274509803917,630.0461361015028,3.7235840000000007,1.8763125565440006,-0.3276992317439381,1.9985899602574055,393.53475904000004,0,1,1,1
10ppb_S23,10,Ac TW 10ppb.xlsx,3.7120000000000006,-0.1751,0.7395929800000001,0.0,1.9642705952078574,18.780956012347637,-7.886877828054317,-2.381291611433631,42.156862745097975,679.5463283352576,2.9670320000000006,0.4593884373760001,-0.9831069141249689,3.03978408693718,231.56668316000003,0,1,1,1
10ppb_S24,10,Ac TW 10ppb.xlsx,3.5064,-0.1751,0.7115954900000001,0.0,1.9443705083843492,17.5576399844732,-6.013368983957219,-2.9197676096900747,40.25490196078427,613.2256824298343,2.856088,0.4228258754560001,-1.040827610351594,3.090144182120574,214.50161348000003,0,1,1,1
12ppb_S1,12,Ac TW 12ppb.xlsx,4.1188,-0.1751,0.8479732400000001,0.0,1.7820428507147552,18.92290973366042,-8.003359385712336,-2.3643708624957855,50.99999999999994,660.8035371011144,3.4039040000000007,0.483433632384,-1.1177822177659664,3.39388131900397,301.74990184,0,1,1,1
12ppb_S2,12,Ac TW 12ppb.xlsx,3.2352000000000007,-0.1751,0.6260636800000001,0.0,2.2985761787023615,17.92640241926722,-6.380227615521738,-2.8096807041266194,30.921568627450938,653.5947712418291,2.5114800000000006,0.4649904800000001,-0.8288568835780745,2.4365154604671195,169.31305676000005,0,1,1,1
12ppb_S3,12,Ac TW 12ppb.xlsx,3.8428,-0.1751,0.7370234300000001,0.0,2.2056662687115436,20.53714740775657,-9.993966817496219,-2.05495453234872,37.656862745097996,786.2360630526742,2.95488,0.5941512896,-0.7651558127421557,2.377863638755643,233.1366776000001,0,1,1,1
12ppb_S4,12,Ac TW 12ppb.xlsx,3.1334000000000004,-0.1751,0.58837492,0.0,2.754976436660337,19.20194039161153,-5.851021527492118,-3.2818099030037104,26.0686274509804,745.3863898500582,2.3595840000000003,0.5562287997440002,-0.7843693990391005,2.234328191136483,153.09663632000004,0,1,1,1
150ppb_S1,150,Ac TW 150ppb.xlsx,29.987000000000002,-0.1956,4.159852520000001,0.13209955389542774,2.9775475025419422,239.36329356917628,-222.89699495257435,-1.0738740269697464,305.68627450980443,4541.522491349482,16.464456,78.70133200806401,0.1127722446626811,1.6175514032322063,8744.4910846,1,1,1,1
150ppb_S2,150,Ac TW 150ppb.xlsx,27.911000000000005,-0.2058,3.88428384,0.13381670627781525,2.8173350237410775,235.1504456327988,-196.49513069212557,-1.1967240348629276,275.9803921568631,4200.307574009993,15.378551999999999,66.880580711296,0.10354819908082111,1.610659061973901,7584.511058200002,1,1,1,1
150ppb_S3,150,Ac TW 150ppb.xlsx,27.728,-0.2058,3.8386447400000003,0.13340115321356275,2.889874599786553,239.00784313725512,-196.26614996143047,-1.2177741458943587,282.74509803921603,3700.499807766243,15.187951999999997,67.56163791769599,0.08840697433686043,1.607561304453136,7455.8880968,1,1,1,1
150ppb_S4,150,Ac TW 150ppb.xlsx,28.456,-0.1956,3.9888936200000007,0.13490941440358892,3.0312843544139825,227.39119703825602,-212.32752128414293,-1.0709454698242082,279.80392156862786,4238.754325259513,15.783216,70.202986873344,0.08356087004057529,1.612734424927848,7982.822354400001,1,1,1,1
15ppb_S1,15,Ac TW 15ppb.xlsx,4.287000000000001,-0.1853,0.8001737800000002,0.0,2.264515720081136,25.976940447847323,-12.350032320620555,-2.103390482992846,41.313725490196035,967.8969627066534,3.2055280000000006,0.718485602816,-0.6483922838461011,2.499827905213388,274.84738404000007,0,1,1,1
15ppb_S2,15,Ac TW 15ppb.xlsx,4.494999999999999,-0.2058,0.8269964399999999,0.22725535690316395,1.8808790546647476,26.862032085561502,-15.159378942206889,-1.7719744448614563,52.36274509803914,898.2122260668981,3.3124000000000002,0.6014178303999997,-0.3013950278933628,2.5032765258067666,289.33528975999997,1,1,1,1
15ppb_S3,15,Ac TW 15ppb.xlsx,4.144,-0.1751,0.76283346,0.22325074324711816,2.207072858968897,22.85746951044882,-13.937954202660098,-1.639944369029883,40.77450980392151,964.0522875816987,3.05536,0.6377561824000002,-0.5100204718850045,2.38969980553142,249.32452280000004,1,1,1,1
15ppb_S4,15,Ac TW 15ppb.xlsx,4.428,-0.1751,0.80550622,0.22237061262207816,2.1946867565424273,24.31445481533951,-16.46455505279035,-1.4767757001255124,43.75490196078425,999.6155324875012,3.225088,0.725478285056,-0.3893794224811017,2.3164690833519463,278.16677232,1,1,1,1
15ppb_S5,15,Ac TW 15ppb.xlsx,3.3684000000000007,-0.1956,0.61487084,0.0,2.742818057455541,24.43617167146582,-9.604872968037084,-2.544143139923251,33.07843137254905,760.2845059592479,2.4590240000000003,0.5767141034240002,-0.736388121543676,2.4327334323051035,165.5878284,0,1,1,1
15ppb_S6,15,Ac TW 15ppb.xlsx,3.0848000000000004,-0.1751,0.55409169,0.19834601721998496,2.786529845353376,20.12889172349034,-10.536884683943518,-1.9103266598488515,29.470588235294173,684.3521722414494,2.21496,0.48862079040000034,-0.6311682911015978,2.3102323371221467,134.86671479999998,1,1,1,1
15ppb_S7,15,Ac TW 15ppb.xlsx,3.4684000000000004,-0.1751,0.62975656,0.0,2.797096774193548,22.375507717033614,-10.777320718497192,-2.0761660807430897,32.735294117647115,775.182622068441,2.5190160000000006,0.623782143744,-0.7186051580630144,2.3277656038093237,174.2305938,0,1,1,1
15ppb_S8,15,Ac TW 15ppb.xlsx,3.4106,-0.1751,0.6153211700000001,0.19918944453137225,2.7747404731686673,22.09841851186077,-11.079939668174982,-1.9944529639754514,32.39215686274515,765.5709342560598,2.4607120000000005,0.5928409346560002,-0.6655739973329066,2.329274701051627,166.19861204000009,1,1,1,1
15ppb_S9,15,Ac TW 15ppb.xlsx,2.9506,-0.1956,0.5275474900000001,0.21364453986369322,2.2708102450437138,19.549225284519416,-11.128135858269735,-1.7567385529348705,29.549019607843107,500.7689350249898,2.108736,0.347038783104,-0.3824076528084983,2.3698924792946476,119.84515752000003,1,1,1,1
15ppb_S10,15,Ac TW 15ppb.xlsx,3.4184000000000005,-0.2058,0.6136971400000002,0.22065953811625846,2.013903617297042,23.26238859180037,-11.671558876790765,-1.9930832579749314,39.362745098039184,464.7251057285668,2.4540960000000007,0.39652308518400015,-0.366582340562394,2.5227892778256735,160.47775656000007,1,1,1,1
15ppb_S11,15,Ac TW 15ppb.xlsx,3.8532000000000006,-0.1956,0.6878942000000001,0.21571842619870896,2.2174393444132408,24.967023172905556,-14.629284527727497,-1.7066469057720839,39.90196078431368,646.866589773161,2.7500959999999997,0.5705865795840002,-0.34971501704487706,2.3702993896783218,203.34036472000003,1,1,1,1
15ppb_S12,15,Ac TW 15ppb.xlsx,4.0506,-0.1956,0.7348809900000001,0.21709731190229287,2.24136786188579,26.5348279171809,-13.856586622290484,-1.9149613566804022,41.656862745097975,736.2552864282959,2.939128,0.6250452444160001,-0.5085633675262035,2.551460465957362,231.58796612,1,1,1,1
15ppb_S13,15,Ac TW 15ppb.xlsx,2.9006,-0.2058,0.56375102,0.0,1.8981990471703056,19.4324420677362,-4.2643084376505955,-4.556997307268522,35.64705882352937,658.8811995386384,2.2615999999999996,0.23325483519999995,-1.0968984656346172,3.844861718291669,133.70223488,0,1,1,1
15ppb_S14,15,Ac TW 15ppb.xlsx,3.3622,-0.2058,0.63250365,0.0,2.1766884193080593,23.66880570409985,-8.257615417163377,-2.8663003189642926,35.77450980392152,705.017301038064,2.5327599999999997,0.40298688320000026,-0.8568197143991253,3.088309577125263,170.44650251999997,0,1,1,1
15ppb_S15,15,Ac TW 15ppb.xlsx,3.4776000000000002,-0.1956,0.6394564300000001,0.22405254347069997,2.088297463489624,21.366652954888266,-11.70244989664855,-1.8258273390264577,38.25490196078426,664.1676278354478,2.55944,0.4163109024,-0.4818739869793165,2.5897126578242093,174.17610039999997,1,1,1,1
15ppb_S16,15,Ac TW 15ppb.xlsx,3.672200000000001,-0.1956,0.6846770300000001,0.0,2.172436640715587,23.070889894419334,-10.737590052298398,-2.148609677036513,38.745098039215634,706.9396386005375,2.74144,0.4859727007999999,-0.6765579672219807,2.761712885726351,200.03664936000007,0,1,1,1
15ppb_S17,15,Ac TW 15ppb.xlsx,3.5502000000000002,-0.2058,0.6736032300000001,0.0,1.8031937587615041,22.79821746880572,-7.913593203825658,-2.880893278388938,45.803921568627395,681.4686658977319,2.700192,0.332722324736,-0.694562604586736,3.287338972895583,190.59397904,0,1,1,1
15ppb_S18,15,Ac TW 15ppb.xlsx,3.5142000000000007,-0.1956,0.6466282800000002,0.2198886549895549,2.2455526019834373,22.954476895653396,-10.423915898617407,-2.2020972846392595,35.656862745097996,734.813533256443,2.5886480000000005,0.45987625369600016,-0.6297615398102471,2.69145090288679,179.02436804000007,1,1,1,1
15ppb_S19,15,Ac TW 15ppb.xlsx,3.9738000000000007,-0.1956,0.7456962300000001,0.0,2.0947812335266214,24.4181406828466,-11.945790112638653,-2.044079165346476,43.049019607843064,771.8185313341038,2.98596,0.5457549440000001,-0.6653895636922027,2.7841140371191972,236.54280164000005,0,1,1,1
15ppb_S20,15,Ac TW 15ppb.xlsx,5.1294,-0.1956,0.9215310000000001,0.21389127295997265,2.2796522790300786,34.37796517208285,-18.86845992152632,-1.8219804538929179,52.71568627450975,876.1053440984238,3.682808,1.0532941903359998,-0.46647445110968333,2.4857635597118803,365.40922388,1,1,1,1
15ppb_S21,15,Ac TW 15ppb.xlsx,4.6068,-0.1956,0.8633863,0.2253230720761718,2.096172396847642,28.13643219525575,-14.602404736471073,-1.9268355249037847,49.774509803921504,781.4302191464818,3.456376,0.7474191434239998,-0.6157687522196728,2.650454557353618,317.34885492,1,1,1,1
15ppb_S22,15,Ac TW 15ppb.xlsx,4.1588,-0.1853,0.7536261500000001,0.21487996105433158,2.301647037988134,25.54674804768538,-15.138009049773752,-1.687589693181429,41.235294117647015,769.8961937716282,3.014576000000001,0.6907482058239998,-0.47843081848611635,2.4472809900840695,244.46041664000006,1,1,1,1
15ppb_S23,15,Ac TW 15ppb.xlsx,4.0878000000000005,-0.1751,0.7650298600000001,0.22371373706507397,2.185101242275867,22.572852050807214,-13.827985739750455,-1.632403480567559,42.970588235294066,693.4832756632082,3.062368,0.6295916309760003,-0.6604643823251872,2.6128863096324677,250.1922349600001,1,1,1,1
15ppb_S24,15,Ac TW 15ppb.xlsx,4.3554,-0.1751,0.8374084100000002,0.0,2.253834530438202,24.844872255421862,-11.254970519676409,-2.2074577816074257,43.931372549019564,749.7116493656265,3.354320000000001,0.7730857696,-0.8974791914171322,2.7776236710922717,300.61371080000015,0,1,1,1
200ppb_S1,200,Ac TW 200ppb.xlsx,35.196,-0.2058,4.830616620000001,0.13540181389702213,2.402024481595125,284.41925133689864,-254.3864587023511,-1.11805971429355,377.70588235294093,5185.505574778941,19.127776,116.846146765824,0.02074663827436743,1.6051668613768617,12067.9490368,1,1,1,1
200ppb_S2,200,Ac TW 200ppb.xlsx,35.645,-0.2058,4.97895802,0.13652050744968197,2.6609006975299794,294.542245989305,-257.4870431418479,-1.1439109416742328,348.88235294117607,5195.117262591317,19.707656,113.03717225766403,0.04087408108990162,1.6139192075869477,12535.721931800002,1,1,1,1
200ppb_S3,200,Ac TW 200ppb.xlsx,35.536,-0.2058,4.887365000000001,0.13457074629733262,2.5356775887658407,293.90909090909105,-254.84239815041892,-1.1532974616555496,363.33333333333303,5070.1653210303675,19.34712,115.9405277056,0.04470990146255729,1.6060043344123245,12256.289500000003,1,1,1,1
200ppb_S4,200,Ac TW 200ppb.xlsx,38.129999999999995,-0.1956,5.4819183,0.1391676288317145,2.980955657014197,295.4086109968466,-285.1365963413954,-1.0360248904814466,351.568627450981,5411.3802383698585,21.70032,121.0897310976,0.05142728950414536,1.6343652453801907,14799.84048,1,1,1,1
20ppb_S1,20,Ac TW 20ppb.xlsx,4.777200000000001,-0.1956,0.88054659,0.2147033950294869,2.368514992860543,32.514808720691114,-14.683838733920124,-2.214326192889935,46.66666666666661,888.6005382545172,3.521992,0.9473954863360001,-0.709618025163293,2.6925523573367163,333.7955783600001,1,1,1,1
20ppb_S2,20,Ac TW 20ppb.xlsx,5.1556000000000015,-0.2058,0.95398764,0.2197106357618005,2.2142623992853343,37.243137254902,-14.835191189732452,-2.5104588662583773,55.039215686274446,854.4790465205706,3.815416000000001,0.9927526781440004,-0.7438213510101622,2.9057330831267727,388.7537982800001,1,1,1,1
20ppb_S3,20,Ac TW 20ppb.xlsx,5.1850000000000005,-0.1853,0.9321595000000001,0.21039129948278756,2.3657218987826907,32.49324498895493,-20.41047188106012,-1.5919889152149886,49.80392156862739,884.2752787389434,3.725864000000001,1.1393709239040002,-0.4505515989995549,2.354333960372116,375.5358367600001,1,1,1,1
20ppb_S4,20,Ac TW 20ppb.xlsx,4.7574,-0.1956,0.8699050800000001,0.21273541528368656,2.4277899120210655,33.24304127245306,-14.632920445308969,-2.2717981278378465,45.86274509803916,866.9742406766628,3.478384,0.960810908544,-0.707966739855192,2.707410576015465,326.499154,1,1,1,1
25ppb_S1,25,Ac TW 25ppb.xlsx,6.785,-0.1956,1.1467938800000002,0.19939328672668072,2.478448275862069,47.631564513917525,-29.54269380081633,-1.6122959143489264,62.94117647058816,1235.1018838908162,4.577456,2.0839068720640004,-0.12940660078935032,2.1153772711923784,575.9252576,1,1,1,1
25ppb_S2,25,Ac TW 25ppb.xlsx,5.394,-0.1956,0.8779580400000001,0.18740560030678305,2.634200656352555,38.2312491430139,-26.977233365013532,-1.4171671581636525,48.49019607843144,1016.91657054979,3.5004880000000003,1.476091965056,0.026087017852425724,1.9390174313562683,343.23770508000007,1,1,1,1
25ppb_S3,25,Ac TW 25ppb.xlsx,5.8629999999999995,-0.1853,1.02082388,0.20012880219624452,2.5237176948638917,37.898813516907516,-24.39959060547295,-1.5532561234206372,52.32352941176465,1121.683967704735,4.079104,1.5489788131839999,-0.289300897546068,2.1860679243084133,454.70170640000003,1,1,1,1
25ppb_S4,25,Ac TW 25ppb.xlsx,6.335,-0.1853,1.0494339799999999,0.18758240913524404,2.603011028384531,40.932280677310175,-32.473497091144175,-1.2604826810744936,54.60784313725483,1254.3252595155764,4.187296,1.9726257795840005,-0.0114007631383054,1.9489985690549514,487.65183928,1,1,1,1
25ppb_S5,25,Ac TW 25ppb.xlsx,5.119,-0.1956,0.86218726,0.19103569390080577,2.7830937520387975,37.97744412450299,-23.14667478522375,-1.6407300174600812,50.9705882352942,865.0519031141919,3.4374239999999996,1.360023975424,-0.23758996746371971,2.0593704935340407,329.39769328000006,1,1,1,1
25ppb_S6,25,Ac TW 25ppb.xlsx,4.993,-0.2058,0.8080326200000001,0.19624291081268036,2.38361212954476,38.51889483065956,-22.73476327815652,-1.694272966882764,50.647058823529385,781.4302191464798,3.2214880000000004,1.189946499456,0.012659898536395228,1.9500999109319308,289.19828584000004,1,1,1,1
25ppb_S7,25,Ac TW 25ppb.xlsx,5.063000000000001,-0.1853,0.83595332,0.18387301012302432,3.098379516302751,37.093317058428745,-24.779250161603112,-1.496950747763425,48.117647058823536,918.8773548635155,3.330304,1.4796659395840004,-0.20733674508979733,2.011310318838607,314.26476679999996,1,1,1,1
25ppb_S8,25,Ac TW 25ppb.xlsx,5.414,-0.1853,0.9038403400000002,0.1840436193026926,3.130275908323503,38.69251521651617,-25.47586726998492,-1.5187908936118064,50.5588235294118,998.1737793156503,3.603192000000001,1.6678701583360003,-0.3080623805728052,2.051958626485893,366.2715686800001,1,1,1,1
25ppb_S9,25,Ac TW 25ppb.xlsx,4.6708,-0.1956,0.8000464200000001,0.20722382470648068,2.151133872483097,30.422871246400703,-23.10538753105573,-1.3167003239183768,50.86274509803917,668.012302960401,3.191392000000001,0.9931554319360001,-0.11105298438725497,1.9606805158022023,279.45345824000003,1,1,1,1
25ppb_S10,25,Ac TW 25ppb.xlsx,5.680000000000001,-0.1956,0.9423479000000001,0.19429307714329908,2.3774444146798817,40.00952968600032,-29.34938061367353,-1.3632154699496573,57.45098039215682,862.1683967704718,3.754368000000001,1.657079538176,-0.0539935270128373,1.8807857569875939,393.80896544000007,1,1,1,1
25ppb_S11,25,Ac TW 25ppb.xlsx,6.029,-0.2058,1.01816138,0.20871283870374155,2.049899358067675,42.69215686274515,-26.70348449077188,-1.598748540756866,71.28431372549014,955.8823529411777,4.0630239999999995,1.5871414122240004,-0.04159935312547807,1.9602086453922885,452.3826359199999,1,1,1,1
25ppb_S12,25,Ac TW 25ppb.xlsx,5.437,-0.1956,0.9121149500000001,0.19975991243564756,2.3356014914858156,38.20944741532982,-26.326795065780864,-1.4513520282229049,56.06862745098033,904.9404075355664,3.6363360000000005,1.4395117623040001,-0.07265642294898715,1.9532775335458155,366.5612816800001,1,1,1,1
25ppb_S13,25,Ac TW 25ppb.xlsx,4.0312,-0.1956,0.6971646100000001,0.20557426046233562,2.434181923578571,28.473124914301405,-16.537044963255823,-1.7217782849092282,39.460784313725455,745.8669742406768,2.783416,0.7205510173440001,-0.2728947475050777,2.267785911991673,211.69889116000004,1,1,1,1
25ppb_S14,25,Ac TW 25ppb.xlsx,5.0412,-0.2058,0.84097676,0.1986863746952231,2.4665818573245915,38.29750445632802,-22.37164872829867,-1.7118767115221234,48.970588235294066,940.9842368319887,3.354336,1.2048233367040004,-0.07210817114916143,2.0610181286838047,311.40983344,1,1,1,1
25ppb_S15,25,Ac TW 25ppb.xlsx,5.332000000000001,-0.1956,0.9283342000000001,0.20936012902295748,2.2274580576164693,34.9655834361717,-24.053300229341808,-1.453670935081015,56.25490196078425,849.1926182237611,3.7058320000000005,1.215715547776,-0.1973334436164744,2.124953103405891,373.722659,1,1,1,1
25ppb_S16,25,Ac TW 25ppb.xlsx,4.717800000000001,-0.1956,0.7750477700000001,0.19084224363548602,2.7320423432396757,34.75387357740304,-22.39736413921184,-1.5516948048613555,43.15686274509804,932.3337178008422,3.089816000000001,1.1427077181440004,-0.08278524928462216,2.026246274277653,267.24176580000005,1,1,1,1
25ppb_S17,25,Ac TW 25ppb.xlsx,4.718000000000001,-0.1956,0.8046393100000001,0.20846650824396928,2.018205773146485,28.88907171260117,-24.007499490956473,-1.2033353045986137,54.22549019607838,804.9788542868106,3.2115040000000006,0.989037261184,-0.04831200302656629,1.9106095225488984,282.5698800800001,1,1,1,1
25ppb_S18,25,Ac TW 25ppb.xlsx,4.9026000000000005,-0.1956,0.8224147700000001,0.19650778486132958,2.5331197685233025,34.75298231180589,-23.019162808788735,-1.5097413663774588,45.98039215686269,875.1441753171879,3.279936,1.164777093504,-0.11903335218382549,2.0458445979272337,298.06893144000003,1,1,1,1
25ppb_S19,25,Ac TW 25ppb.xlsx,5.33,-0.2058,0.9188747399999999,0.20979094887720975,2.2306855277475517,38.70427807486633,-21.867269170360405,-1.7699639480967904,57.137254901960716,949.6347558631325,3.6685280000000002,1.1907850780159999,-0.1844491662350969,2.192609839258891,366.22206912,1,1,1,1
25ppb_S20,25,Ac TW 25ppb.xlsx,5.532,-0.1956,0.9564583200000001,0.20644931090474394,2.31654411148892,37.79692856163449,-24.538426762742173,-1.5403158860625616,56.52941176470583,945.7900807381783,3.8171759999999995,1.3562825354240002,-0.20787421845684223,2.1484979274445832,398.17787876,1,1,1,1
25ppb_S21,25,Ac TW 25ppb.xlsx,5.489,-0.1956,0.9288285599999999,0.20651658477208354,2.174102474729871,35.42431098313455,-27.12749010965573,-1.3058455035810947,58.60784313725485,972.2222222222213,3.7064399999999993,1.3524458783999997,-0.03572920347274545,1.9468164626916893,377.2535837999999,1,1,1,1
25ppb_S22,25,Ac TW 25ppb.xlsx,5.709000000000001,-0.1956,0.9984991600000002,0.21326464313249138,2.0538039802570043,34.71143562320038,-27.193337044553086,-1.2764684071811332,64.41176470588229,949.1541714725112,3.9874000000000005,1.3380348896000003,-0.13352642548997104,2.057203333402125,430.9348412400002,1,1,1,1
25ppb_S23,25,Ac TW 25ppb.xlsx,5.6930000000000005,-0.1956,0.9619269000000001,0.19699952512229152,2.5868336392882463,41.123954476895726,-26.510251070740807,-1.551247265337444,53.04901960784308,1031.3341022683592,3.8353600000000005,1.6140892608000008,-0.19131275596037098,2.084305170311762,408.1018897600001,1,1,1,1
25ppb_S24,25,Ac TW 25ppb.xlsx,6.302000000000001,-0.1956,1.1175365000000002,0.21031809772597876,2.2859837492745214,42.74962292609358,-25.934828673180846,-1.6483479981612865,65.75490196078424,934.7366397539433,4.461448000000002,1.689797303296,-0.37553156395109716,2.3269463286020358,539.8578890000001,1,1,1,1
2ppb_S1,2,Ac TW 2ppb.xlsx,3.5687999999999995,-0.0833,0.52665308,0.0,2.839502243722351,10.020221104089526,-62.37254901960767,-0.1606511399901186,25.705882352941067,489.23490965013264,2.1284559999999995,0.47336467366400004,0.3318570146273586,2.330953606516221,125.09224043999998,0,1,1,1
2ppb_S2,2,Ac TW 2ppb.xlsx,3.653199999999999,-0.0833,0.5423155399999999,0.0,2.9495543211471387,10.380043687117919,-63.45098039215668,-0.16359154142243987,25.627450980392037,529.1234140715111,2.190224,0.5031548170239999,0.1982351202991338,2.3769018240708304,132.50589967999997,0,1,1,1
2ppb_S3,2,Ac TW 2ppb.xlsx,2.8638000000000003,-0.0833,0.4490862300000001,0.0,2.538109756097561,7.649668812205913,-49.637254901960645,-0.15411143962966725,23.862745098039124,475.77854671280056,1.8134400000000002,0.2686656032000001,0.09464115314653868,2.310992050809718,88.93075592000002,0,1,1,1
2ppb_S4,2,Ac TW 2ppb.xlsx,2.5664000000000007,-0.0833,0.31882430000000006,0.0,4.104663809097306,7.869305927892071,-42.08823529411755,-0.1869716293139979,23.19607843137254,540.1768550557478,1.2931200000000005,0.3287576064000001,0.5924444122872187,2.4110839445444063,50.02292352000002,0,1,1,1
50ppb_S1,50,Ac TW 50ppb.xlsx,11.274000000000001,-0.1956,1.70369672,0.14438254054790786,3.039108916229068,86.0580693815989,-67.9157188574008,-1.2671303614158995,107.74509803921586,1955.9784698192989,6.771752,8.138151828096001,0.1496152536392596,1.753420247056431,1349.86942444,1,1,1,1
50ppb_S2,50,Ac TW 50ppb.xlsx,10.362,-0.1956,1.5283376400000002,0.1384844749619193,3.031278156776934,81.60516934046353,-64.63337545528522,-1.262585603268079,104.90196078431393,1855.0557477893117,6.068728,7.350751596415998,0.17557126070323825,1.703655041134915,1104.50527836,1,1,1,1
50ppb_S3,50,Ac TW 50ppb.xlsx,10.433000000000002,-0.1956,1.55247168,0.14291758674201707,2.781154366996151,80.28493075551914,-65.75512488690732,-1.2209684171933628,99.01960784313735,1772.3952326028507,6.163856000000001,7.477459688064003,0.13444046716599437,1.6863169447752981,1136.7645119200001,1,1,1,1
50ppb_S4,50,Ac TW 50ppb.xlsx,10.43,-0.2058,1.53440864,0.13989681095310155,2.7197154598744184,84.41675579322641,-63.96155403553718,-1.3198046399298597,102.94117647058835,1808.4390618992738,6.094056,7.466882993664001,0.17572398084095092,1.6787389754315258,1115.1100381200001,1,1,1,1
5ppb_S1,5,Ac TW 5ppb.xlsx,3.0820000000000003,-0.0833,0.53141446,0.0,2.1562701144600234,6.823628487800398,-53.87254901960774,-0.1266624396279603,29.470588235294088,625.7208765859289,2.142632,0.2295187669760001,-0.3593560512376278,2.9720761580064723,120.50976636000001,0,1,1,1
5ppb_S2,5,Ac TW 5ppb.xlsx,2.8866,-0.0833,0.5423347999999999,0.0,1.7716593425478115,5.02420268048638,-50.53921568627444,-0.09941196380399835,33.89215686274504,619.4732795078828,2.185856,0.143541662464,-0.744130806554548,3.6479976272491985,123.03770287999998,0,1,1,1
5ppb_S3,5,Ac TW 5ppb.xlsx,4.189000000000001,-0.0833,0.6506424100000001,0.0,2.8151881720430096,12.145703171583728,-73.99999999999991,-0.16413112394032084,30.568627450980358,775.6632064590563,2.624752000000001,0.6686068008960001,-0.022863536074693398,2.2242287761957815,188.9482465600001,0,1,1,1
5ppb_S4,5,Ac TW 5ppb.xlsx,3.4488000000000008,-0.0833,0.6267379800000001,0.0,1.9481663917572363,6.942873225452097,-60.362745098039056,-0.11501917638397202,36.3039215686274,732.8911956939653,2.5258320000000003,0.25066858457600005,-0.6157073670252721,3.167447514481654,165.76239692000007,0,1,1,1
5ppb_S5,5,Ac TW 5ppb.xlsx,2.8818000000000006,-0.0833,0.40628213000000013,0.0,4.132679401135776,10.147916858543457,-50.78431372549007,-0.19982384547711105,18.774509803921575,644.4636678200692,1.6391360000000004,0.4674433335040002,0.003959490868705215,1.9448970660102813,78.85525400000004,0,1,1,1
5ppb_S6,5,Ac TW 5ppb.xlsx,2.548800000000001,-0.0833,0.36386713,0.0,4.098012733937876,8.942451554296442,-45.36274509803912,-0.19713206365641647,16.61764705882355,608.9004229142643,1.4675120000000001,0.3633352034560001,-0.06662383953780229,1.9372009783657067,62.923166840000015,0,1,1,1
5ppb_S7,5,Ac TW 5ppb.xlsx,2.5834,-0.0833,0.42046699,0.0,2.6406492763104104,6.987224210262351,-45.55882352941164,-0.15336709047703073,19.490196078431353,592.0799692426002,1.6948480000000001,0.22850364569600007,-0.27321516716912597,2.4418193859422437,77.52533471999999,0,1,1,1
5ppb_S8,5,Ac TW 5ppb.xlsx,3.016,-0.0833,0.44925441999999993,0.0,3.398999233647389,9.762993360077386,-53.21568627450965,-0.1834608184834002,18.284313725490208,625.7208765859298,1.81196,0.43022577280000024,-0.050873188679928544,2.0591593155777677,92.83562035999998,0,1,1,1
5ppb_S9,5,Ac TW 5ppb.xlsx,1.9407999999999999,-0.0833,0.32602957999999993,0.0,2.515684139575881,4.734915003510411,-32.68627450980383,-0.14485942722197456,15.411764705882323,538.2545174932714,1.3141199999999997,0.11758082560000004,-0.5303235838162251,2.642081322449544,46.11230499999999,0,1,1,1
5ppb_S10,5,Ac TW 5ppb.xlsx,2.3026,-0.0833,0.4026328,0.0,2.2502149949183026,4.850758616284474,-40.32352941176463,-0.12029598319013306,22.294117647058783,544.5021145713176,1.6210639999999998,0.1389764599040001,-0.7173163022527637,3.388302291184222,69.1706238,0,1,1,1
5ppb_S11,5,Ac TW 5ppb.xlsx,2.0732,-0.0833,0.37162019999999996,0.0,2.4479289661361174,5.280415549904569,-35.480392156862685,-0.14882630176575487,18.58823529411757,591.5993848519804,1.4946799999999996,0.1541362784,-0.8201588730246059,2.659198118073753,59.705114519999974,0,1,1,1
5ppb_S12,5,Ac TW 5ppb.xlsx,2.2662,-0.0833,0.40613425,0.0,2.362593828190159,5.630275593056202,-39.90196078431365,-0.1411027298505488,21.127450980392123,476.2591311034205,1.6333840000000002,0.16903847334400002,-0.8273916919065675,2.8306223541282316,70.92454412,0,1,1,1
5ppb_S13,5,Ac TW 5ppb.xlsx,2.5089999999999995,-0.0833,0.37137595999999995,0.0,2.7344260865774452,6.145237553322777,-42.98039215686262,-0.14297769854902487,21.32352941176471,490.1960784313725,1.5006239999999997,0.19641946982399996,0.37301589994861595,2.9998870740228325,61.20729647999997,0,1,1,1
5ppb_S14,5,Ac TW 5ppb.xlsx,3.1031999999999997,-0.0833,0.56231321,0.0,2.0718386967552407,6.796390462904065,-54.745098039215556,-0.12414610086250291,34.45098039215682,402.2491349480947,2.262976,0.23598275942400002,-0.8519704824685451,3.560769013691593,133.9260784,0,1,1,1
5ppb_S15,5,Ac TW 5ppb.xlsx,2.9750000000000005,-0.0833,0.5333527400000002,0.0,2.1695058631351727,6.865160184971777,-52.41176470588222,-0.13098509892763244,30.509803921568516,545.4632833525579,2.146536,0.23838756070399994,-0.7726726539868974,3.1589277395074085,121.15010900000009,0,1,1,1
5ppb_S16,5,Ac TW 5ppb.xlsx,2.2611999999999997,-0.0833,0.39736247,0.0,2.200381456541201,5.134719306918511,-38.22549019607833,-0.13432710164290573,22.568627450980294,600.730488273742,1.60096,0.13477530880000002,-0.6374983175493688,2.9610422329262494,67.44620576,0,1,1,1
5ppb_S17,5,Ac TW 5ppb.xlsx,2.8386,-0.0833,0.45713621000000004,0.0,2.4635492605707143,6.594070098635352,-50.166666666666586,-0.1314432577801069,25.696078431372506,552.6720492118417,1.8427919999999998,0.22470275033599993,-0.1224168126554007,3.261039181330707,90.51462764,0,1,1,1
5ppb_S18,5,Ac TW 5ppb.xlsx,2.993,-0.0833,0.58692767,0.0,1.847348410033577,5.626769582406987,-52.83333333333318,-0.10650037064492751,36.28431372549016,553.6332179930804,2.3597439999999996,0.209512232064,-1.2232721190432942,4.000493459963762,144.44759943999998,0,1,1,1
5ppb_S19,5,Ac TW 5ppb.xlsx,2.9364,-0.0833,0.53377729,0.0,2.185146599196308,7.096726646711973,-51.67647058823513,-0.13732994080148428,29.980392156862628,592.5605536332182,2.147408,0.25428451033599997,-0.804518820162481,2.904387137732609,121.64114072000001,0,1,1,1
5ppb_S20,5,Ac TW 5ppb.xlsx,3.0218,-0.0833,0.5338293199999999,0.0,2.0570456092579987,6.649724744135544,-52.49999999999985,-0.12666142369782024,31.607843137254772,580.0653594771239,2.1513599999999995,0.21279327679999993,-0.5022927018922508,3.079972287852894,121.02857816,0,1,1,1
5ppb_S21,5,Ac TW 5ppb.xlsx,2.5732000000000004,-0.0833,0.44330701000000006,0.0,2.5416831291979456,6.341971776951216,-44.4607843137254,-0.1426419230979108,23.745098039215595,490.1960784313739,1.7831200000000005,0.21550669760000002,-0.8386760158303664,3.2386185525136755,84.87559080000003,0,1,1,1
5ppb_S22,5,Ac TW 5ppb.xlsx,3.0216,-0.0833,0.5302121,0.0,2.3581931133518554,7.7073309199048,-53.372549019607646,-0.1444062736646386,29.35294117647055,549.3079584775093,2.133344,0.29062055846400003,-0.6979674005821457,2.776793503344158,121.04442952000001,0,1,1,1
5ppb_S23,5,Ac TW 5ppb.xlsx,3.1178000000000003,-0.0833,0.5346390000000001,0.0,2.4189243707910504,7.825709747812735,-54.372549019607725,-0.1439275864184819,28.568627450980284,551.7108804306033,2.152368,0.2981113301760001,-0.6242474235601482,2.8982316418185468,123.26998343999999,0,1,1,1
5ppb_S24,5,Ac TW 5ppb.xlsx,2.7588000000000004,-0.0833,0.55269754,0.0,1.682400292718624,4.849297152328207,-48.70588235294112,-0.09956286423862273,35.01960784313721,628.6043829296412,2.2243280000000003,0.150864764416,-1.0438746624382829,3.5743900256439365,127.46249540000004,0,1,1,1
75ppb_S1,75,Ac TW 75ppb.xlsx,15.998000000000001,-0.1956,2.3004253000000006,0.13402238650454668,3.3374778864448085,127.50075414781315,-108.98977681317301,-1.1698414096798373,162.94117647058846,2628.7966166858896,9.120448,19.360659690496004,0.16720251791843796,1.6552198332157586,2563.58078528,1,1,1,1
75ppb_S2,75,Ac TW 75ppb.xlsx,15.511,-0.1956,2.1822560200000005,0.1306515370405457,3.3395483826518304,126.42211709858785,-106.49680007583707,-1.1870978002020889,166.27450980392172,2609.573241061125,8.647816,18.831211126143998,0.1949228146084562,1.642967438445176,2340.3983174,1,1,1,1
75ppb_S3,75,Ac TW 75ppb.xlsx,15.063,-0.2058,2.19851004,0.14060911646550733,2.7125877903835764,121.79286987522293,-98.18709298110603,-1.2404162927876816,143.137254901961,2301.999231064978,8.72132,16.815363283200004,0.1210343372257588,1.6562819528493082,2321.9196456400005,1,1,1,1
7ppb_S1,7,Ac TW 7ppb.xlsx,3.1837999999999997,-0.0833,0.54989852,0.0,2.57789221401736,8.994027070394072,-56.51960784313711,-0.1591310947407108,27.078431372548884,570.4536716647458,2.2122479999999998,0.3833969992960001,-0.6206232079937398,2.3814338049470694,131.93595531999998,0,1,1,1
7ppb_S2,7,Ac TW 7ppb.xlsx,3.1288000000000005,-0.0833,0.50987665,0.0,2.826071247922538,8.950232146789535,-53.01960784313712,-0.16880985188101605,22.71568627450978,724.7212610534393,2.0545120000000003,0.37510943065600005,-0.44842697829827016,2.3026019947406953,114.90322472000004,0,1,1,1
7ppb_S3,7,Ac TW 7ppb.xlsx,2.8776,-0.0833,0.54240088,0.0,2.1151980241686514,7.229818318806457,-51.24509803921558,-0.14108312005323514,29.15686274509793,577.1818531334078,2.1811760000000002,0.26952942822400006,-0.7769628132592103,2.509953774973575,125.67645428,0,1,1,1
7ppb_S4,7,Ac TW 7ppb.xlsx,3.396000000000001,-0.0833,0.5819841600000001,0.0,2.565807368007495,9.765355789182367,-60.65686274509791,-0.1609934201546151,27.80392156862734,614.6674356016936,2.3424400000000003,0.4404744032000001,-0.5105073470025674,2.1850142794932177,148.18748892000005,0,1,1,1
